OBJECTID;LAND;BEZ;LOR;LOR_ab_2021;UJAHR;UMONAT;USTUNDE;UWOCHENTAG;UKATEGORIE;UART;UTYP1;ULICHTVERH;IstRad;IstPKW;IstFuss;IstKrad;IstGkfz;IstSonstige;USTRZUSTAND;LINREFX;LINREFY;XGCSWGS84;YGCSWGS84
5338;11;8;8020619;8200622;2020;8;18;5;3;3;6;0;0;1;0;0;1;0;0;801929,6871;5821832,805;13,44521034;52,46300692
5339;11;1;1011303;1100310;2020;7;7;1;2;9;1;0;0;0;0;1;0;0;0;799359,9016;5827978,03;13,4130195;52,51950391
5340;11;4;4030621;4300620;2020;6;18;1;2;5;3;0;0;0;0;1;0;1;0;793992,8987;5826975,133;13,33326368;52,5134335
5341;11;6;6030503;6300527;2020;3;15;2;2;2;6;0;0;1;0;0;0;0;0;790584,4191;5818560,34;13,27584562;52,43982033
5342;11;3;3071639;3701660;2020;9;8;6;3;1;5;0;1;1;0;0;0;0;1;800436,1635;5829668,417;13,43036109;52,53406344
5343;11;9;9010101;9100101;2020;12;14;1;3;2;6;0;0;1;0;0;0;0;0;802852,4094;5825454,129;13,46203958;52,49495413
5344;11;1;1011104;1100104;2020;6;12;4;3;0;6;0;0;0;0;1;0;1;0;796123,7781;5825652,998;13,36339675;52,50042907
5346;11;4;4030417;4300414;2020;3;13;2;3;0;2;0;1;1;0;0;0;0;0;791231,7103;5826510,527;13,29228367;52,51074969
5347;11;1;1011303;1100310;2020;9;13;7;3;5;2;0;1;1;0;0;0;0;0;799762,4411;5828628,19;13,41952034;52,52511044
5348;11;7;7050502;7501133;2020;7;11;4;3;2;6;0;0;1;0;0;0;1;0;798192,196;5818900,192;13,38774267;52,43877174
5349;11;12;12103218;12100205;2020;3;17;1;3;5;3;0;0;1;0;0;0;0;0;794559,3062;5833815,04;13,34765149;52,57444267
5350;11;2;2040701;2400521;2020;10;20;7;3;5;3;2;1;1;0;0;0;0;0;800962,234;5827853,092;13,43645054;52,51750213
5351;11;10;10040933;10400941;2020;8;8;2;3;5;7;0;0;1;0;0;0;0;0;813220,2686;5827192,26;13,61589822;52,50467921
5352;11;12;12103219;12100204;2020;7;14;6;2;5;2;0;1;1;0;0;0;0;1;795766,232;5832695,668;13,36441129;52,56375409
5353;11;7;7040403;7400825;2020;6;10;3;3;5;2;0;1;0;0;0;0;1;0;797880,3873;5820449,327;13,38455036;52,45282802
5354;11;4;4030417;4300414;2020;10;19;6;3;6;2;2;0;1;1;0;0;0;1;791028,4986;5826477,264;13,28926869;52,51055994
5355;11;11;11041027;11401034;2020;3;17;7;2;2;6;0;0;1;0;0;0;0;0;807427,3188;5827459,832;13,5310679;52,51037197
5356;11;2;2050602;2500728;2020;9;16;3;3;2;6;0;0;1;0;0;0;0;0;802784,2877;5827666,38;13,46305105;52,51482014
5357;11;1;1044102;1400940;2020;11;9;5;3;5;2;0;1;1;0;0;0;0;1;795862,1071;5832067,04;13,36526112;52,55806697
5358;11;7;7040403;7400824;2020;6;7;4;2;5;2;0;0;1;0;0;0;1;0;797848,686;5822305,299;13,38574131;52,46948207
5359;11;4;4051656;4501151;2020;8;11;2;3;3;6;0;0;1;0;0;1;0;0;793763,182;5822988,615;13,32637274;52,47781998
5360;11;10;10040830;10400837;2020;6;17;3;3;0;2;0;1;1;0;0;0;0;0;811482,3167;5827127,436;13,59031509;52,50509317
5361;11;11;11030721;11300722;2020;3;10;6;3;2;6;0;0;1;0;0;0;0;0;803637,1323;5827577,823;13,47549959;52,51355233
5362;11;4;4061757;4200207;2020;10;18;2;2;2;6;1;0;1;0;0;0;0;1;787751,2652;5821756,058;13,23703511;52,46997025
5363;11;2;2010101;2100101;2020;12;17;7;3;5;3;2;1;1;0;0;0;0;1;797856,9888;5825503,342;13,38872068;52,49814432
5364;11;2;2050602;2500727;2020;8;0;3;3;5;3;2;0;0;0;1;0;1;0;802141,9378;5827763,599;13,45370218;52,51604772
5365;11;6;6040703;6400737;2020;7;15;6;3;2;7;0;1;1;0;0;0;0;0;786083,4569;5816689,736;13,20821048;52,42542167
5366;11;12;12103115;12100103;2020;5;13;3;2;5;2;0;0;1;0;0;0;0;0;795336,5269;5833744,859;13,35902459;52,57339236
5367;11;3;3061435;3601452;2020;10;19;1;3;2;6;2;0;1;0;0;0;0;0;801342,6352;5829335,751;13,44338312;52,53058132
5369;11;4;4030724;4300415;2020;3;16;4;3;2;6;0;0;1;0;0;0;0;0;790680,136;5826115,005;13,28383365;52,50749802
5370;11;3;3061126;3601141;2020;9;13;5;3;6;4;0;1;0;1;0;0;0;0;799215,2698;5831332,817;13,41391449;52,54965382
5371;11;12;12214422;12200310;2020;11;7;3;3;2;6;2;0;1;0;0;0;0;1;791725,8289;5833267,448;13,30547706;52,57105991
5372;11;4;4010101;4100101;2020;5;16;7;3;2;6;0;0;1;0;0;0;0;0;790678,9267;5828867,108;13,28622084;52,5321713
5373;11;5;5020629;5200634;2020;8;17;3;3;2;6;0;0;1;0;1;0;0;0;785242,341;5826252,871;13,20405014;52,51160461
5374;11;2;2010101;2100101;2020;6;8;4;3;0;1;0;1;0;0;0;0;0;0;797689,8588;5825559,076;13,38631579;52,4987351
5375;11;2;2050602;2500727;2020;5;9;5;3;0;2;0;0;1;0;1;0;0;0;802180,2986;5827726,355;13,45423195;52,51569265
5376;11;2;2040703;2400625;2020;3;20;4;3;3;6;2;1;0;0;0;0;0;0;801871,7092;5826518,022;13,44860225;52,50503317
5377;11;3;3071638;3701659;2020;9;6;4;3;5;2;1;1;1;0;0;0;0;0;800018,6726;5828992,582;13,42361461;52,52823567
5378;11;7;7060601;7601236;2020;12;18;6;3;2;5;2;0;1;0;0;0;1;0;796742,8711;5816080,7;13,36398254;52,41428555
5379;11;8;8010510;8100521;2020;8;15;4;3;2;6;0;0;0;0;0;0;1;0;802665,8989;5821711,32;13,45590363;52,46151077
5380;11;6;6030605;6300629;2020;6;18;7;3;1;1;0;1;1;0;0;0;0;0;791644,2145;5819189,791;13,29194208;52,44489924
5381;11;4;4020310;4200308;2020;3;16;4;3;2;6;0;0;1;0;0;0;0;0;790470,8588;5828475,319;13,28281975;52,52876983
5382;11;12;12103219;12100204;2020;10;13;3;3;2;6;0;0;1;0;0;0;0;0;795665,5678;5832925,98;13,36313579;52,56587328
5383;11;7;7030303;7300619;2020;12;12;3;3;5;3;0;1;1;0;0;0;0;1;795625,0117;5823228,937;13,35392001;52,47896967
5384;11;7;7050502;7501133;2020;8;16;4;3;5;3;0;1;1;0;0;0;0;0;798254,5318;5818709,699;13,38848701;52,43703019
5385;11;6;6040701;6400735;2020;7;19;1;3;8;1;0;1;0;0;0;0;0;1;783513,9903;5816018,877;13,16995493;52,42074393
5386;11;3;3071633;3701657;2020;5;5;5;3;5;2;1;1;1;0;0;0;0;0;800294,4596;5830050,958;13,42862391;52,53757035
5387;11;4;4030623;4300622;2020;10;8;2;3;2;6;0;0;1;0;0;0;1;1;793395,5021;5826857,496;13,32438201;52,51270061
5389;11;7;7070703;7601544;2020;3;8;4;3;6;2;0;0;1;1;0;0;0;0;799954,5303;5813355,39;13,40862271;52,38810627
5390;11;4;4030622;4300621;2020;9;13;5;3;3;6;0;1;0;0;0;0;0;0;792136,1005;5826640,813;13,30568644;52,51143408
5391;11;1;1011105;1100102;2020;11;17;3;3;2;2;2;0;1;0;0;0;0;1;796683,7223;5826213,568;13,37212095;52,50514988
5392;11;5;5020629;5200634;2020;5;16;7;3;0;7;0;1;0;0;0;0;0;0;785119,3211;5826286,152;13,20227083;52,51196733
5393;11;6;6030605;6300629;2020;8;14;3;3;5;3;0;1;1;0;0;0;0;0;792817,1102;5820000,843;13,30986088;52,45154332
5394;11;3;3020209;3200206;2020;6;18;5;3;5;5;0;0;1;0;1;0;0;1;798052,0947;5834056,436;13,39925726;52,57470493
5395;11;2;2050803;2500835;2020;5;18;5;3;0;3;0;1;0;0;0;0;1;0;802891,5189;5825793,621;13,46292259;52,49797527
5396;11;3;3061332;3701657;2020;3;15;3;3;5;2;0;0;1;0;0;0;1;0;799985,4857;5830223,66;13,42423797;52,5392885
5397;11;7;7040403;7400824;2020;10;5;5;2;5;2;2;0;1;0;1;0;0;0;797832,147;5822304,915;13,38549821;52,46948764
5398;11;6;6040703;6400737;2020;12;5;7;3;3;6;2;0;1;0;0;0;0;0;785987,4972;5819138,193;13,20889791;52,44742478
5399;11;4;4020314;4200311;2020;8;17;5;3;2;6;0;0;1;0;0;0;0;0;790516,8416;5825626,018;13,28100774;52,5032012
5400;11;12;12103218;12100205;2020;6;13;1;3;0;1;0;0;0;0;1;0;0;1;794558,8443;5833836,157;13,34766345;52,57463222
5401;11;7;7070701;7601442;2020;3;18;3;2;5;7;1;0;1;0;1;0;0;0;799188,5199;5816482,563;13,40019349;52,41655655
5402;11;12;12103117;12100101;2020;10;16;2;3;0;3;0;0;1;0;1;0;0;0;795798,2838;5832425,552;13,36464196;52,56131535
5404;11;6;6040703;6400737;2020;3;16;3;2;0;1;0;1;0;0;0;0;0;0;786755,8688;5817035,522;13,21836888;52,42816997
5405;11;7;7020202;7200308;2020;11;14;5;3;6;4;0;1;0;1;0;0;0;0;795225,438;5823516,568;13,34830826;52,48176423
5406;11;1;1011303;1100310;2020;9;10;4;3;3;6;0;1;1;0;0;0;0;0;799363,1747;5828007,154;13,4130938;52,51976316
5407;11;4;4041133;4400725;2020;3;9;3;3;5;3;0;0;1;0;0;1;0;0;790655,6435;5825027,395;13,28252441;52,49776059
5408;11;4;4020311;4200310;2020;10;16;7;3;2;6;0;0;1;0;0;0;0;0;789032,0204;5826140,458;13,25964016;52,5086019
5409;11;2;2040503;2400522;2020;8;14;5;3;2;6;0;0;1;0;0;0;0;0;801634,2608;5827784,223;13,446262;52,51651358
5410;11;6;6030503;6300527;2020;7;16;6;3;2;6;0;0;1;0;0;0;1;1;790177,3122;5818303,864;13,26965058;52,43773711
5411;11;7;7070701;7601442;2020;6;8;6;3;2;6;0;0;1;0;0;0;0;0;799225,4524;5816338,779;13,40060638;52,41524751
5412;11;4;4030416;4300413;2020;3;5;3;3;2;6;1;0;1;0;0;0;0;0;790817,5152;5826888,055;13,2865276;52,51435521
5413;11;7;7020203;7200411;2020;9;17;5;2;2;6;0;0;1;0;0;0;0;0;795925,4475;5824398,251;13,35936894;52,4892889
5414;11;7;7040406;7400928;2020;12;16;6;3;2;6;2;0;1;0;0;0;0;0;799851,1849;5821460,522;13,41437379;52,46081446
5415;11;1;1033203;1300836;2020;6;17;3;3;2;6;0;0;1;0;0;0;0;0;796196,345;5830204,339;13,36851551;52,5411881
5417;11;4;4030622;4300621;2020;3;14;3;3;5;2;0;1;1;0;0;0;0;0;792758,6973;5826766,759;13,31494522;52,51222935
5418;11;4;4030417;4300414;2020;9;9;6;3;0;6;0;0;1;0;1;0;0;1;791443,1333;5826545,357;13,29542069;52,51094902
5419;11;3;3061131;3601142;2020;7;23;2;2;1;5;2;1;1;0;0;0;0;1;799164,7186;5830455,02;13,41238054;52,5418135
5420;11;2;2040503;2400522;2020;3;12;2;3;2;6;0;0;1;0;0;0;0;0;802020,3683;5827761,395;13,45191407;52,5160953
5421;11;2;2040703;2400625;2020;10;19;6;3;6;7;2;1;0;1;0;0;0;1;801874,6782;5826527,725;13,44865466;52,5051185
5422;11;3;3040818;3400826;2020;12;11;5;2;5;3;0;0;1;0;0;0;1;0;799049,284;5832404,896;13,41243957;52,55935448
5423;11;1;1033203;1300836;2020;8;12;1;2;5;2;0;0;1;0;0;0;0;0;796187,1139;5830196,959;13,36837322;52,54112697
5424;11;12;12103219;12100204;2020;7;17;5;2;0;6;0;0;0;0;1;0;1;1;795755,9863;5832667,488;13,36423546;52,56350704
5425;11;7;7050501;7501030;2020;5;16;2;3;5;2;0;0;1;0;0;0;0;1;797948,1958;5820051,818;13,38519066;52,44922783
5426;11;7;7040403;7400824;2020;6;16;2;3;3;2;0;0;1;0;1;0;0;0;797829,5236;5822365,307;13,38551362;52,47003042
5427;11;9;9010301;9100305;2020;10;9;5;3;0;1;0;1;1;0;0;0;0;1;805162,7091;5822576,49;13,49333097;52,46787643
5428;11;7;7050506;7501135;2020;3;11;2;2;2;6;0;0;1;0;1;0;0;0;798768,3728;5817492,3;13,39493575;52,42583719
5429;11;4;4051656;4501151;2020;9;9;2;3;2;6;0;0;1;0;0;0;0;0;793412,1195;5822974,432;13,321206;52,47788156
5430;11;1;1033203;1300836;2020;11;19;4;3;2;6;2;0;1;0;0;0;0;0;796219,9323;5829952,071;13,36863738;52,53891395
5431;11;7;7050502;7501133;2020;6;12;4;3;0;2;0;1;1;0;0;0;0;0;798430,7914;5818242,896;13,39065551;52,43274967
5432;11;9;9020601;9200613;2020;8;15;7;3;1;5;0;1;0;0;0;0;1;0;806343,7355;5821386,349;13,50957018;52,45654901
5433;11;12;12231101;12400723;2020;6;7;3;3;5;2;0;0;1;0;1;0;0;0;791798,7421;5839360,805;13,31191984;52,62564536
5434;11;1;1011102;1100102;2020;3;18;2;3;2;6;2;0;1;0;0;0;0;0;794794,6074;5827097,579;13,34515195;52,51409843
5435;11;12;12103219;12100204;2020;10;18;2;2;0;1;2;0;0;0;1;0;0;1;795762,9844;5832709,67;13,364376;52,56388136
5436;11;7;7050502;7501133;2020;12;7;6;3;1;5;1;0;1;0;0;0;0;1;798246,3968;5818692,859;13,38835267;52,43688367
5437;11;6;6040703;6400737;2020;8;8;3;3;5;3;0;0;1;0;0;0;0;0;786183,8856;5816793,014;13,2097718;52,42629515
5438;11;12;12301205;12500928;2020;7;17;5;3;5;2;0;1;1;0;0;0;0;0;792370,672;5837738,954;13,31891138;52,61079885
5439;11;3;3061126;3601141;2020;10;19;6;3;5;2;2;1;1;0;0;0;0;1;799219,3103;5831429,53;13,41406105;52,55051848
5441;11;6;6030605;6300629;2020;3;13;2;3;3;6;0;1;0;0;0;0;0;0;792714,8746;5819930,24;13,30829885;52,45096513
5442;11;5;5020628;5200633;2020;9;9;4;3;2;6;0;0;1;0;0;0;0;0;784328,2519;5826498,107;13,19082659;52,51428068
5443;11;4;4020313;4200311;2020;11;6;2;2;6;4;1;0;1;1;0;0;0;1;790685,5264;5826403,201;13,28416454;52,51007884
5444;11;2;2040703;2400625;2020;5;14;7;3;6;7;0;1;0;1;0;0;0;0;801830,4663;5826400,033;13,4478895;52,50399845
5445;11;2;2050602;2500729;2020;8;8;2;2;6;7;0;1;0;1;0;0;0;0;803457,9122;5827597,199;13,47288437;52,51382573
5446;11;6;6040701;6400735;2020;6;18;4;3;5;2;0;1;1;0;0;0;0;0;782718,3493;5815827,749;13,15812455;52,41944179
5447;11;2;2050602;2500727;2020;5;23;4;3;5;2;2;1;1;0;0;0;0;0;802178,9333;5827719,434;13,45420561;52,51563137
5448;11;3;3061332;3601348;2020;3;17;1;3;0;4;1;0;0;1;0;0;1;0;799625,271;5830292,559;13,41900477;52,54010424
5449;11;12;4010101;4100101;2020;9;5;3;3;2;6;2;0;1;0;0;0;0;0;791565,2712;5830711,502;13,30086912;52,54823253
5450;11;9;9010101;9100101;2020;12;20;5;3;2;6;2;0;1;0;1;0;0;1;802683,7818;5825234,869;13,4593641;52,49308246
5451;11;3;3071638;3701659;2020;8;18;3;3;5;2;0;1;1;0;0;0;0;0;800046,9688;5828998,688;13,42403598;52,52827483
5452;11;7;7040402;7400822;2020;6;12;6;3;2;6;0;0;1;0;0;0;0;0;796532,0158;5822536,615;13,3666206;52,47227189
5453;11;4;4041134;4400726;2020;10;13;7;3;2;6;0;0;1;0;0;0;0;0;790723,4039;5824939,208;13,28344279;52,49693389
5455;11;9;9010402;9100409;2020;3;16;1;3;2;6;0;0;1;0;1;0;0;0;806699,7592;5818276,797;13,51193956;52,42848038
5456;11;9;9010302;9100306;2020;11;5;4;2;0;6;2;0;1;0;1;0;0;0;802865,2233;5821342,539;13,4584939;52,45809494
5457;11;3;3061131;3601142;2020;9;15;2;3;3;6;0;1;1;0;0;0;0;0;799173,8358;5830797,374;13,4128229;52,54487716
5458;11;12;12103115;12100103;2020;8;12;1;3;5;2;0;0;1;0;1;0;0;1;795336,5269;5833744,859;13,35902459;52,57339236
5459;11;9;9010101;9100101;2020;3;15;1;3;3;6;0;0;1;0;0;0;0;0;802580,269;5825073,445;13,4576975;52,491693
5460;11;4;4020313;4200311;2020;10;19;5;3;2;6;2;0;1;0;0;0;0;1;790500,097;5826372,339;13,28141301;52,50990095
5461;11;7;7040403;7400825;2020;8;11;4;3;1;5;0;1;1;0;0;0;0;0;797811,4113;5821000,893;13,38403025;52,4578098
5462;11;3;3061429;3601449;2020;7;15;3;3;5;2;0;1;1;0;0;0;0;0;801540,6894;5831165,736;13,44795459;52,54687403
5463;11;12;12302212;12601032;2020;5;15;2;3;2;6;0;0;1;0;1;0;0;1;792775,206;5837356,278;13,32453008;52,60715063
5464;11;3;3071639;3701660;2020;6;14;5;3;2;6;0;1;1;0;0;0;0;0;800231,1892;5829293,015;13,4270092;52,53081155
5465;11;9;9010201;9100202;2020;11;12;4;3;3;6;0;1;0;0;0;0;0;0;802926,702;5824730,496;13,46247268;52,48842705
5466;11;12;12103218;12100205;2020;3;18;1;3;5;2;2;0;1;0;0;0;0;0;794559,2206;5833818,954;13,34765371;52,5744778
5467;11;10;10010207;10100210;2020;9;6;5;2;2;6;2;0;1;0;0;0;1;0;807853,1692;5830964,695;13,54056759;52,54154216
5468;11;2;2040701;2400521;2020;11;9;2;3;6;4;0;1;1;1;0;0;0;0;800832,1188;5827883,871;13,43456661;52,51784979
5469;11;1;1011105;1100102;2020;6;12;1;3;5;3;0;0;1;0;0;0;0;0;796438,4076;5826319,87;13,36861191;52,50623611
5471;11;7;7040401;7400720;2020;3;16;7;3;2;6;0;0;1;0;0;0;0;0;797783,3196;5823714,098;13,38603976;52,48214601
5472;11;7;7040403;7400824;2020;9;21;4;3;6;2;2;0;1;1;0;0;0;0;797829,2129;5822371,157;13,38551428;52,47008303
5473;11;4;4020311;4200310;2020;7;7;6;3;3;6;0;1;0;0;0;0;1;0;789166,4265;5826160,368;13,26163233;52,50870918
5474;11;2;2020202;2200208;2020;3;17;6;3;2;6;0;0;1;0;0;0;0;0;797907,133;5825155,775;13,38914633;52,49500143
5475;11;8;8020620;8200624;2020;10;17;5;3;2;6;1;0;1;0;0;0;0;1;801014,9199;5821648,618;13,43162024;52,46186067
5476;11;7;7040406;7400928;2020;12;20;2;3;9;1;2;0;1;0;0;0;0;2;799978,2159;5821444,726;13,4162237;52,46060315
5477;11;4;4030417;4300414;2020;10;14;1;3;3;6;0;0;1;0;0;0;0;1;791328,3472;5826506,544;13,29370011;52,51066238
5479;11;7;7070701;7601442;2020;3;13;6;3;2;6;0;0;1;0;1;0;0;0;799195,6058;5816409,738;13,40023227;52,41589989
5480;11;3;3071633;3701657;2020;11;17;4;3;3;6;2;0;1;0;1;0;0;0;800009,6328;5830266,721;13,42463182;52,53966118
5481;11;1;1011104;1100104;2020;9;18;3;3;5;2;0;0;1;0;0;0;0;0;796423,3627;5826270,059;13,36834654;52,50579778
5482;11;1;1033203;1300836;2020;8;8;2;3;1;5;0;1;1;0;0;0;0;0;796270,8345;5830435,107;13,36981647;52,5432162
5483;11;10;10010204;10100206;2020;3;14;6;3;6;4;0;0;1;1;0;0;0;1;808799,6372;5833130,785;13,55649365;52,56041847
5484;11;6;6030503;6300527;2020;10;13;6;3;2;2;0;0;1;1;0;0;0;0;791054,4653;5818813,518;13,28296171;52,44184014
5485;11;4;4041134;4400726;2020;8;17;4;3;2;6;0;0;1;0;0;0;1;0;790745,0243;5824901,428;13,2837274;52,49658367
5486;11;1;1011201;1100205;2020;7;18;4;3;0;1;0;0;0;0;1;0;0;1;797086,3099;5826738,563;13,37850345;52,50963683
5487;11;4;4030623;4300622;2020;5;14;2;2;0;7;0;1;0;0;0;0;0;1;793135,518;5826836,391;13,32054333;52,5126512
5488;11;6;6040701;6400735;2020;6;14;6;3;5;3;0;0;1;0;0;0;0;0;782482,1336;5815771,194;13,15461255;52,41905667
5489;11;4;4020209;4200206;2020;3;12;5;3;2;6;0;0;1;0;0;0;0;0;788986,6656;5826133,685;13,25896787;52,50856521
5490;11;12;12231102;12400721;2020;9;15;5;3;2;6;0;0;1;0;0;0;0;0;791305,7933;5840659,981;13,30580316;52,63755653
5491;11;4;4030417;4300414;2020;12;18;3;2;5;2;2;0;1;0;0;0;0;0;791024,9246;5826458,023;13,28919935;52,51038935
5492;11;10;10010308;10100311;2020;6;14;2;3;2;6;0;0;1;0;1;0;0;0;808327,882;5828003,616;13,54479948;52,51473705
5494;11;7;7040403;7400825;2020;3;12;5;3;0;6;0;0;1;0;1;0;0;1;797826,786;5820683,716;13,38397294;52,45495828
5495;11;7;7020203;7200411;2020;9;21;5;3;1;5;1;1;1;0;0;0;0;0;795808,487;5824189,001;13,35746564;52,48747654
5496;11;4;4061757;4200207;2020;7;12;7;3;2;6;0;0;1;0;0;0;1;0;787945,9115;5822004,643;13,24010726;52,4720964
5497;11;1;1044102;1400940;2020;3;10;5;3;5;3;0;0;1;0;0;0;0;1;795878,8312;5832058,483;13,36549947;52,55798118
5498;11;7;7070703;7601544;2020;10;16;5;3;1;7;0;0;1;0;0;0;0;1;799806,607;5813854,206;13,40690173;52,39265849
5499;11;9;9010202;9100203;2020;12;13;4;3;5;3;0;0;1;0;0;0;1;0;804103,2535;5824372,042;13,47942022;52,48456024
5500;11;2;2050602;2500727;2020;5;19;7;3;0;1;0;1;0;0;0;0;0;0;802176,046;5827751,82;13,4541926;52,51592325
5501;11;7;7040403;7400825;2020;8;21;7;3;2;6;2;0;1;0;0;0;0;0;797844,7499;5820661,628;13,38421683;52,45475049
5502;11;7;7030303;7300619;2020;7;9;5;3;5;3;0;0;1;0;0;0;0;0;795631,6944;5823221,925;13,35401191;52,47890319
5503;11;4;4020208;4200206;2020;6;17;2;3;2;6;0;0;1;0;0;0;0;0;787256,6821;5825854,379;13,23330688;52,50697479
5504;11;4;4030417;4300414;2020;10;8;4;3;2;6;0;0;1;0;0;0;1;0;791700,6676;5826567,415;13,29922407;52,51100911
5505;11;7;7040401;7400721;2020;3;10;5;3;2;6;0;0;1;0;0;0;1;1;797789,1214;5823244,072;13,38570515;52,47792959
5506;11;10;10030726;10300733;2020;9;16;2;3;5;2;0;1;1;0;0;0;0;0;809513,506;5827403,925;13,561658;52,50869134
5507;11;7;7010104;7100206;2020;11;9;3;3;2;6;0;0;1;0;0;0;0;0;796007,4182;5824837,654;13,36096302;52,49318334
5508;11;3;3020209;3200206;2020;5;19;6;3;2;6;0;0;1;0;0;0;0;0;797969,9236;5834306,93;13,39827342;52,57699524
5509;11;3;3061435;3601452;2020;8;18;7;3;1;5;0;1;1;0;0;0;0;0;801368,2701;5829260,241;13,44369143;52,52989035
5510;11;3;3061332;3601347;2020;6;9;1;3;2;6;0;0;1;0;0;0;0;0;799461,5338;5830323,525;13,41662561;52,54047181
5511;11;3;3061332;3701657;2020;3;15;4;3;2;6;0;1;1;0;0;0;0;0;799998,5546;5830219,719;13,42442653;52,53924598
5512;11;4;4030724;4300415;2020;10;16;7;3;3;6;0;0;1;0;0;1;0;0;790625,5804;5825848,612;13,28279953;52,50513887
5513;11;6;6030503;6300527;2020;12;16;5;3;5;2;2;0;1;0;0;0;1;0;790292,9051;5818367,486;13,27140153;52,43824616
5514;11;10;10010206;10100208;2020;8;14;3;3;2;6;0;0;1;0;0;0;0;0;808334,894;5832093,672;13,54869634;52,55138746
5515;11;10;10040830;10400837;2020;7;13;5;3;2;6;0;0;1;0;0;0;1;0;811381,1694;5827109,68;13,58881308;52,50499179
5516;11;3;3020209;3200205;2020;3;18;3;3;5;3;2;1;1;0;0;0;0;1;798167,8393;5835384,181;13,40215455;52,5865428
5517;11;4;4041133;4400725;2020;10;18;6;3;2;6;1;0;1;0;0;0;0;1;790560,974;5825169,64;13,28125788;52,49908624
5519;11;10;10040933;10400941;2020;3;17;3;3;5;2;1;0;1;0;0;0;0;1;813548,7558;5827159,583;13,62069124;52,50419773
5520;11;7;7040401;7400720;2020;9;17;4;3;2;6;0;0;1;0;1;0;0;0;797783,0557;5823719,094;13,38604034;52,48219094
5521;11;5;5020524;5200528;2020;11;8;2;3;5;2;0;1;1;0;0;0;0;1;783510,0927;5826706,657;13,17898003;52,51657651
5522;11;4;4041137;4400727;2020;9;12;7;3;2;6;0;0;1;0;0;0;0;0;791247,6753;5824610,264;13,29085616;52,49370539
5523;11;7;7040401;7400720;2020;5;12;6;3;2;6;0;0;1;0;0;0;0;0;797825,78;5822442,527;13,38552761;52,47072465
5524;11;2;3061435;3601452;2020;8;16;1;3;3;5;0;1;0;0;0;0;1;0;801637,9779;5828942,694;13,44736719;52,52689499
5525;11;7;7020203;7200411;2020;6;20;3;3;0;6;1;0;0;0;0;0;1;0;795933,7505;5824415,61;13,35950628;52,48944001
5526;11;3;3061429;3601449;2020;3;16;3;2;6;4;0;0;1;1;0;0;0;1;801369,8512;5831051,578;13,44533926;52,54594536
5527;11;7;7070701;7601442;2020;9;0;2;3;3;6;2;0;1;0;0;0;0;0;799782,0117;5814110,482;13,40677061;52,39496915
5528;11;4;4030623;4300622;2020;12;15;4;3;3;6;0;0;1;0;0;0;0;1;793159,0758;5826861,22;13,32091135;52,51286111
5529;11;6;6030503;6300527;2020;8;9;3;3;5;2;0;0;1;0;0;0;0;0;790293,3053;5818367,733;13,27140762;52,43824816
5530;11;12;12302212;12601032;2020;6;11;5;3;5;3;0;0;1;0;0;0;0;0;792805,6455;5837303,524;13,32493163;52,60666133
5532;11;3;3061332;3601347;2020;3;16;3;3;5;3;0;1;1;0;0;0;0;1;799553,6545;5830284,17;13,41794439;52,54006842
5533;11;4;4030417;4300414;2020;11;8;2;3;3;6;0;1;0;0;0;0;0;0;791526,2611;5826559,259;13,2966543;52,51102923
5534;11;1;1011105;1100102;2020;9;12;2;3;5;2;0;1;1;0;0;0;0;0;796419,84;5826326,476;13,36834502;52,50630542
5535;11;7;7040403;7400825;2020;8;12;7;3;0;6;0;0;1;0;1;0;0;0;797837,8884;5820703,184;13,38415321;52,45512674
5536;11;4;4020209;4200206;2020;3;16;3;2;6;4;0;0;0;1;1;0;0;1;788953,3224;5826128,228;13,25847321;52,50853395
5537;11;3;3040513;3400620;2020;10;16;4;3;3;6;0;1;1;0;0;0;0;1;798016,8751;5833737,496;13,39845245;52,57186536
5538;11;7;7070706;7601547;2020;8;10;3;3;2;6;0;0;1;0;0;0;0;0;800656,3005;5812092,05;13,4177712;52,37639752
5539;11;9;9010301;9100305;2020;7;13;2;3;5;3;0;1;1;0;0;0;0;0;805149,4068;5822567,237;13,49312729;52,46780092
5540;11;5;5020524;5200528;2020;5;14;2;3;5;2;0;1;1;0;0;0;0;0;783517,187;5826715,15;13,17909154;52,51664897
5541;11;1;1011105;1100102;2020;6;18;5;3;5;2;0;1;1;0;0;0;0;1;796451,853;5826452,307;13,36892736;52,50741598
5542;11;3;3071639;3701660;2020;11;14;3;3;1;5;0;1;0;0;0;0;1;0;800425,5667;5829651,444;13,43018999;52,53391715
5543;11;7;7040403;7400824;2020;3;13;3;3;2;6;0;0;1;0;0;0;1;1;797858,9136;5822101,444;13,38570945;52,46764916
5544;11;9;9010201;9100202;2020;9;16;4;3;0;6;0;0;1;0;0;0;1;0;803015,0469;5824644,743;13,46369185;52,48760942
5545;11;7;7020203;7200410;2020;11;17;2;3;1;5;2;1;1;0;0;0;0;0;795571,2493;5823897,703;13,3537236;52,48499376
5546;11;4;4030417;4300414;2020;6;10;7;3;1;5;0;0;1;0;0;0;0;0;791813,8689;5826607,999;13,30092297;52,51131239
5547;11;2;2040503;2400522;2020;3;12;3;3;0;6;0;0;1;0;1;0;0;1;802046,0139;5827741,9;13,45227316;52,51590636
5548;11;1;1033203;1300836;2020;9;9;4;3;5;2;0;1;1;0;0;0;0;0;796315,8491;5830076,52;13,37015847;52,53997736
5549;11;1;1044102;1400940;2020;7;16;5;3;0;2;0;0;1;0;1;0;0;0;795862,836;5832062,978;13,36526822;52,55803017