OBJECTID;LAND;BEZ;LOR;LOR_ab_2021;UJAHR;UMONAT;USTUNDE;UWOCHENTAG;UKATEGORIE;UART;UTYP1;ULICHTVERH;IstRad;IstPKW;IstFuss;IstKrad;IstGkfz;IstSonstige;USTRZUSTAND;LINREFX;LINREFY;XGCSWGS84;YGCSWGS84
136122;11;10;10020413;10200420;2020;1;13;7;3;5;3;0;0;1;0;0;0;0;0;811990,4124;5830702,916;13,60113012;52,53684342
136123;11;8;8010406;8100419;2020;1;16;2;3;6;7;0;0;1;1;0;0;0;0;802514,5914;5823755,609;13,45553706;52,47991763
136124;11;4;4020310;4200308;2020;1;19;5;3;5;2;2;1;1;0;0;0;0;1;790348,2216;5827301,289;13,27999202;52,51830992
136125;11;4;4041342;4400833;2020;1;12;6;3;5;3;0;0;1;0;0;0;0;0;792053,4399;5822457,807;13,3008051;52,47397834
136126;11;10;10030725;10300732;2020;1;10;6;3;5;3;0;1;1;0;0;0;0;0;809906,7322;5829665,554;13,56954016;52,52873587
136127;11;7;7050501;7501029;2020;1;6;4;1;5;3;2;0;1;0;1;0;0;0;797683,6525;5819327,605;13,3806642;52,4428801
136128;11;2;2010104;2100106;2020;1;16;2;3;2;6;0;0;1;0;0;0;0;0;799058,7141;5825577,883;13,40643744;52,49815529
136129;11;2;2010101;2100101;2020;1;17;3;3;5;2;2;0;1;0;0;0;0;0;797376,6936;5826179,935;13,38227056;52,50447115
136130;11;5;5010101;5100103;2020;1;19;5;2;6;4;2;0;1;1;0;0;0;1;785599,6305;5831994,002;13,21423506;52,56289168
136131;11;1;1011203;1100206;2020;1;9;5;3;1;5;0;1;1;0;0;0;0;0;797921,4333;5827074,28;13,39107292;52,51219068
136132;11;6;6020409;6200421;2020;1;7;2;3;5;2;0;1;1;0;0;0;0;0;793474,2094;5817728,162;13,31750684;52,43081696
136133;11;6;6010206;6100206;2020;1;18;5;3;1;5;2;1;1;0;0;0;0;1;794960,0946;5819491,137;13,3408546;52,445822
136134;11;1;1011102;1100102;2020;1;19;3;2;0;6;2;0;1;0;1;0;0;1;795312,0358;5827353,936;13,35298226;52,51611656
136135;11;1;1011306;1100313;2020;1;18;5;3;5;3;2;1;0;0;0;0;1;1;800433,2982;5826715,147;13,4276516;52,507594
136136;11;6;6040701;6400735;2020;1;10;7;2;0;1;0;1;0;0;0;0;0;2;781873,4693;5813347,647;13,14364568;52,39763905
136137;11;12;12214527;12200515;2020;1;15;2;3;5;2;1;0;1;0;0;0;0;0;789903,6446;5835694,006;13,28078857;52,59378754
136138;11;4;4041134;4400726;2020;1;17;5;3;2;6;2;0;1;0;0;0;0;1;790858,6323;5824494,382;13,28504077;52,49287396
136139;11;3;3040513;3400620;2020;1;14;5;3;6;2;0;0;1;1;0;0;0;0;797007,7075;5833777,86;13,3836417;52,57277879
136140;11;3;3061332;3601346;2020;1;20;4;3;1;5;2;1;1;0;0;0;0;0;799455,236;5830872,095;13,41702753;52,54539233
136141;11;10;10010310;10100313;2020;1;22;1;3;2;6;2;0;1;0;0;0;0;0;808464,0839;5831133,855;13,54970427;52,54271267
136142;11;5;5010205;5100207;2020;1;13;3;2;5;2;0;0;1;0;0;0;0;0;780184,0432;5830672,273;13,13343644;52,55385423
136143;11;6;6030610;6300634;2020;1;17;5;3;6;4;2;0;1;1;0;0;0;1;792775,9022;5817956,262;13,30746483;52,43323602
136144;11;9;9020701;9200715;2020;1;8;6;3;5;3;0;1;1;0;0;0;0;0;808199,9963;5818699,518;13,53432466;52,43142586
136145;11;6;6020303;6200313;2020;1;8;2;3;5;2;0;1;1;0;0;0;0;0;795367,5083;5818452,202;13,34591344;52,43628863
136146;11;11;11030824;11300826;2020;1;17;5;3;2;6;2;0;1;0;0;0;0;1;804747,5924;5827422,622;13,49167069;52,51154206
136147;11;1;1011202;1100206;2020;1;16;5;3;6;4;1;0;1;1;0;0;0;0;797709,3044;5827712,684;13,38852751;52,51802903
136148;11;5;5010103;5100105;2020;1;3;7;3;1;1;2;0;1;0;0;0;0;1;784522,5394;5831094,982;13,19761746;52,55539506
136149;11;1;1011202;1100206;2020;1;10;2;3;5;2;0;1;1;0;0;0;0;0;797203,0885;5827496,692;13,38089617;52,51636901
136150;11;2;2030301;2300314;2020;1;16;5;3;2;7;2;1;0;0;0;0;1;1;799860,5956;5825845,945;13,41845588;52,50011805
136151;11;8;8010301;8100310;2020;1;19;5;3;5;3;2;1;1;0;0;0;0;0;800386,8003;5825107,221;13,42551825;52,4932072
136152;11;7;7050505;7501134;2020;1;17;4;3;5;2;2;0;1;0;0;0;1;0;798477,3675;5819035,868;13,39204661;52,43983237
136153;11;1;1033101;1300732;2020;1;2;1;3;5;3;2;0;1;0;0;0;0;0;797363,9148;5832422,455;13,38766736;52,56043484
136154;11;9;9010402;9100408;2020;1;10;3;3;5;3;0;1;1;0;0;0;0;0;806718,9757;5820292,276;13,51407063;52,44653311
136155;11;3;3020307;3200310;2020;1;16;5;3;1;5;2;0;1;0;0;0;0;1;799766,2249;5837679,164;13,42775417;52,60623482
136156;11;2;2020203;2200209;2020;1;17;6;2;5;3;1;0;1;1;0;0;0;0;797113,8104;5823995,625;13,37646078;52,48503432
136157;11;8;8010118;8100105;2020;1;18;1;3;1;5;2;1;1;0;0;0;0;0;801096,1246;5821938,984;13,43307381;52,46441857
136158;11;10;10010102;10100102;2020;1;14;5;3;2;6;0;0;1;0;0;0;0;1;809475,3677;5834637,53;13,56783558;52,57353759
136159;11;2;2040701;2400623;2020;1;14;5;3;1;5;0;1;1;0;0;0;0;0;800885,1281;5827541,242;13,43503563;52,5147495
136160;11;1;1022102;1200518;2020;1;12;4;2;5;2;0;0;1;0;0;0;0;0;793323,8037;5828538,52;13,32481088;52,52780879
136161;11;8;8020727;8200832;2020;1;15;4;3;2;6;0;0;1;0;0;0;0;0;801493,6521;5817767,549;13,43514339;52,42680953
136162;11;6;6040701;6400735;2020;1;10;7;3;0;1;0;1;0;0;0;0;0;2;780981,908;5812430,409;13,12980729;52,38987233
136163;11;8;8010508;8100520;2020;1;23;2;3;9;1;2;0;1;0;0;0;1;0;803285,0385;5822651,08;13,46584273;52,46959051
136164;11;5;5030730;5300736;2020;1;13;5;3;2;6;0;0;1;0;0;0;0;1;786731,6169;5829284,556;13,22854921;52,53800488
136165;11;2;2010102;2100102;2020;1;12;6;3;3;6;0;0;1;0;0;1;0;1;798330,099;5825553,993;13,39571474;52,49833993
136166;11;9;9020501;9200510;2020;1;14;6;2;2;6;0;0;1;0;1;0;0;0;805770,7535;5822851,113;13,50250572;52,46999777
136167;11;3;3010104;3100101;2020;1;10;1;3;5;3;0;0;1;0;0;0;0;0;800850,42;5838757,109;13,44469629;52,6152975
136168;11;5;5030832;5300841;2020;1;21;7;3;2;6;2;0;1;0;0;0;0;0;789711,7255;5829286,368;13,27236756;52,53644497
136169;11;3;3040512;3400619;2020;1;12;5;3;6;2;0;0;1;1;0;0;0;0;795859,2395;5835312,053;13,36811407;52,58715671
136170;11;1;1033203;1300836;2020;1;9;2;3;2;2;0;1;0;0;0;0;1;0;795875,526;5830598,383;13,36414973;52,54489462
136171;11;2;2050601;2500726;2020;1;17;7;3;5;3;2;1;0;0;0;0;1;0;801941,3384;5829046,387;13,45191944;52,52765646
136172;11;12;12103219;12100204;2020;1;11;3;3;6;7;0;1;0;1;0;0;0;0;795531,1422;5833114,713;13,36132646;52,56763807
136173;11;6;6030610;6300634;2020;1;13;7;3;5;2;0;1;1;0;0;0;0;0;792934,5377;5817746,974;13,30960823;52,43127486
136174;11;7;7020201;7200307;2020;1;15;2;2;5;3;0;0;1;0;0;0;0;1;794954,1844;5824065,353;13,3448111;52,48683032
136175;11;10;10020414;10200421;2020;1;14;5;3;1;5;0;0;1;0;0;0;1;1;812198,9685;5830869,44;13,60435148;52,53821624
136176;11;5;5010313;5100315;2020;1;8;6;2;5;2;1;0;1;0;0;0;0;0;784666,8941;5829708,815;13,19855259;52,54289129
136177;11;2;2010103;2100104;2020;1;15;3;3;5;2;1;1;1;0;0;0;0;1;799223,5486;5825984,595;13,40922378;52,50171052
136178;11;10;10010207;10100210;2020;1;15;3;3;2;6;0;0;1;0;0;0;0;1;808517,4964;5831941,928;13,55123996;52,54992418
136179;11;6;6030609;6300633;2020;1;16;5;3;6;7;0;1;0;1;0;0;0;0;792620,2805;5818408,965;13,30557854;52,43737773
136180;11;8;8020728;8200833;2020;1;14;3;2;3;6;0;0;1;0;0;1;0;1;801725,1962;5817466,558;13,43826695;52,42398402
136181;11;1;1033203;1300836;2020;1;19;3;3;1;5;2;0;1;0;0;0;0;1;796748,3543;5830490,495;13,37688676;52,54345283
136182;11;5;5010314;5100316;2020;1;22;5;3;2;6;2;0;1;0;0;0;0;0;783652,1061;5829328,213;13,18330395;52,54000803
136183;11;11;11040925;11400927;2020;1;19;3;3;5;2;2;1;1;0;0;0;0;1;803582,9026;5826402,658;13,47363118;52,5030498
136184;11;4;4030931;4501042;2020;1;18;4;2;0;3;2;0;1;0;1;0;0;1;793928,991;5825908,366;13,33138266;52,50390494
136185;11;4;4030726;4500936;2020;1;15;5;3;5;2;0;1;1;0;0;0;0;0;792286,9243;5825359,285;13,30677743;52,49986468
136186;11;2;2010101;2100101;2020;1;19;3;3;5;2;2;1;1;0;0;0;0;1;797749,5059;5826080,379;13,38765796;52,50337543
136187;11;8;8010301;8100311;2020;1;17;5;1;6;4;2;0;1;1;0;0;0;0;800633,9486;5824794,365;13,42886533;52,4902669
136188;11;5;5010209;5100211;2020;1;7;3;3;6;2;0;0;1;1;0;0;0;1;783250,2043;5830274,205;13,17820057;52,54869907
136189;11;9;9020502;9200512;2020;1;15;3;2;6;4;0;0;0;1;0;0;1;1;809078,6501;5821557,096;13,54985064;52,4565396
136190;11;2;2030302;2300316;2020;1;21;4;3;0;1;2;1;0;0;0;0;0;1;801638,6858;5826058,817;13,4447635;52,50104614
136191;11;9;9051702;9501737;2020;1;7;3;3;6;2;1;0;1;1;0;0;0;1;814207,5596;5821209,311;13,62475959;52,45049902
136192;11;1;1033102;1300733;2020;1;8;5;2;6;4;0;0;1;1;0;0;0;1;798002,4879;5831849,665;13,39654524;52,55495147
136193;11;7;7020201;7200307;2020;1;7;3;3;1;5;0;1;1;0;0;0;0;1;794948,5053;5824271,106;13,3449098;52,48867784
136194;11;9;9020701;9200715;2020;1;7;3;3;5;2;1;1;0;0;0;0;1;1;807714,0595;5818294,768;13,52682725;52,42807194
136195;11;4;4041137;4400727;2020;1;17;4;3;5;2;2;0;1;0;0;0;0;1;791257,7722;5823328,976;13,28988467;52,48221326
136196;11;11;11040926;11400930;2020;1;7;3;2;6;4;2;0;1;1;0;0;0;1;805561,7307;5826420,397;13,50271018;52,50210429
136197;11;1;1011202;1100206;2020;1;19;4;3;5;2;2;1;1;0;0;0;0;0;797146,4981;5827767,307;13,38030635;52,5188256
136198;11;4;4030725;4300416;2020;1;19;3;3;6;2;2;0;1;1;0;0;0;1;791943,586;5826124,216;13,30240463;52,50690595
136199;11;4;4030929;4501040;2020;1;7;6;3;6;4;0;1;0;1;0;0;0;1;792713,4859;5825711,652;13,31335311;52,50279491
136200;11;6;6010205;6100205;2020;1;14;3;2;6;7;0;1;0;1;0;0;0;1;795190,5023;5819998,718;13,34468341;52,45024783
136201;11;3;3020307;3200308;2020;1;17;4;3;6;4;2;0;0;1;0;0;1;0;800186,4401;5836567,261;13,43293265;52,59603684
136202;11;6;6020409;6200421;2020;1;18;3;2;5;2;2;0;1;0;0;0;0;1;793216,8719;5816443,676;13,31260665;52,41943977
136203;11;10;10020621;10200628;2020;1;6;5;3;5;3;2;0;1;0;0;0;0;1;811848,0314;5830026,727;13,5984033;52,53086546
136204;11;7;7010101;7100101;2020;1;18;3;3;5;3;2;1;1;0;0;0;0;1;794894,883;5825166,391;13,34491477;52,49673245
136205;11;12;12103116;12100102;2020;1;7;3;2;6;2;2;0;1;1;0;0;0;1;796500,9593;5833283,615;13,3757443;52,56862474
136206;11;4;4051448;4501045;2020;1;18;4;3;5;3;2;1;1;0;0;0;0;1;794169,2042;5825308,455;13,33438153;52,49839761
136207;11;9;9020701;9200715;2020;1;11;3;3;5;2;0;1;1;0;0;0;0;1;809049,0665;5818768,904;13,5468379;52,43156871
136208;11;1;1022202;1200624;2020;1;7;3;3;5;2;1;1;1;0;0;0;0;1;795668,9128;5829732,336;13,36034106;52,53724347
136209;11;9;9020501;9200510;2020;1;17;5;3;5;2;2;1;1;0;0;0;0;0;806503,0121;5822091,162;13,51255403;52,4627765
136210;11;10;10030727;10300734;2020;1;6;3;2;6;2;2;0;1;1;0;0;0;1;809625,8603;5825758,241;13,56177817;52,49387951
136211;11;1;1011302;1100309;2020;1;17;4;3;1;5;2;1;1;0;0;0;0;0;798950,1318;5828742,878;13,4076858;52,52658445
136212;11;2;2030402;2300419;2020;1;18;3;3;2;6;2;0;1;0;1;0;0;1;801586,0228;5825942,589;13,44388478;52,50003348
136213;11;4;4051652;4501149;2020;1;16;4;3;2;6;2;0;1;0;0;0;0;1;793442,7039;5824164,878;13,32270294;52,48853703
136214;11;10;10020621;10200628;2020;1;5;3;3;9;1;2;0;1;0;0;0;0;1;811369,43;5829826,604;13,59118323;52,52934567
136215;11;12;12214125;12200412;2020;1;12;6;1;5;2;0;1;0;0;0;1;0;0;791170,4823;5834031,6;13,29797705;52,57820772
136216;11;9;9030901;9300920;2020;1;17;3;3;5;2;2;1;1;0;0;0;0;1;807710,662;5817912,829;13,52642609;52,42465081
136217;11;4;4030828;4300624;2020;1;16;4;3;6;7;1;0;1;1;0;0;0;1;793189,0228;5826258,735;13,32082066;52,50744398
136218;11;4;4051445;4500939;2020;1;17;3;3;6;2;2;0;1;1;0;0;0;1;792199,5889;5825023,233;13,30519969;52,49689881
136219;11;3;3020210;3200207;2020;1;14;4;3;2;7;0;0;1;0;0;0;1;0;798250,7886;5835820,129;13,40376773;52,59040495
136220;11;11;11030721;11300722;2020;1;16;3;2;6;4;2;0;1;1;0;0;0;1;804292,8701;5828446,361;13,48592712;52,52097128
136221;11;5;5010311;5100313;2020;1;14;3;3;2;6;0;0;1;0;0;0;0;0;785399,8333;5830327,128;13,20986236;52,54805156
136222;11;5;5010314;5100316;2020;1;15;4;3;0;6;0;0;1;0;1;0;0;1;785063,7376;5829469,782;13,20418341;52,54054066
136223;11;4;4041343;4400834;2020;1;10;3;3;2;2;0;0;1;0;0;0;1;0;792653,387;5823049,018;13,31013167;52,47895731
136224;11;3;3061227;3601243;2020;1;16;3;3;3;6;2;0;1;0;0;0;0;1;799779,0152;5831708,782;13,42254319;52,55271377
136225;11;10;10030724;10300731;2020;1;22;5;3;1;5;2;0;1;0;0;0;0;0;809162,5836;5830018,476;13,55893376;52,53232115
136226;11;1;1011302;1100309;2020;1;17;3;2;6;4;2;0;1;1;0;0;0;1;797931,3786;5828403,601;13,3924095;52,52410094
136227;11;11;11040926;11400929;2020;1;6;4;3;1;5;1;0;1;0;0;0;0;0;804435,3292;5826409,358;13,48615699;52,50263493
136228;11;4;4010103;4100102;2020;1;15;4;3;0;2;0;0;0;0;1;0;1;0;791179,4866;5829186,341;13,29385903;52,53476601
136229;11;1;1033203;1300836;2020;1;14;3;3;5;2;0;1;1;0;0;0;0;0;796344,6768;5830580,206;13,3710316;52,5444767
136230;11;11;11030618;11300617;2020;1;11;4;2;6;7;0;0;0;1;0;1;0;0;803409,7403;5829695,489;13,47409086;52,53265897
136231;11;7;7070704;7601545;2020;1;16;3;3;1;5;2;0;1;0;0;0;1;1;800696,3771;5813853,534;13,41993782;52,39216481
136232;11;4;4030827;4300623;2020;1;16;3;3;5;7;2;1;1;0;0;0;0;1;792263,1315;5826253,504;13,30721287;52,5078939
136233;11;9;9020701;9200715;2020;1;10;3;1;5;3;0;0;1;0;1;0;0;1;807405,7189;5818326,253;13,52233549;52,42852743
136234;11;7;7060604;7601341;2020;1;14;4;3;5;3;0;1;1;0;0;0;0;0;798076,1936;5814895,794;13,38247377;52,40293962
136235;11;1;1011402;1100416;2020;1;10;3;3;4;6;0;1;0;0;1;0;0;1;798667,1454;5829568,126;13,40426828;52,53413673
136236;11;2;2010102;2100102;2020;1;18;2;3;0;4;2;0;0;1;0;0;1;0;798085,3095;5825496,518;13,39206799;52,49795849
136237;11;3;3030405;3300411;2020;1;6;5;2;5;3;2;1;0;0;0;0;0;1;803759,1527;5839300,513;13,48802559;52,61854977
136238;11;3;3061227;3601244;2020;1;14;2;3;5;3;0;1;1;0;0;0;0;0;800216,3178;5831588,303;13,4288647;52,55139303
136239;11;6;6040809;6400843;2020;1;18;4;2;0;3;2;0;1;0;1;0;0;1;791619,0675;5820662,713;13,29285925;52,45811743
136240;11;4;4020310;4200308;2020;1;13;4;3;2;6;0;0;1;0;0;0;0;0;789332,2704;5827522,269;13,26525338;52,52083103
136241;11;2;2030301;2300314;2020;1;13;2;3;5;3;0;0;1;0;0;0;0;0;799718,5267;5826304,694;13,41678215;52,50430807
136242;11;7;7040404;7400826;2020;1;12;4;3;2;6;0;0;1;0;0;0;0;1;796370,8394;5819727,497;13,36176069;52,44717793
136243;11;9;9041601;9401635;2020;1;13;2;2;9;1;0;0;1;0;0;0;0;1;819495,43;5816446,902;13,69775997;52,40476328
136244;11;4;4031032;4500938;2020;1;12;2;3;6;3;0;0;1;1;0;0;0;0;791222,6333;5824683,756;13,29055259;52,49437761
136245;11;8;8010211;8100206;2020;1;22;4;3;0;3;2;1;0;0;0;0;1;0;800885,5044;5823831,811;13,43169026;52,48150065
136246;11;7;7060604;7601341;2020;1;12;2;3;0;1;0;1;0;0;0;0;0;0;797593,3235;5815555,19;13,37598283;52,40911315
136247;11;12;12103115;12100103;2020;1;7;4;3;0;2;0;1;1;0;0;0;0;0;795344,3929;5833841,037;13,35922599;52,57425024
136248;11;4;4030931;4501042;2020;1;12;2;3;2;6;0;1;1;0;0;0;0;0;793527,1685;5825874,783;13,32545008;52,50382019
136249;11;6;6020303;6200313;2020;1;11;2;3;2;6;0;0;1;0;0;0;0;0;795424,9802;5818399,232;13,34670961;52,43578275
136250;11;1;1011202;1100206;2020;1;18;4;3;1;5;2;1;1;0;0;0;0;1;797669,0485;5828008,416;13,38820062;52,52070188
136251;11;11;11040925;11400927;2020;1;11;2;3;0;2;0;1;1;0;0;0;0;0;803416,2458;5826627,523;13,47138835;52,50515791
136252;11;11;11030721;11300725;2020;1;9;5;3;5;3;0;0;1;0;0;0;0;1;805220,3978;5828190,367;13,49932025;52,5181586
136253;11;9;9051702;9501737;2020;1;11;2;3;5;2;0;1;1;0;0;0;0;0;814193,3883;5821209,314;13,62455175;52,4505072
136254;11;8;8010214;8100209;2020;1;16;4;3;6;4;1;0;0;1;0;0;1;0;801405,3112;5822051,056;13,4377124;52,46525265
136255;11;4;4030623;4300622;2020;1;11;2;3;5;2;0;0;1;0;0;0;0;0;793903,0826;5826229,233;13,33128531;52,5067953
136256;11;6;6030503;6300526;2020;1;20;4;3;1;5;2;1;1;0;0;0;0;0;789558,4438;5817360,343;13,25975476;52,42960604
136257;11;1;1044201;1401045;2020;1;11;2;3;0;6;0;0;1;0;1;0;0;0;796840,291;5831941,79;13,37953584;52,55641194
136258;11;7;7040406;7400928;2020;1;23;6;3;5;2;2;1;1;0;0;0;0;0;800302,5767;5821981,744;13,42146662;52,46523856
136259;11;4;4051655;4501153;2020;1;10;2;3;2;2;0;0;1;0;0;0;0;1;794193,1731;5823096,535;13,33278095;52,47855597
136260;11;9;9020701;9200715;2020;1;8;4;3;5;3;0;1;0;0;0;0;0;0;808498,9288;5819028,645;13,53901133;52,43420703
136261;11;9;9010402;9100408;2020;1;8;2;3;5;2;0;1;1;0;0;0;0;0;806528,0955;5820097,473;13,51109213;52,44489424
136262;11;11;11040926;11400929;2020;1;10;5;2;6;4;0;0;0;1;0;0;1;1;805348,0474;5827368,921;13,50044189;52,51072499
136263;11;1;1044103;1400942;2020;1;8;2;3;2;6;0;0;1;0;0;0;0;0;794873,8751;5830253,019;13,3491152;52,54234175
136264;11;1;1011303;1100310;2020;1;8;2;3;5;2;0;1;0;0;0;1;0;1;799097,7229;5828458,174;13,40959879;52,52395155
136265;11;9;9041301;9401329;2020;1;7;5;2;6;4;2;0;1;1;0;0;0;1;811675,2585;5818510,387;13,58510068;52,42776221
136266;11;6;6010102;6100102;2020;1;8;2;3;6;4;0;0;1;1;0;0;0;0;793591,6949;5820615,349;13,32176679;52,45663671
136267;11;3;3030716;3300517;2020;1;7;2;3;0;6;1;0;1;0;0;0;1;1;803406,6539;5833517,555;13,47753763;52,56691662
136268;11;2;2050801;2500832;2020;1;16;4;3;3;6;1;1;1;0;0;0;0;0;803344,3092;5826756,422;13,47044918;52,50635321
136269;11;3;3050923;3500934;2020;1;19;2;3;5;3;2;1;1;0;0;0;0;1;800443,1325;5832252,389;13,43280084;52,55722031
136270;11;2;2020204;2200210;2020;1;18;5;3;6;4;2;1;0;1;0;0;0;0;798607,1749;5825321,055;13,39957539;52,49610041
136271;11;12;12214527;12200515;2020;1;18;2;3;5;3;2;1;1;0;0;0;0;0;790145,2876;5835787,286;13,28442761;52,59449492
136272;11;10;10010310;10100313;2020;1;9;4;3;5;3;0;0;1;0;0;0;0;1;808050,8081;5830430,283;13,54297721;52,53664114
136273;11;1;1011401;1100414;2020;1;18;2;3;0;6;2;0;1;0;1;0;0;0;797457,1459;5829356,569;13,38629275;52,53290208
136274;11;1;1022204;1200626;2020;1;13;4;3;1;5;0;1;0;0;0;0;1;0;794625,8921;5828333,535;13,34376761;52,5252691
136275;11;1;1011202;1100206;2020;1;18;2;3;6;7;2;0;0;1;1;0;0;0;797687,8853;5827890,145;13,38837158;52,51963144
136276;11;8;8010303;8100314;2020;1;16;2;3;2;6;1;0;1;0;0;0;0;0;801163,6867;5823785,404;13,4357323;52,48093135
136277;11;1;1044101;1400938;2020;1;9;4;3;6;4;0;0;1;1;0;0;0;1;794448,1219;5831006,618;13,34352345;52,54932747
136278;11;11;11030618;11300617;2020;1;9;3;3;2;6;0;0;1;0;0;0;0;0;802598,1924;5829337,83;13,46183768;52,52990445
136279;11;7;7050502;7501133;2020;1;16;2;3;2;6;1;0;1;0;0;0;0;0;798343,5971;5818407,631;13,38952376;52,43427391
136280;11;1;1011402;1100416;2020;1;9;4;3;1;5;0;1;1;0;0;0;0;1;798844,1413;5829700,428;13,40698891;52,53522561
136281;11;3;3020307;3200308;2020;1;8;3;3;5;2;0;1;1;0;0;0;0;1;799870,2004;5836930,157;13,42860647;52,59946401
136282;11;9;9020701;9200715;2020;1;15;2;3;5;3;0;0;1;0;0;0;0;0;807659,9559;5819358,94;13,52701319;52,43763971
136283;11;9;9051702;9501737;2020;1;15;5;2;0;3;0;1;0;0;1;0;0;1;814580,9873;5821242,076;13,63026738;52,45057789
136284;11;4;4020205;4200203;2020;1;15;2;3;1;5;0;0;1;0;0;0;0;0;787955,3419;5827645,63;13,24512258;52,52266591
136285;11;3;3030405;3300411;2020;1;14;2;3;6;4;0;0;1;1;0;0;0;0;804070,0809;5839042,684;13,49236716;52,61606513
136286;11;6;6010101;6100101;2020;1;22;4;3;6;2;2;0;1;1;0;0;0;0;793503,4789;5820627,187;13,32048264;52,45679021
136287;11;11;11030720;11300721;2020;1;14;4;3;2;6;0;0;1;0;0;0;0;0;804702,5676;5828701,882;13,49218086;52,52303262
136288;11;9;9020701;9200715;2020;1;7;2;3;2;6;1;0;1;0;0;0;0;1;808489,8427;5819335,154;13,53916093;52,43695911
136289;11;8;8010404;8100417;2020;1;7;2;3;5;3;1;1;0;0;0;0;1;0;801912,0563;5822865,709;13,44588619;52,47227476
136290;11;3;3040614;3400721;2020;1;7;2;3;5;2;1;1;1;0;0;0;0;1;798342,9644;5833055,519;13,40263638;52,56557381
136291;11;12;12214424;12200309;2020;1;7;4;3;5;2;1;0;1;0;0;0;0;1;793478,7045;5832418,937;13,33051634;52,56251124
136292;11;4;4010101;4100101;2020;1;8;3;3;2;6;0;0;1;0;0;0;0;1;791209,6813;5829707,127;13,29475933;52,53941866
136293;11;3;3050923;3500934;2020;1;7;2;3;5;3;1;1;1;0;0;0;0;1;800427,6725;5832285,954;13,43260387;52,55752969
136294;11;2;2030302;2300315;2020;1;13;5;3;1;5;0;1;1;0;0;0;0;0;800225,7961;5825857,875;13,42383046;52,50002419
136295;11;2;2020202;2200208;2020;1;15;4;3;5;7;0;0;1;0;0;0;1;0;797393,2797;5825360,595;13,38178252;52,49711764
136296;11;8;8040933;8401139;2020;1;6;2;3;5;2;2;0;1;0;0;0;0;1;803023,8306;5819374,068;13,45903539;52,44036358
136297;11;8;8020620;8200624;2020;1;17;4;2;5;3;2;0;1;0;0;0;0;1;801173,8878;5820603,56;13,43301032;52,45240588
136298;11;5;5030731;5300737;2020;1;6;2;3;5;2;2;1;1;0;0;0;0;0;787944,744;5830021,895;13,24702546;52,54397578
136299;11;1;1033102;1300733;2020;1;21;5;3;5;7;2;0;1;0;0;0;0;0;797135,1225;5831805,007;13,38374947;52,55502506
136300;11;11;11010205;11100204;2020;1;18;4;3;6;4;2;0;1;1;0;0;0;0;806529,1475;5833581,626;13,52352184;52,56574176
136301;11;1;1011201;1100205;2020;1;6;2;3;5;3;2;0;1;0;1;0;0;0;796996,2285;5826615,614;13,37707033;52,50858378
136302;11;2;2020206;2200213;2020;1;18;4;3;2;7;2;1;1;0;0;0;0;1;799211,7632;5825016,779;13,40818129;52,4930419
136303;11;6;6020302;6200312;2020;1;1;4;1;8;7;2;0;0;0;1;0;0;0;794953,5181;5819242,646;13,34053875;52,44359796
136304;11;8;8010302;8100313;2020;1;4;2;2;5;3;2;0;1;0;1;0;0;0;801840,1779;5824430,254;13,44624742;52,48633773
136305;11;6;6010207;6100207;2020;1;8;3;3;5;2;0;1;1;0;0;0;0;0;793193,3821;5820012,907;13,31539262;52,45144979
136306;11;11;11010205;11100204;2020;1;4;2;3;5;2;2;1;1;0;0;0;0;0;806851,0487;5832568,279;13,5273191;52,55647879
136307;11;1;1022205;1200627;2020;1;4;2;3;8;1;2;0;1;0;0;0;0;1;795997,4301;5828681,135;13,36423448;52,52764212
136308;11;1;1011202;1100206;2020;1;8;3;3;5;2;0;1;1;0;0;0;0;0;797160,2016;5827687,336;13,38043628;52,51810128
136309;11;4;4020314;4200311;2020;1;2;1;3;8;1;2;0;1;0;0;0;0;1;789935,4672;5825099,118;13,27200785;52,49878669
136310;11;8;8010404;8100415;2020;1;8;5;3;5;3;0;1;1;0;0;0;0;1;802011,9778;5823509,341;13,4479356;52,47798848
136311;11;11;11010205;11100204;2020;1;6;4;3;2;6;2;0;1;0;0;1;0;1;806918,2666;5832635,863;13,52836997;52,55704661
136312;11;4;4030828;4300624;2020;1;19;1;3;6;7;2;0;1;1;0;0;0;0;792985,8852;5826101,625;13,31769792;52,50614468
136313;11;2;2050803;2500835;2020;1;3;1;3;9;1;2;0;1;1;0;0;0;1;803104,6402;5826264,68;13,46648115;52,50207899
136314;11;8;8020622;8200726;2020;1;11;3;3;6;4;0;0;1;1;0;0;0;0;801446,8783;5820311,797;13,43675209;52,44964025
136315;11;2;2030402;2300419;2020;1;0;1;3;6;4;2;0;1;1;0;0;0;0;801599,441;5825935,832;13,44407573;52,49996549
136316;11;5;5010101;5100104;2020;1;22;1;3;2;6;2;0;1;0;0;0;0;1;785904,3744;5831721,077;13,21848337;52,56028477
136317;11;10;10040933;10400940;2020;1;15;3;3;6;4;0;0;1;1;0;0;0;0;812394,9318;5824672,004;13,601415;52,48256787
136318;11;8;8020619;8200623;2020;1;20;1;3;5;5;2;0;1;0;0;0;0;0;801394,2471;5821141,955;13,43672919;52,45711022