OBJECTID;LAND;BEZ;LOR;LOR_ab_2021;UJAHR;UMONAT;USTUNDE;UWOCHENTAG;UKATEGORIE;UART;UTYP1;ULICHTVERH;IstRad;IstPKW;IstFuss;IstKrad;IstGkfz;IstSonstige;USTRZUSTAND;LINREFX;LINREFY;XGCSWGS84;YGCSWGS84
136319;11;11;11020514;11200513;2020;1;20;1;3;6;7;2;0;1;1;0;0;0;0;804604,9324;5830490,983;13,49238555;52,53912201
136320;11;2;2030401;2300418;2020;1;14;3;3;1;5;0;1;1;0;0;0;0;0;801160,6513;5825125,21;13,43689836;52,49294204
136321;11;4;4010101;4100101;2020;1;19;1;3;2;6;2;0;1;0;0;0;0;0;791263,6253;5830718,333;13,29643915;52,54845513
136322;11;3;3020307;3200310;2020;1;6;5;2;6;4;2;0;1;1;0;0;0;1;799920,8697;5838171,968;13,43047759;52,6105666
136323;11;1;1011302;1100309;2020;1;15;3;3;6;2;0;0;0;1;0;0;1;0;797914,2215;5828868,747;13,3925741;52,52827975
136324;11;3;3061227;3601243;2020;1;19;1;3;5;3;2;0;1;0;0;0;1;0;799493,143;5831756,906;13,41838286;52,55330239
136325;11;1;1044201;1401045;2020;1;18;1;3;1;5;2;0;1;0;0;0;0;0;796613,4342;5831735,497;13,37601511;52,55468636
136326;11;9;9020802;9200819;2020;1;14;3;3;6;7;0;1;0;1;0;0;0;0;810489,716;5820162,167;13,56925434;52,443239
136327;11;4;4041137;4400727;2020;1;8;3;3;5;3;0;0;1;0;0;0;0;1;790964,7037;5823389,14;13,28563375;52,48290888
136328;11;8;8010405;8100418;2020;1;17;1;3;1;5;1;1;1;0;0;0;0;0;801670,3406;5823796,408;13,44318023;52,48075032
136329;11;4;4051448;4501045;2020;1;17;5;3;6;4;2;0;1;1;0;0;0;0;793500,4365;5825216,776;13,32447744;52,49793583
136330;11;4;4020313;4200311;2020;1;12;1;3;5;2;0;0;1;0;0;0;0;0;790213,3058;5826038,984;13,27690842;52,50706503
136331;11;5;5040935;5400942;2020;1;14;3;3;5;3;0;1;1;0;0;0;0;0;782723,5119;5820878,683;13,16247388;52,46472868
136332;11;12;12302108;12601134;2020;1;21;7;3;5;3;2;0;1;0;0;0;0;1;794612,5106;5837104,597;13,35135969;52,60390191
136333;11;4;4030725;4300416;2020;1;8;4;3;3;6;0;0;1;0;0;0;0;0;791931,8596;5826194,014;13,30229356;52,50753795
136334;11;12;12214424;12200309;2020;1;23;6;3;5;3;2;0;1;0;1;0;0;0;793295,6996;5832587,74;13,32797355;52,56412308
136335;11;10;10020621;10200628;2020;1;19;7;3;2;6;2;0;1;0;0;0;0;1;811672,1666;5829776,72;13,59558476;52,52872567
136336;11;9;9030902;9300922;2020;1;12;3;3;5;3;0;1;1;0;0;0;0;0;807979,057;5815458,353;13,5281026;52,40250226
136337;11;8;8010211;8100206;2020;1;19;7;3;6;7;2;0;1;1;0;0;0;1;800425,367;5823807,954;13,42491345;52,48154015
136338;11;4;4041137;4400727;2020;1;14;4;3;1;5;0;1;1;0;0;0;0;0;791280,9347;5824368,817;13,29113358;52,49152307
136339;11;12;12214423;12200308;2020;1;17;7;3;5;3;2;0;1;0;0;0;0;1;792602,6004;5833644,865;13,31871013;52,57397266
136340;11;4;4030623;4300622;2020;1;18;7;3;6;4;2;0;1;1;0;0;0;1;793804,6082;5826890,126;13,33042197;52,51277291
136341;11;1;1044203;1401049;2020;1;11;3;2;0;4;0;0;0;1;0;0;1;0;796352,6704;5831941,681;13,37236425;52,55667653
136342;11;5;5010311;5100313;2020;1;8;3;3;2;6;0;0;1;0;0;0;0;1;785387,2348;5830617,981;13,20992705;52,5506659
136343;11;8;8041036;8401242;2020;1;18;7;3;5;3;2;0;1;0;0;0;0;1;804921,4698;5816911,735;13,48462182;52,41723963
136344;11;2;2030302;2300315;2020;1;23;5;3;5;3;2;0;1;0;0;0;1;1;800408,0334;5825799,552;13,42645441;52,49940113
136345;11;4;4030518;4300517;2020;1;14;3;3;5;3;0;0;1;0;0;0;0;1;791917,8327;5828209,159;13,30385558;52,52561083
136346;11;4;4051653;4501152;2020;1;16;7;3;2;6;2;0;1;0;0;0;0;1;793993,3193;5824432,354;13,33102488;52,49063858
136347;11;10;10010311;10100316;2020;1;7;4;3;6;4;1;0;0;1;1;0;0;1;809954,665;5830999,027;13,571488;52,54065857
136348;11;4;4030417;4300414;2020;1;11;3;3;5;2;0;0;1;0;1;0;0;1;791014,4337;5826510,265;13,28909089;52,5108633
136349;11;7;7020203;7200409;2020;1;15;7;3;2;6;0;1;1;0;0;0;0;0;795509,8256;5824411,042;13,35327684;52,4896287
136350;11;9;9051901;9501939;2020;1;16;7;3;0;1;1;1;0;0;0;0;0;1;810740,7615;5821392,79;13,57408072;52,45412479
136351;11;1;1011302;1100309;2020;1;14;7;2;5;3;0;1;0;0;0;0;0;1;798760,3319;5828975,092;13,40510505;52,52876996
136352;11;8;8030831;8301036;2020;1;13;7;3;8;1;0;0;1;0;0;0;0;1;803345,0735;5817353,001;13,46191356;52,42207064
136353;11;3;3030406;3300412;2020;1;13;7;3;0;7;0;1;0;0;0;0;0;1;802080,8124;5838488,475;13,46256869;52,6122073
136354;11;8;8020622;8200727;2020;1;11;3;3;5;3;0;1;1;0;0;0;0;0;802555,6276;5819065,285;13,45188881;52,43785515
136355;11;7;7050501;7501029;2020;1;16;3;2;5;2;2;0;1;0;1;0;0;1;797594,9514;5818740,09;13,37883988;52,43766189
136356;11;6;6040701;6400735;2020;1;12;7;2;2;7;0;0;0;0;1;1;0;1;784020,037;5816109,883;13,17745372;52,42129751
136357;11;10;10040828;10400835;2020;1;19;5;3;1;5;2;0;1;0;0;0;0;0;812100,0524;5829730,811;13,60182872;52,52806949
136358;11;1;1011303;1100310;2020;1;7;7;2;6;4;2;0;1;1;0;0;0;1;798707,9417;5828099,962;13,40354899;52,52095437
136359;11;1;1011203;1100206;2020;1;18;4;3;5;3;2;0;1;0;0;0;0;1;797765,4327;5827448,796;13,38911608;52,51563295
136360;11;11;11020515;11200514;2020;1;21;3;3;3;6;2;0;1;0;1;0;0;0;803457,3282;5829880,826;13,47495947;52,5342936
136361;11;8;8010117;8100102;2020;1;22;7;3;6;4;2;0;0;1;0;0;1;1;800546,839;5823338,665;13,4262738;52,47726689
136362;11;5;5010204;5100206;2020;1;20;3;2;0;2;2;0;1;0;1;0;0;0;781785,7672;5831582,572;13,15777144;52,56118999
136363;11;6;6020409;6200421;2020;1;16;6;3;6;7;1;0;1;0;0;0;1;0;793057,6843;5817678,212;13,31135411;52,43059246
136364;11;2;2040503;2400522;2020;1;17;6;3;3;6;1;1;0;0;0;0;0;0;801391,3999;5828724,848;13,44354607;52,52507877
136365;11;2;2010102;2100103;2020;1;19;3;3;0;2;2;1;1;0;0;0;0;0;798405,2443;5825759,8;13,39700281;52,50014364
136366;11;11;11030721;11300722;2020;1;7;6;3;6;4;1;0;1;1;0;0;0;0;804074,3165;5828684,168;13,4829333;52,52322456
136367;11;8;8010118;8100104;2020;1;8;5;3;5;2;0;1;1;0;0;0;0;1;800766,0158;5822752,913;13,42896304;52,47189593
136368;11;11;11020514;11200513;2020;1;16;3;3;0;6;1;1;1;0;0;0;0;0;804733,694;5831195,905;13,4949248;52,54536785
136369;11;1;1011303;1100310;2020;1;16;6;3;0;2;1;0;1;0;0;0;1;0;799097,439;5828268,255;13,40942383;52,52224936
136370;11;8;8010118;8100105;2020;1;17;3;3;6;7;2;0;0;1;0;0;1;0;801014,7217;5822160,328;13,43207886;52,46644741
136371;11;1;1011202;1100206;2020;1;11;6;3;6;2;0;0;1;1;0;0;0;0;797732,7697;5827625,28;13,38879409;52,51723274
136372;11;6;6030608;6300632;2020;1;13;5;2;5;3;0;0;1;0;0;0;0;1;792513,2109;5817326,846;13,30306124;52,42773389
136373;11;8;8010213;8100208;2020;1;11;6;3;2;6;0;0;1;0;0;0;0;0;801594,6114;5822836,429;13,44120036;52,47218767
136374;11;1;1011103;1100103;2020;1;18;4;3;3;6;1;0;1;0;0;0;0;0;795285,2655;5826118,901;13,35149316;52,50505992
136375;11;7;7010101;7100101;2020;1;11;6;3;6;4;0;0;1;1;0;0;0;0;794697,2239;5825759,303;13,34253624;52,5021543
136376;11;1;1033203;1300836;2020;1;19;3;3;5;3;2;1;1;0;0;0;0;0;796661,8715;5830359,522;13,37549826;52,5423259
136377;11;3;3040818;3400827;2020;1;10;6;3;5;3;0;0;1;0;0;0;1;0;799446,6473;5832479,617;13,4183511;52,55980587
136378;11;11;11010309;11100308;2020;1;7;6;2;6;4;1;0;1;1;0;0;0;1;804533,7684;5833370,76;13,4939808;52,56497168
136379;11;10;10010310;10100313;2020;1;10;6;3;2;2;0;0;1;0;0;0;0;0;808345,417;5831002,187;13,54783778;52,54159985
136380;11;3;3061228;3601245;2020;1;18;3;2;6;4;2;0;1;1;0;0;0;0;800166,8489;5830965,876;13,4275747;52,54584132
136381;11;5;5010101;5100101;2020;1;11;6;3;5;3;0;1;1;0;0;0;0;0;784402,3162;5831928,34;13,19656314;52,56292973
136382;11;11;11010204;11100203;2020;1;5;5;3;5;2;2;1;1;0;0;0;0;1;807655,433;5833603,323;13,54010619;52,56530093
136383;11;9;9020802;9200819;2020;1;17;6;2;6;4;2;0;0;1;0;0;1;0;810369,4624;5820335,885;13,56765211;52,44486407
136384;11;11;11041128;11401135;2020;1;17;6;2;6;4;2;0;1;1;0;0;0;0;806033,0786;5825655,68;13,50892991;52,4949865
136385;11;11;11030618;11300617;2020;1;17;3;3;2;6;2;0;1;0;0;0;0;0;803373,6529;5829679,62;13,473546;52,53253683
136386;11;3;3030711;3300515;2020;1;17;6;2;5;2;2;0;1;0;1;0;0;0;801597,1326;5835967,818;13,45315063;52,58988361
136387;11;12;12214423;12200308;2020;1;15;6;3;2;7;0;0;0;0;1;0;1;0;792427,6545;5833306,658;13,31583772;52,57103481
136388;11;4;4041136;4400728;2020;1;10;3;2;6;4;0;0;1;1;0;0;0;0;790667,291;5823307,004;13,28119482;52,48233093
136389;11;5;5010101;5100103;2020;1;15;6;3;5;3;0;0;1;0;0;0;0;0;785336,4881;5832488,478;13,21078891;52,56746303
136390;11;8;8010404;8100415;2020;1;14;5;3;2;6;0;0;1;0;0;0;0;0;801909,3378;5823557,239;13,44647226;52,47847455
136391;11;4;4051551;4501148;2020;1;13;6;2;5;2;0;0;1;0;1;0;0;0;792838,3744;5823217,375;13,3129956;52,48036743
136392;11;10;10020622;10200629;2020;1;9;3;3;6;2;0;0;1;1;0;0;0;1;811144,5129;5829135,485;13,58723171;52,52328075
136393;11;3;3061131;3601142;2020;1;12;6;2;6;4;0;0;1;1;0;0;0;0;799184,9761;5831110,083;13,41326838;52,547674
136394;11;12;12302211;12601031;2020;1;13;4;3;6;2;0;0;0;1;0;0;1;0;792920,7903;5837070,006;13,32642045;52,60450594
136395;11;1;1022104;1200520;2020;1;17;3;3;6;2;1;0;1;1;0;0;0;1;794569,3908;5828430,19;13,34302281;52,52616607
136396;11;1;1022101;1200517;2020;1;12;6;3;5;7;0;0;1;0;1;0;0;0;793456,9028;5829097,41;13,32726059;52,53274733
136397;11;10;10010207;10100210;2020;1;11;6;2;5;3;0;1;1;0;0;0;0;0;808694,5418;5831863,161;13,55376954;52,54911799
136398;11;2;2050801;2500831;2020;1;8;3;3;5;3;0;1;1;0;0;0;0;0;803051,8001;5826997,603;13,46637221;52,50867743
136399;11;12;12103218;12100205;2020;1;16;3;3;1;5;1;0;1;0;0;0;0;1;795180,4816;5834187,286;13,35712256;52,57744296
136400;11;1;1011303;1100310;2020;1;23;6;3;6;7;2;1;1;1;0;0;0;1;799324,0008;5828901,139;13,41332279;52,52779789
136401;11;12;12214125;12200412;2020;1;21;5;2;6;4;2;0;1;1;0;0;0;0;790913,0884;5833901,151;13,29407478;52,57717594
136402;11;5;5040936;5400943;2020;1;20;3;2;6;2;2;0;1;1;0;0;0;1;781551,5995;5819649,157;13,14423214;52,45430903
136403;11;1;1011402;1100416;2020;1;22;6;3;6;4;2;0;1;1;0;0;0;0;798522,8473;5829138,833;13,4017617;52,53036777
136404;11;6;6030504;6300528;2020;1;13;5;2;1;1;0;0;1;0;0;1;0;1;790626,8953;5817092,018;13,27519238;52,42663388
136405;11;12;12214125;12200412;2020;1;20;6;3;5;3;2;0;1;0;0;0;0;0;791759,7861;5833980,904;13,30660447;52,57743761
136406;11;1;1022206;1200628;2020;1;19;6;3;3;6;2;1;1;0;0;0;0;0;795687,5499;5828180,04;13,35923436;52,52331841
136407;11;2;2020204;2200210;2020;1;9;4;3;3;6;0;1;0;0;0;0;1;0;798249,8241;5825465,011;13,39445604;52,49758619
136408;11;1;1011103;1100103;2020;1;18;6;3;5;5;2;0;1;0;0;0;0;0;795692,043;5825724,556;13,35711865;52,50130464
136409;11;1;1011301;1100308;2020;1;17;6;3;5;2;2;0;1;0;1;0;0;0;797130,4131;5827865,617;13,3801578;52,51971561
136410;11;12;12224230;12400618;2020;1;7;6;3;6;4;1;0;1;1;0;0;0;1;786310,0793;5838913,068;13,23066875;52,62455188
136411;11;1;1011401;1100414;2020;1;8;3;3;6;4;0;0;0;1;1;0;0;0;797481,4695;5829376,631;13,38666824;52,53306864
136412;11;3;3061227;3601243;2020;1;16;3;3;6;2;1;0;1;1;0;0;0;1;799685,0361;5831275,273;13,42076997;52,5488798
136413;11;11;11020411;11200410;2020;1;7;6;3;2;6;0;0;1;0;0;0;0;1;806678,124;5832418,165;13,52463772;52,55523086
136414;11;1;1044202;1401046;2020;1;13;5;3;5;2;0;1;1;0;0;0;0;1;794623,9213;5829871,433;13,34510175;52,53905633
136415;11;11;11030618;11300617;2020;1;6;6;3;2;6;2;0;1;0;0;0;0;0;802585,8491;5829332,29;13,46165123;52,52986165
136416;11;4;4030931;4501042;2020;1;18;4;3;2;6;2;0;1;0;0;0;0;1;793601,4898;5825472,658;13,32618733;52,50017534
136417;11;11;11030721;11300723;2020;1;6;6;3;2;2;2;0;1;0;0;0;1;0;805211,424;5828423,566;13,49940235;52,52025365
136418;11;2;2010101;2100101;2020;1;7;3;3;2;6;1;0;1;0;0;0;0;0;797865,225;5825572,193;13,38890322;52,49875699
136419;11;7;7010102;7100102;2020;1;4;6;3;5;3;2;1;1;0;0;0;0;0;795425,3519;5825488,236;13,35299156;52,49933066
136420;11;5;5010206;5100208;2020;1;6;4;3;5;2;1;0;1;0;0;0;0;1;782366,7017;5830502,201;13,16539948;52,55120206
136421;11;6;6010102;6100102;2020;1;6;3;3;2;6;1;0;1;0;0;0;0;1;793442,1496;5820275,772;13,31927381;52,45367281
136422;11;5;5010339;5100317;2020;1;13;6;3;6;7;0;1;0;1;0;0;0;0;787976,0948;5827883,376;13,24563349;52,52478645
136423;11;10;10030725;10300732;2020;1;5;3;3;0;1;2;0;1;0;0;0;0;0;810278,5479;5829916,471;13,57523773;52,53077298
136424;11;10;10010310;10100313;2020;1;2;5;3;0;1;2;1;0;0;0;0;0;1;808521,013;5831165,932;13,55057086;52,5429679
136425;11;2;2010102;2100102;2020;1;21;5;3;6;4;2;0;0;1;0;0;1;0;798260,451;5825789,235;13,39490247;52,50048664
136426;11;12;12214125;12200412;2020;1;13;3;1;4;5;0;0;1;0;0;1;0;0;789832,0439;5833675,505;13,27796902;52,57572987
136427;11;1;1011102;1100102;2020;1;7;5;3;0;2;2;0;1;0;1;0;0;0;795417,411;5827468,589;13,35463245;52,51708727
136428;11;8;8040933;8401139;2020;1;8;5;3;5;3;0;0;1;0;0;0;1;1;803024,7338;5819379,284;13,45905337;52,44040983
136429;11;9;9052001;9502043;2020;1;7;5;3;5;2;0;0;1;0;0;0;0;1;809215,9384;5823033,132;13,5532321;52,46968997
136430;11;1;1022106;1200522;2020;1;14;5;3;5;3;0;1;0;0;0;0;1;0;793707,5111;5828113,591;13,33007545;52,52379294
136431;11;7;7030301;7300517;2020;1;13;2;3;6;2;0;0;1;1;0;0;0;0;793941,3574;5822512,839;13,32856934;52,47345899
136432;11;3;3061126;3601141;2020;1;14;5;3;2;6;0;0;1;0;0;0;0;0;799186,1259;5831775,211;13,41388459;52,55363519
136433;11;7;7010104;7100205;2020;1;13;6;3;5;3;0;1;1;0;0;0;0;0;796286,1008;5825322,839;13,36548733;52,49738139
136434;11;9;9051901;9501939;2020;1;14;5;3;5;2;0;1;1;0;0;0;0;0;810929,9183;5821589,509;13,57703862;52,45578013
136435;11;12;12231101;12400722;2020;1;13;2;3;5;3;0;0;1;0;0;0;0;0;791224,4146;5838481,632;13,30268469;52,61807209
136436;11;1;1022101;1200517;2020;1;15;5;3;5;3;0;1;1;0;0;0;0;0;792993,1602;5828924,836;13,32029135;52,53144975
136437;11;4;4010102;4100101;2020;1;14;5;3;3;6;0;0;1;0;0;0;0;1;793338,4467;5829736,547;13,32608341;52,53854064
136438;11;7;7040406;7400928;2020;1;12;5;3;3;6;0;1;1;0;0;0;0;0;800296,249;5822029,176;13,42141644;52,46566719
136439;11;1;1011101;1100101;2020;1;9;2;3;5;2;0;0;1;0;1;0;0;1;794925,7169;5825982,347;13,34609026;52,50403028
136440;11;1;1022104;1200519;2020;1;12;5;3;2;2;0;0;1;0;0;0;0;0;794046,1467;5828459,279;13,33535804;52,52670931
136441;11;5;5010101;5100104;2020;1;7;5;2;6;2;1;0;1;1;0;0;0;1;785230,3619;5831827,397;13,208659;52,56159151
136442;11;1;1011303;1100310;2020;1;12;5;2;6;4;0;0;0;1;0;0;1;0;799498,019;5828344,449;13,41537892;52,52271245
136443;11;8;8010510;8100521;2020;1;10;5;3;5;2;0;0;1;0;0;0;0;0;803480,2827;5821653,31;13,46780086;52,46053919
136444;11;1;1011302;1100309;2020;1;12;2;3;0;2;0;0;0;0;0;1;1;0;797756,6467;5828570,565;13,38999114;52,52569301
136445;11;1;1011204;1100207;2020;1;9;5;3;2;6;0;1;1;0;0;0;0;0;797987,7045;5826863,512;13,39185787;52,51026521
136446;11;1;1011304;1100311;2020;1;18;5;3;6;4;2;0;1;1;0;0;0;0;800056,4647;5827394,582;13,42272851;52,51389143
136447;11;11;11030720;11300721;2020;1;8;5;3;2;2;0;0;1;0;0;0;0;0;805194,393;5829104,166;13,49977666;52,526363
136448;11;1;1044101;1400938;2020;1;14;2;3;5;2;0;1;1;0;0;0;0;0;794425,8677;5831447,292;13,34358696;52,55328982
136449;11;9;9041501;9401534;2020;1;8;5;3;1;6;0;1;1;0;0;0;0;0;811022,9902;5820295,038;13,57719865;52,4441267
136450;11;4;4051448;4501045;2020;1;13;4;3;5;3;0;1;1;0;0;0;0;0;793494,8139;5825202,803;13,32438254;52,49781359
136451;11;7;7070701;7601442;2020;1;7;5;3;2;2;1;0;1;0;1;0;0;1;799734,4294;5814500,256;13,40642207;52,39848902
136452;11;3;3040513;3400620;2020;1;17;4;3;1;5;2;0;1;0;0;0;1;1;797381,4603;5833409,166;13,38880986;52,56926985
136453;11;5;5010313;5100315;2020;1;6;5;2;6;2;2;0;1;1;0;0;0;0;784285,0646;5830352,287;13,19348819;52,54886006
136454;11;1;1044202;1401047;2020;1;6;5;3;5;2;2;0;1;0;0;0;0;0;795524,5012;5830751,609;13,35912477;52,54645867
136455;11;6;6010206;6100206;2020;1;13;2;3;0;6;0;0;1;0;0;0;1;0;794418,4291;5820159,806;13,3334972;52,45210826
136456;11;8;8010118;8100105;2020;1;20;3;3;9;1;2;0;1;0;0;0;0;1;800576,6987;5821828,146;13,42535122;52,46371107
136457;11;11;11020513;11200512;2020;1;18;5;2;6;3;2;0;1;1;0;0;0;0;803208,8651;5830269,886;13,47166258;52,53791892
136458;11;1;1011301;1100308;2020;1;14;5;3;1;5;0;1;1;0;0;0;0;0;796887,9509;5828905,788;13,37752348;52,52917166
136459;11;1;1011402;1100416;2020;1;18;5;3;5;3;2;1;1;0;0;0;0;0;798813,0279;5829357,519;13,40622328;52,53216898
136460;11;1;1033203;1300836;2020;1;22;3;3;6;2;2;0;0;1;0;0;1;1;796301,3906;5830595,966;13,37040921;52,54464152
136461;11;2;2030401;2300417;2020;1;7;5;3;5;2;1;1;1;0;0;0;0;1;800798,6886;5825592,976;13,43200539;52,49733435
136462;11;1;1044103;1400942;2020;1;9;4;3;2;6;0;0;1;0;0;0;0;0;794646,7716;5830833,087;13,34629068;52,54766448
136463;11;3;3040614;3400725;2020;1;7;3;3;6;2;0;0;1;1;0;0;0;1;799612,2912;5835393,688;13,42342011;52,58583443
136464;11;6;6030608;6300632;2020;1;20;5;3;1;5;2;1;1;0;0;0;0;0;791659,6968;5817467,426;13,29066637;52,42944987
136465;11;12;12224230;12400617;2020;1;17;5;3;6;4;2;0;1;1;0;0;0;0;785216,5676;5837073,527;13,21297172;52,60863435
136466;11;11;11030720;11300721;2020;1;7;5;3;5;3;1;1;0;0;0;0;1;0;805193,8755;5828716,451;13,49941325;52,52288843
136467;11;5;5010314;5100317;2020;1;13;2;3;5;3;0;1;1;0;0;0;0;0;785279,4019;5828765,717;13,20675029;52,53411522
136468;11;8;8020727;8200832;2020;1;15;4;2;6;4;0;0;1;1;0;0;0;0;800782,043;5817429,31;13,424405;52,42416938
136469;11;7;7060604;7601339;2020;1;13;5;3;5;2;0;0;1;0;0;0;0;1;795804,0329;5816023,804;13,35016871;52,41428367
136470;11;1;1011402;1100416;2020;2;4;2;3;5;3;2;0;1;0;0;0;0;1;798511,4563;5830042,583;13,40240597;52,53847485
136471;11;9;9020702;9200717;2020;2;17;1;3;0;7;2;0;1;0;1;0;0;0;809292,268;5819618,859;13,55119004;52,4390485
136472;11;1;1044203;1401048;2020;2;13;2;3;2;2;0;0;1;0;0;0;1;1;795462,7781;5831573,483;13,3589485;52,55385951
136473;11;1;1022104;1200520;2020;2;6;2;3;6;4;1;0;0;1;1;0;0;0;794542,5382;5829083,018;13,34320651;52,53203274
136474;11;4;4030931;4501042;2020;2;15;1;3;2;6;0;0;1;0;0;0;0;1;793893,0078;5826058,673;13,33098673;52,50527175
136475;11;8;8020727;8200832;2020;2;15;4;3;0;3;0;1;0;0;0;0;1;0;801636,2899;5817396,46;13,43690022;52,42340472
136476;11;2;2030302;2300315;2020;2;20;1;3;5;3;2;0;1;0;1;0;0;1;800399,1006;5825791,316;13,42631579;52,49933222
136477;11;2;2040502;2400521;2020;2;17;1;3;5;3;2;1;1;0;0;0;0;0;801216,0722;5828645,513;13,44089772;52,52446458
136478;11;8;8010213;8100208;2020;2;18;2;3;1;5;2;1;1;0;0;0;0;1;800954,5567;5822557,57;13,43155418;52,47004117
136479;11;2;2040703;2400625;2020;2;16;1;3;0;7;0;0;1;0;0;0;1;0;801010,1097;5826751,88;13,43615794;52,50760531
136480;11;7;7030301;7300517;2020;2;8;3;3;4;6;0;1;0;0;0;0;0;0;794778,9683;5822871,613;13,34118266;52,47622379
136481;11;12;12214422;12200310;2020;2;4;1;2;1;1;2;0;1;0;0;0;1;0;792297,7563;5833651,634;13,31423059;52,57419715
136482;11;1;1011105;1100102;2020;2;13;1;3;2;6;0;0;1;0;0;0;0;0;796100,9105;5826711,343;13,36400212;52,50992859
136483;11;11;11040926;11400931;2020;2;20;1;3;6;2;2;0;1;1;0;0;0;1;806688,5339;5826892,794;13,51969365;52,50570589
136484;11;4;4010103;4100102;2020;2;15;3;3;5;2;0;1;1;0;0;0;0;1;791701,775;5829739,312;13,30202276;52,53944399
136485;11;3;3061429;3601449;2020;2;8;4;3;5;3;0;1;1;0;0;0;0;1;801199,9911;5830697,93;13,44252127;52,54286951
136486;11;2;2020206;2200213;2020;2;19;1;3;0;7;2;0;1;1;0;0;0;1;800159,1852;5825045,261;13,42211989;52,49277704
136487;11;4;4051445;4500939;2020;2;17;2;3;5;2;2;0;1;0;0;0;0;1;792060,1663;5824057,561;13,30230525;52,48831634
136488;11;7;7050501;7501029;2020;2;14;1;3;2;6;0;1;1;0;0;0;0;0;797524,8722;5819592,862;13,37857122;52,44534429
136489;11;1;1044201;1401045;2020;2;19;3;3;2;6;2;0;1;0;0;0;0;1;796999,3263;5831896,742;13,38183446;52,55592143
136490;11;4;4031032;4500937;2020;2;19;1;2;5;3;2;1;1;0;0;0;0;1;791847,511;5825217,256;13,30019815;52,49882659
136491;11;1;1011303;1100310;2020;2;13;1;3;5;2;0;0;1;0;0;0;0;0;799245,7316;5828468,891;13,4117835;52,52396641
136492;11;4;4010101;4100101;2020;2;8;5;3;5;2;0;1;0;0;0;0;1;0;790398,7703;5829029,519;13,28224422;52,53377665
136493;11;1;1011304;1100311;2020;2;19;1;3;2;6;2;1;0;0;0;0;1;1;799797,3249;5827534,754;13,41904752;52,51529034
136494;11;9;9020502;9200512;2020;2;10;3;3;5;7;0;0;1;0;0;0;1;0;809396,7948;5821505,1;13,55446971;52,45589363
136495;11;1;1011101;1100101;2020;2;10;2;3;5;3;0;0;1;0;0;0;0;1;795116,9408;5826082,499;13,34898813;52,50482467
136496;11;5;5020524;5200528;2020;2;12;7;3;2;6;0;0;1;0;0;0;0;0;783416,4945;5826742,282;13,17763471;52,51694458
136497;11;1;1033102;1300733;2020;2;11;2;2;5;3;0;0;1;0;0;0;1;1;797506,7427;5831285,723;13,38874933;52,55016747
136498;11;1;1044102;1400940;2020;2;13;3;3;1;5;0;0;1;0;0;0;0;0;794858,0233;5831983,659;13,35041892;52,55786413
136499;11;6;6010206;6100206;2020;2;19;1;3;6;2;2;0;1;1;0;0;0;1;794726,2283;5820048,791;13,33791558;52,4509472
136500;11;4;4051445;4500939;2020;2;12;7;3;0;5;0;0;0;0;0;0;1;0;792023,9273;5824052,329;13,30176847;52,48828882
136501;11;4;4051551;4501148;2020;2;15;2;3;1;5;0;0;1;0;0;0;0;1;793006,4387;5823296,113;13,31553246;52,48098314
136502;11;2;2040701;2400623;2020;2;12;7;3;2;6;0;0;1;0;0;0;0;0;800595,2543;5827067,585;13,43034896;52,5106638
136503;11;1;1033102;1300733;2020;2;18;3;3;6;2;2;0;0;1;0;0;1;0;797152,714;5831394,508;13,38364076;52,55133584
136504;11;8;8030829;8300934;2020;2;18;1;3;6;2;2;0;1;1;0;0;0;1;803167,6002;5818439,633;13,4602966;52,43190853
136505;11;4;4051655;4501153;2020;2;11;7;3;5;2;0;1;1;0;0;0;0;0;794154,6741;5824098,81;13,33310011;52,48756161
136506;11;10;10010205;10100207;2020;2;14;4;3;8;1;0;0;0;0;0;1;0;0;810062,0124;5833193,066;13,57511439;52,56025929
136507;11;12;12302110;12601235;2020;2;17;1;2;6;2;2;0;1;1;0;0;0;1;795277,3677;5836378,055;13,36050058;52,59702851
136508;11;4;4031032;4500937;2020;2;21;3;3;6;7;2;0;1;1;0;0;0;1;791374,1918;5825030,636;13,2930821;52,49740648
136509;11;4;4031032;4500938;2020;2;8;2;3;5;2;0;1;1;0;0;0;0;1;791577,8306;5824872,149;13,2959346;52,49587689
136510;11;12;12103116;12100102;2020;2;11;7;3;1;1;0;0;1;0;0;0;0;0;796282,5554;5833252,686;13,37250369;52,56846641
136511;11;1;1011402;1100416;2020;2;11;2;3;5;3;0;1;1;0;0;0;0;1;798870,0514;5829488,903;13,40717956;52,53331539
136512;11;1;1011204;1100207;2020;2;6;2;3;5;2;2;1;1;0;0;0;0;0;798616,4368;5827000,201;13,40121733;52,51114663
136513;11;1;1033201;1300834;2020;2;17;1;3;5;2;2;1;0;0;0;0;1;1;798081,4206;5830001,1;13,39604695;52,53833841
136514;11;9;9031001;9301025;2020;2;16;4;2;5;3;0;1;1;0;0;0;0;0;811034,39;5816248,822;13,57360358;52,40785954
136515;11;5;5010311;5100313;2020;2;16;1;3;6;4;1;0;1;1;0;0;0;1;785381,3206;5830228,074;13,20950496;52,54717315