OBJECTID;LAND;BEZ;LOR;LOR_ab_2021;UJAHR;UMONAT;USTUNDE;UWOCHENTAG;UKATEGORIE;UART;UTYP1;ULICHTVERH;IstRad;IstPKW;IstFuss;IstKrad;IstGkfz;IstSonstige;USTRZUSTAND;LINREFX;LINREFY;XGCSWGS84;YGCSWGS84
136910;11;8;8010404;8100415;2020;2;18;2;3;5;3;2;0;1;0;0;0;0;1;801998,4675;5823295,841;13,44754394;52,47608232
136911;11;1;1011306;1100313;2020;2;14;5;3;0;2;0;1;1;0;0;0;0;1;800072,9676;5826415,94;13,42208871;52,5051104
136912;11;5;5010314;5100317;2020;2;11;4;2;8;1;0;0;0;0;1;0;0;1;785257,678;5828842,623;13,2064969;52,53481612
136913;11;12;12103219;12100204;2020;2;7;5;3;1;1;0;0;1;0;0;0;1;0;794914,1722;5832901,656;13,35206065;52,56606279
136914;11;4;4051446;4501043;2020;2;5;4;3;5;3;2;1;1;0;0;0;0;0;792912,1779;5824395,731;13,31511478;52,49089147
136915;11;3;3050923;3500934;2020;2;21;6;3;0;3;2;0;1;0;1;0;0;1;801280,335;5831868,844;13,44476466;52,55332007
136916;11;6;6020409;6200421;2020;2;9;1;3;2;6;0;0;1;0;0;0;0;1;793452,9884;5817722,463;13,3171906;52,43077726
136917;11;2;2050802;2500833;2020;2;11;3;3;6;2;0;0;0;1;0;0;1;1;802614,9171;5826997,982;13,45995499;52,50892334
136918;11;9;9020802;9200819;2020;2;15;7;3;2;7;0;1;1;0;0;0;0;0;810493,4517;5820140,273;13,56928878;52,44304067
136919;11;6;6030503;6300526;2020;2;9;2;3;5;3;0;1;1;0;0;0;0;0;789401,5627;5817532,485;13,25760276;52,43123239
136920;11;1;1011303;1100310;2020;2;7;6;3;1;7;0;1;1;0;0;0;0;1;798949,7136;5827814,113;13,40684485;52,51825965
136921;11;1;1011203;1100206;2020;2;13;7;3;5;3;0;0;1;0;0;0;1;0;797596,1838;5827122,918;13,38633783;52,51280421
136922;11;12;12302110;12601235;2020;2;19;4;2;6;2;2;0;1;1;0;0;0;1;795277,8562;5836374,769;13,36050484;52,59699879
136923;11;12;12304314;12500824;2020;2;21;4;2;6;4;2;1;0;1;0;0;0;1;791213,0555;5836732,537;13,30097794;52,60239811
136924;11;11;11020515;11200514;2020;2;8;4;3;5;2;0;1;1;0;0;0;0;1;805113,7332;5830256,409;13,49964895;52,53673503
136925;11;11;11010310;11100309;2020;2;15;5;3;6;7;0;1;0;1;0;0;0;0;805400,6641;5833282,154;13,506649;52,56369199
136926;11;4;4010102;4100101;2020;2;13;4;3;2;6;0;0;1;0;0;0;0;1;791875,3172;5830697,802;13,30541653;52,54794367
136927;11;1;1044203;1401048;2020;2;20;6;3;5;2;2;0;1;0;0;0;0;0;795199,6744;5831321,467;13,35485505;52,55174306
136928;11;1;1022104;1200519;2020;2;18;7;3;0;6;2;1;1;0;0;0;0;1;793920,2313;5828481,984;13,33352741;52,52698074
136929;11;5;5030730;5300736;2020;2;8;3;3;2;6;0;0;1;0;0;0;0;1;785453,5624;5829250,995;13,2097278;52,53837496
136930;11;2;2020202;2200208;2020;2;19;2;3;2;6;2;0;1;0;0;0;0;0;797922,339;5825277,612;13,38947861;52,49608525
136931;11;1;1033201;1300834;2020;2;14;5;3;3;6;0;0;1;0;0;0;1;1;797699,4144;5830695,726;13,39105363;52,54477365
136932;11;6;6020304;6200314;2020;2;12;4;3;5;3;0;0;1;0;0;0;0;0;794691,4755;5818080,017;13,33566946;52,43331682
136933;11;8;8010406;8100419;2020;2;18;4;2;6;4;2;0;1;1;0;0;0;0;802017,6769;5824307,742;13,4487425;52,48514149
136934;11;7;7050501;7501029;2020;2;18;4;3;1;5;2;1;1;0;0;0;0;0;797644,092;5819416,154;13,38016276;52,44369539
136935;11;2;2030302;2300316;2020;2;20;3;2;5;7;1;0;1;0;1;0;0;0;800640,8391;5826588,454;13,4305859;52,5063441
136936;11;1;1011202;1100206;2020;2;16;4;3;5;2;0;1;0;0;0;0;0;0;797156,5882;5827708,505;13,3804021;52,51829301
136937;11;9;9051901;9501941;2020;2;7;3;3;4;6;0;1;0;0;0;0;0;0;812069,2933;5821168,002;13,59335848;52,45135357
136938;11;4;4030725;4300416;2020;2;9;6;3;5;3;0;1;1;0;0;0;0;0;791861,712;5826237,052;13,30130067;52,50796131
136939;11;8;8041036;8401242;2020;2;0;2;3;1;5;2;0;1;0;0;0;1;0;805150,3707;5816470,086;13,48757452;52,41315367
136940;11;6;6040701;6400735;2020;2;13;7;3;5;3;0;1;1;0;0;0;0;0;782210,6964;5815684,906;13,15055898;52,41842298
136941;11;4;4031032;4500937;2020;2;14;2;3;5;2;0;0;1;0;0;0;1;0;791017,0481;5824861,022;13,28768781;52,49607645
136942;11;1;1011302;1100309;2020;2;0;4;3;5;2;2;1;0;0;0;0;1;1;798680,6721;5828665,963;13,40365659;52,52604271
136943;11;11;11020412;11200411;2020;2;16;4;3;6;4;0;0;1;1;0;0;0;0;805046,3984;5831201,444;13,49952693;52,54524251
136944;11;7;7010104;7100205;2020;2;22;4;3;5;3;2;0;1;0;0;0;1;1;796358,7308;5825091,379;13,36634817;52,49526713
136945;11;1;1044202;1401046;2020;2;11;7;3;5;2;0;1;1;0;0;0;0;0;795217,665;5830192,81;13,35411637;52,54161587
136946;11;8;8020727;8200832;2020;2;10;2;3;5;3;0;0;1;0;0;0;0;1;801638,424;5817393,295;13,43692866;52,42337517
136947;11;3;3040614;3400724;2020;2;15;2;3;5;2;0;1;1;0;0;0;0;0;800025,0379;5834654,564;13,42882495;52,57898206
136948;11;1;1033202;1300835;2020;2;11;5;3;0;1;0;0;0;0;1;0;0;0;797905,4607;5829883,006;13,39335435;52,53737607
136949;11;7;7040404;7400826;2020;2;16;4;3;2;6;0;0;1;0;0;0;1;0;797326,9167;5820572,089;13,37653887;52,45422979
136950;11;3;3050923;3500934;2020;2;17;4;3;6;2;2;0;1;1;0;0;0;1;800218,2567;5832151,178;13,42940222;52,55643715
136951;11;5;5010101;5100104;2020;2;16;3;2;2;6;0;0;1;0;1;0;0;0;786021,542;5831716,06;13,22020275;52,56017826
136952;11;8;8030830;8300935;2020;2;14;4;3;5;2;0;0;1;0;0;0;0;0;802293,0607;5817847,003;13,44693655;52,42708062
136953;11;1;1044203;1401048;2020;2;15;3;3;5;2;0;1;1;0;0;0;0;1;795309,3485;5831237,275;13,35639303;52,55092891
136954;11;3;3071537;3701555;2020;2;20;6;3;6;2;2;0;1;1;0;0;0;0;799881,7164;5829796,242;13,42232681;52,53551452
136955;11;6;6030608;6300632;2020;2;19;2;3;6;2;2;0;1;1;0;0;0;1;792759,0886;5817474,695;13,3067966;52,42892783
136956;11;8;8010211;8100206;2020;2;18;5;2;6;4;2;0;1;1;0;0;0;1;800389,5746;5824098,733;13,42464998;52,4841662
136957;11;12;12214424;12200411;2020;2;18;4;3;5;3;2;0;1;0;0;0;1;1;792897,799;5832158,918;13,32174163;52,56049311
136958;11;9;9052001;9502043;2020;2;11;4;3;5;3;0;1;1;0;0;0;0;0;811283,928;5822337,524;13,58292915;52,46228197
136959;11;1;1011203;1100206;2020;2;8;5;3;5;3;0;1;1;0;0;0;0;0;798287,305;5827428,688;13,39676596;52,51516753
136960;11;4;4020313;4200311;2020;2;13;4;2;1;5;0;0;1;0;0;0;0;0;790729,8176;5826716,458;13,28508898;52,5128636
136961;11;8;8010303;8100314;2020;2;9;4;3;0;2;0;1;1;1;0;0;0;0;800357,4265;5824319,791;13,42437717;52,48616533
136962;11;1;1033203;1300836;2020;2;16;4;3;3;6;0;0;1;0;0;0;0;0;796557,7875;5829858,301;13,3735206;52,53788965
136963;11;7;7040403;7400823;2020;2;19;1;3;2;6;2;0;1;0;0;0;0;1;796898,0413;5822303,436;13,371786;52,46998284
136964;11;4;4030620;4300619;2020;2;15;3;3;5;3;0;1;1;0;0;0;0;0;792661,8947;5827418,093;13,31409574;52,51812029
136965;11;5;5010101;5100101;2020;2;9;4;2;4;6;0;0;1;0;0;0;0;0;781321,115;5835411,706;13,1541848;52,59576401
136966;11;3;3050923;3500934;2020;2;11;3;3;5;3;0;0;1;0;0;0;1;1;800773,5521;5831768,596;13,43722171;52,55270162
136967;11;12;12301203;12500930;2020;2;13;6;3;0;1;0;0;0;0;1;0;0;0;792422,7806;5834189,417;13,31654456;52,57895097
136968;11;5;5020625;5200629;2020;2;18;2;3;6;2;2;0;1;1;0;0;0;1;784704,9786;5828612,154;13,198173;52,53303875
136969;11;11;11040926;11400929;2020;2;13;7;3;5;3;0;0;1;0;0;0;0;0;805129,282;5826547,869;13,49647582;52,50348874
136970;11;10;10040829;10400836;2020;2;21;4;3;6;2;2;0;0;1;0;0;1;1;811541,5039;5827289,681;13,59133611;52,50651331
136971;11;11;11030720;11300721;2020;2;9;4;3;6;4;0;0;1;1;0;0;0;1;804333,5342;5829881,919;13,48783851;52,53381487
136972;11;12;12103116;12100102;2020;2;9;4;3;5;3;0;0;1;0;0;0;1;0;796595,8293;5833589,05;13,37741308;52,57131093
136973;11;8;8010213;8100208;2020;2;14;4;2;6;4;0;0;1;1;0;0;0;1;801051,0945;5822583,189;13,43299419;52,47021761
136974;11;12;12214422;12200310;2020;2;19;6;3;9;1;2;0;1;0;0;0;0;0;791486,7581;5833058,004;13,30177544;52,56931039
136975;11;1;1011303;1100310;2020;2;19;7;3;2;2;2;0;1;0;0;0;1;1;799143,9429;5828308,178;13,41014311;52,5225817
136976;11;2;2020203;2200209;2020;2;9;3;3;1;5;0;1;1;0;0;0;0;1;797359,6662;5824532,277;13,38054953;52,48971098
136977;11;3;3040818;3400828;2020;2;7;2;3;2;2;0;0;1;0;0;0;0;0;800078,4241;5832605,614;13,42775671;52,56058743
136978;11;3;3040614;3400725;2020;2;7;4;3;1;5;0;1;1;0;0;0;0;1;799169,4038;5834958,429;13,41650961;52,58217679
136979;11;10;10010207;10100210;2020;2;17;6;3;6;7;1;0;1;1;0;0;0;1;807959,847;5831092,856;13,54225442;52,54263044
136980;11;9;9020701;9200715;2020;2;10;1;3;5;2;0;0;1;0;0;1;0;1;808329,9227;5818869,307;13,53638623;52,43287431
136981;11;4;4030518;4300517;2020;2;12;3;3;5;3;0;1;1;0;0;0;0;1;791391,2055;5828583,944;13,29644352;52,52925245
136982;11;4;4051655;4501153;2020;2;11;2;2;6;4;0;1;0;1;0;0;0;0;794038,8687;5823909,917;13,33123286;52,48593065
136983;11;1;1011303;1100310;2020;2;9;6;3;5;7;0;1;0;0;0;0;1;0;799121,6619;5828465,676;13,40995734;52,52400567
136984;11;1;1022104;1200519;2020;2;23;1;3;2;6;2;0;1;0;0;0;0;1;793637,4965;5828496,545;13,3293846;52,52726363
136985;11;1;2040701;2400623;2020;2;18;4;3;6;2;2;0;1;1;0;0;0;1;800173,3183;5827364,388;13,42441808;52,51355649
136986;11;7;7030301;7300516;2020;2;7;4;3;1;7;0;0;1;1;0;0;0;1;793561,7329;5821970,069;13,32251866;52,46879741
136987;11;10;10020622;10200629;2020;2;8;4;3;5;3;0;1;1;0;0;0;0;0;811250,068;5828683,144;13,58835925;52,51916694
136988;11;11;11010310;11100309;2020;2;11;4;3;5;2;0;1;1;0;0;0;0;1;805555,0054;5833392,957;13,50902091;52,56459844
136989;11;12;12224229;12400616;2020;2;16;6;3;0;7;0;0;1;0;0;0;0;0;786051,8677;5834454,344;13,22301101;52,58471286
136990;11;12;12231102;12400720;2020;2;16;7;3;3;6;0;1;0;0;0;0;1;0;789336,3857;5840770,864;13,27687893;52,63960356
136991;11;6;6020302;6200312;2020;2;6;2;3;0;7;0;0;0;0;1;0;1;1;794839,3626;5819323,954;13,33893582;52,4443884
136992;11;12;12103116;12100102;2020;2;18;2;2;6;4;2;0;1;1;0;0;0;0;796599,2661;5833576,372;13,3774523;52,57119541
136993;11;4;4020311;4200310;2020;2;14;5;3;2;6;0;0;1;0;0;0;0;1;789870,9476;5826222,676;13,27203825;52,50889388
136994;11;2;2020202;2200208;2020;2;8;4;3;5;2;0;1;1;0;0;0;0;1;797929,6243;5825276,066;13,38958422;52,49606741
136995;11;6;6030503;6300527;2020;2;18;4;3;6;4;2;0;1;1;0;0;0;1;790656,1217;5817842,636;13,27627344;52,43334783
136996;11;5;5030730;5300736;2020;2;5;6;3;5;2;2;0;1;0;0;0;0;1;785967,9086;5829212,235;13,21725745;52,53775778
136997;11;11;11020514;11200513;2020;2;7;4;3;0;3;0;0;0;0;0;0;1;0;803852,5143;5830390,635;13,48123388;52,53864267
136998;11;11;11051331;11501340;2020;2;20;4;3;5;3;2;1;1;0;0;0;0;0;807231,5188;5824302,705;13,52528013;52,48218769
136999;11;1;1044202;1401046;2020;2;18;4;3;6;4;2;0;1;1;0;0;0;1;794607,8388;5829879,466;13,34487243;52,53913703
137000;11;9;9052001;9502043;2020;2;5;3;2;5;3;2;1;1;0;0;0;0;1;810990,9797;5821975,558;13,57829392;52,45920499
137001;11;1;1022106;1200522;2020;2;20;4;3;5;2;2;1;1;0;0;0;0;0;794119,5952;5828273,794;13,33627352;52,52500692
137002;11;9;9020802;9200819;2020;2;18;3;3;4;6;2;1;0;0;0;0;0;0;810524,9657;5820037,879;13,5696558;52,44210516
137003;11;2;2020204;2200210;2020;2;10;7;3;5;3;0;1;1;0;0;0;0;0;798532,8013;5825353,458;13,39851215;52,49643154
137004;11;7;7040403;7400825;2020;2;9;2;2;0;5;0;0;0;0;0;0;1;0;797588,332;5820788,694;13,38056763;52,45602918
137005;11;4;4031032;4500937;2020;2;15;2;3;5;2;0;1;1;0;0;0;0;0;790986,1887;5824832,941;13,28720999;52,49584116
137006;11;1;1011305;1100312;2020;2;8;5;3;5;3;0;1;0;0;0;0;0;0;799367,6125;5827008,491;13,41226051;52,51080922
137007;11;12;12224230;12400618;2020;2;19;4;3;5;2;2;0;1;0;0;0;0;0;787343,0709;5837844,722;13,24495896;52,61442841
137008;11;5;5010312;5100314;2020;2;15;4;2;5;3;0;1;1;0;0;0;0;1;785149,692;5829617,849;13,20557446;52,54182324
137009;11;2;2040701;2400623;2020;2;16;3;3;2;6;0;0;1;0;1;0;0;0;800746,4084;5826923,331;13,43243917;52,50928751
137010;11;1;1033102;1300733;2020;2;19;4;3;5;3;2;1;1;0;0;0;0;0;797694,5759;5831556,744;13,39175434;52,5524942
137011;11;2;2050801;2500830;2020;2;12;3;3;0;1;0;0;0;0;1;0;0;1;802442,4198;5827419,364;13,45780398;52,51279582
137012;11;4;4051446;4501043;2020;2;17;3;3;5;3;1;1;1;0;0;0;0;0;792912,1768;5824395,734;13,31511477;52,49089149
137013;11;10;10020416;10200423;2020;2;5;4;3;5;3;2;1;1;0;0;0;0;0;813245,4968;5831083,708;13,61993336;52,53953577
137014;11;2;2040702;2400624;2020;2;1;3;3;0;1;2;0;0;0;0;0;1;1;801801,3413;5827211,328;13,44819722;52,51128626
137015;11;10;10040828;10400835;2020;2;22;6;3;5;3;2;0;1;0;0;0;0;0;811845,7288;5829302,099;13,59768989;52,52437324
137016;11;4;4020310;4200308;2020;2;21;2;2;6;2;2;0;1;1;0;0;0;1;790378,7921;5827305,93;13,28044534;52,51833525
137017;11;5;5010101;5100104;2020;2;12;1;3;6;4;0;0;1;1;0;0;0;1;785911,4608;5831427,697;13,21833487;52,55765068
137018;11;3;3030405;3300411;2020;2;7;5;3;5;3;1;1;1;0;0;0;0;1;803590,0428;5839579,772;13,48579169;52,62114713
137019;11;10;10010310;10100315;2020;2;13;4;3;6;4;0;0;1;1;0;0;0;1;809875,3428;5831240,173;13,57054704;52,54286472
137020;11;7;7050502;7501133;2020;2;18;3;3;2;6;2;0;1;0;0;0;0;1;797341,2797;5818559,359;13,37495838;52,43617977
137021;11;1;1011103;1100103;2020;2;15;4;3;1;5;0;1;1;0;0;0;0;1;795489,7327;5825791,835;13,3542066;52,50201733
137022;11;9;9041501;9401534;2020;2;15;1;3;6;2;0;0;1;1;0;0;0;1;810980,752;5820467,815;13,57674001;52,44569908
137023;11;12;12214527;12200515;2020;2;14;3;3;6;4;0;0;0;1;0;0;1;0;790352,1244;5835362,312;13,28710002;52,59057469
137024;11;3;3061332;3601346;2020;2;20;3;3;0;1;1;1;0;0;0;0;0;1;799369,8062;5830724,693;13,41563864;52,54411805
137025;11;9;9010301;9100304;2020;2;10;3;3;5;3;0;1;1;0;0;0;0;0;804562,4952;5822021,77;13,48401637;52,46323955
137026;11;7;7040401;7400721;2020;2;11;6;3;1;7;0;0;1;0;0;0;0;0;797945,849;5823970,883;13,38865552;52,48435913
137027;11;10;10010311;10100316;2020;2;14;2;2;5;2;0;1;1;0;0;0;0;0;810690,9509;5832009,971;13,58325523;52,54929873
137028;11;8;8010117;8100102;2020;2;23;4;2;6;4;2;1;0;1;0;0;0;1;800482,2271;5823565,576;13,42552978;52,47933634
137029;11;12;12224230;12400619;2020;2;16;6;3;2;2;0;0;1;0;1;0;0;0;786430,0489;5837355,444;13,23108721;52,61052379
137030;11;10;10020413;10200418;2020;2;18;2;3;6;4;2;0;0;1;1;0;0;1;811294,3192;5831303,023;13,59146243;52,54261916
137031;11;6;6030503;6300527;2020;2;16;5;3;2;6;0;0;1;0;0;0;1;1;789979,7408;5817563,513;13,2661101;52,43120439
137032;11;5;5010208;5100210;2020;2;11;4;3;5;3;0;0;1;0;0;0;0;1;783711,593;5830379,735;13,18507692;52,54940514
137033;11;2;2010104;2100106;2020;2;19;3;3;3;6;2;1;1;0;0;0;0;0;798961,7729;5825589,948;13,40502449;52,49831655
137034;11;6;6020305;6200315;2020;2;7;4;3;5;2;0;1;1;0;0;0;0;1;795520,0309;5817419,594;13,34723796;52,42694953
137035;11;4;4020313;4200311;2020;2;16;6;3;2;6;0;0;1;0;0;0;0;1;790539,3852;5826347,351;13,28196847;52,509656
137036;11;1;1033102;1300733;2020;2;2;1;3;5;3;2;0;1;0;0;0;0;0;797803,2489;5831334,509;13,3931531;52,55044276
137037;11;5;5010314;5100316;2020;2;11;3;2;6;4;0;0;1;1;0;0;0;1;784835,8428;5829055,502;13,20047704;52,53694542
137038;11;4;4051549;4501146;2020;2;12;7;3;5;7;0;0;1;0;1;0;0;0;793295,6889;5823919,061;13,32032762;52,48641237
137039;11;11;11040925;11400927;2020;2;10;2;3;0;4;0;0;0;1;1;0;0;0;803955,7074;5826407,59;13,47911115;52,50288646
137040;11;10;10040931;10400938;2020;2;8;6;2;2;2;0;0;1;0;1;0;0;1;813135,8026;5828767,317;13,61613969;52,51884176
137041;11;9;9010301;9100304;2020;2;10;7;3;5;7;0;0;1;0;0;0;0;0;804649,0489;5822133,988;13,48538887;52,46419708
137042;11;8;8010214;8100209;2020;2;19;4;3;5;3;2;0;1;0;0;0;0;1;801307,184;5822227,79;13,43643191;52,46689089
137043;11;7;7040402;7400822;2020;2;7;4;3;5;3;0;0;1;0;0;0;0;0;796835,6235;5820808,148;13,36953992;52,45661287
137044;11;4;4010103;4100102;2020;2;15;3;3;5;2;0;0;1;0;0;0;0;0;791187,2298;5829177,765;13,29396536;52,53468499
137045;11;11;11051331;11501340;2020;2;0;4;3;5;3;2;0;1;0;0;0;1;0;807549,7858;5824823,687;13,5304327;52,48667764
137046;11;5;5010314;5100316;2020;2;13;7;3;2;6;0;0;1;0;0;0;0;0;784080,1522;5829015,568;13,18933114;52,53698184
137047;11;3;3010102;3100103;2020;3;9;5;3;2;2;0;1;1;0;0;0;0;0;804000,8705;5840809,724;13,49297279;52,63194069
137048;11;6;6020409;6200421;2020;3;14;3;3;2;6;0;0;1;0;0;0;0;1;793478,0236;5817690,294;13,31752954;52,43047544
137049;11;9;9020802;9200819;2020;3;16;5;3;5;2;0;0;1;0;0;0;0;0;810055,548;5819465,414;13,56224065;52,4372412
137050;11;3;3050919;3500932;2020;3;14;3;3;0;1;0;1;0;0;0;0;0;0;800998,6581;5832185,234;13,44090955;52,55631164
137051;11;11;11020514;11200513;2020;3;8;2;3;5;3;0;0;1;0;0;0;0;1;804671,5631;5830737,609;13,49359109;52,54129514
137052;11;2;2010103;2100105;2020;3;13;3;3;5;2;0;1;1;0;0;0;0;0;799447,117;5825676,005;13,4122301;52,49882183
137053;11;10;10020413;10200418;2020;3;13;3;3;5;2;0;0;1;0;0;0;0;0;811288,6729;5831561,272;13,59162143;52,54493661
137054;11;1;1011204;1100207;2020;3;8;5;3;0;3;0;0;1;0;1;0;0;0;798557,8897;5826814,406;13,40019053;52,50951328
137055;11;6;6040810;6400844;2020;3;18;6;3;6;2;2;0;1;1;0;0;0;1;790350,6475;5820665,929;13,27424646;52,45882163
137056;11;4;4030931;4501042;2020;3;1;5;2;0;1;2;0;0;0;0;0;1;0;793904,6976;5825880,77;13,33100142;52,50367064
137057;11;3;3040614;3400723;2020;3;13;3;3;3;6;0;0;1;0;0;0;1;0;799320,149;5833878,37;13,41775268;52,57241295
137058;11;1;1011302;1100309;2020;3;13;4;3;5;3;0;1;1;0;0;0;0;0;798625,6117;5828980,599;13,40312998;52,52889313
137059;11;4;4020311;4200310;2020;3;13;3;3;5;7;0;0;1;0;0;0;0;1;789333,2712;5826174,938;13,2640965;52,50875133
137060;11;8;8010404;8100415;2020;3;13;2;2;3;6;0;1;1;0;1;0;1;0;801923,3103;5823547,242;13,44666832;52,47837722
137061;11;9;9041301;9401329;2020;3;15;1;3;2;7;0;0;1;0;0;0;1;0;814685,4083;5818278,317;13,62900898;52,42395979
137062;11;3;3010102;3100103;2020;3;16;2;3;5;3;0;1;1;0;0;0;0;0;804372,7006;5840423,98;13,49809459;52,62827531
137063;11;1;1011303;1100310;2020;3;13;2;3;0;1;0;1;0;0;0;0;0;1;799179,5855;5828190,953;13,41056143;52,5215114
137064;11;1;1011302;1100309;2020;3;6;6;3;5;7;1;0;1;0;1;0;0;1;798351,227;5829034,335;13,39914546;52,52952504
137065;11;12;12214125;12200412;2020;3;0;1;3;0;7;2;0;1;0;0;0;0;1;788116,0597;5831269,464;13,25062721;52,55507013
137066;11;8;8010118;8100105;2020;3;20;2;3;6;4;2;0;0;1;1;0;0;0;801002,4877;5822165,268;13,43190377;52,46649843
137067;11;4;4041240;4400831;2020;3;17;2;3;1;5;1;1;1;0;0;0;0;0;791265,3319;5822075,812;13,28890116;52,47097459
137068;11;5;5010311;5100313;2020;3;11;6;3;0;2;0;1;1;0;0;0;0;1;785394,5915;5830307,229;13,20976816;52,54787589
137069;11;1;1011202;1100206;2020;3;19;4;3;0;6;2;1;1;0;0;0;0;0;797735,449;5827609,131;13,388819;52,51708652
137070;11;1;1011303;1100310;2020;3;15;2;3;6;4;0;0;0;1;0;0;1;0;798715,4034;5828091,554;13,40365109;52,52087491
137071;11;3;3071536;3701554;2020;3;17;4;3;0;1;0;1;0;0;0;0;0;0;798980,3667;5830035,138;13,40929246;52,53815107
137072;11;6;6010205;6100205;2020;3;7;2;3;2;6;0;0;1;0;0;0;0;1;796286,539;5819657,812;13,36046212;52,44659894
137073;11;7;7040405;7400927;2020;3;5;2;3;5;7;2;0;1;0;0;0;1;1;798212,4723;5820948,185;13,38986831;52,45711866
137074;11;1;1011303;1100310;2020;3;9;1;3;5;2;0;1;1;0;0;0;0;0;799240,7186;5828468,318;13,41170932;52,52396402
137075;11;1;1044202;1401046;2020;3;15;2;3;5;2;0;1;0;0;0;0;1;0;794896,4033;5830222,132;13,34941901;52,54205268
137076;11;3;3071537;3701556;2020;3;13;6;3;5;3;0;1;1;0;0;0;0;1;799816,8619;5829571,492;13,42117076;52,53353569
137077;11;4;4030931;4501042;2020;3;19;4;3;1;5;2;1;1;0;0;0;0;0;794344,9099;5825630,574;13,33724707;52,50119048
137078;11;6;6030503;6300526;2020;3;15;2;3;5;3;0;1;0;0;0;0;0;0;789525,6492;5817501,326;13,25939583;52,43088737
137079;11;3;3040614;3400723;2020;3;16;5;3;2;6;0;0;1;0;0;0;0;0;799533,023;5833959,757;13,42095789;52,57302534
137080;11;1;1033203;1300836;2020;3;14;2;2;8;1;0;0;1;0;0;0;0;0;796306,0923;5830691,283;13,37056337;52,54549338
137081;11;2;2020206;2200213;2020;3;18;4;3;0;7;1;1;1;0;0;0;0;1;799836,4561;5824990,557;13,41733139;52,49246407
137082;11;4;4030620;4300619;2020;3;15;4;3;6;7;0;0;0;1;0;0;1;0;792254,4867;5827275,635;13,3079835;52,51706168
137083;11;8;8020728;8200833;2020;3;13;2;3;1;5;0;0;1;0;0;0;0;0;802459,3667;5817072,217;13,44867454;52,42004416
137084;11;2;2020203;2200208;2020;3;12;2;3;6;4;0;1;0;1;0;0;0;0;797779,2784;5824942,213;13,38707772;52,49315686
137085;11;2;2050803;2500835;2020;3;8;4;3;5;2;0;1;1;0;0;0;0;0;803104,9216;5826095,522;13,46633132;52,50056269
137086;11;4;4020311;4200310;2020;3;11;2;3;2;6;0;0;1;0;0;1;0;1;789206,2087;5826856,332;13,26282168;52,5149276
137087;11;7;7050505;7501134;2020;3;10;2;2;6;2;0;0;1;1;0;0;0;0;798464,8385;5818380,01;13,39127723;52,43396017
137088;11;9;9020601;9200613;2020;3;14;7;3;5;3;0;1;1;0;0;0;0;0;807693,0624;5820976,497;13,52898824;52,45211794
137089;11;4;4020310;4200308;2020;3;10;2;3;2;6;0;0;1;0;0;0;0;1;789692,4845;5827440,048;13,27047592;52,51990266
137090;11;4;4020311;4200310;2020;3;11;6;3;5;7;0;1;1;0;0;0;0;0;789149,3626;5826923,386;13,26204457;52,5155589
137091;11;3;3040614;3400723;2020;3;16;4;3;2;6;0;0;1;0;0;0;0;0;799404,0562;5833909,666;13,41901534;52,57264732
137092;11;2;2020202;2200208;2020;3;9;2;3;0;1;0;1;0;0;0;0;0;1;797265,9189;5825057,993;13,37964191;52,49447452
137093;11;7;7020204;7200414;2020;3;16;5;3;2;6;0;1;1;0;0;0;0;0;796554,1391;5823965,994;13,36821656;52,48507297
137094;11;1;1022103;1200517;2020;3;8;2;3;2;6;0;0;1;0;0;1;0;1;793800,7237;5829984,161;13,33309874;52,54051132
137095;11;5;5020625;5200629;2020;3;10;2;3;6;4;0;0;1;1;0;0;0;1;784519,9322;5828164,26;13,19506895;52,52911955
137096;11;9;9030901;9300920;2020;3;7;2;3;3;6;0;1;1;0;0;0;0;1;809516,0476;5817193,934;13,5522276;52,41718997
137097;11;6;6030502;6300525;2020;3;13;1;3;7;7;0;1;0;0;0;0;0;0;789616,7347;5814985,386;13,25855413;52,40828261
137098;11;4;4051550;4501147;2020;3;16;4;3;2;6;0;1;0;0;0;0;0;0;793040,9639;5824147,284;13,31678769;52,48859509
137099;11;7;7040401;7400721;2020;3;12;6;3;2;2;0;0;1;0;0;0;0;1;798319,8972;5823949,937;13,39412881;52,48396714
137100;11;5;5040934;5400942;2020;3;14;1;3;0;6;0;1;0;0;0;0;0;1;783849,5391;5823541,949;13,1812712;52,48802446
137101;11;7;7030303;7300619;2020;3;21;1;2;5;7;2;0;1;0;0;0;0;0;795266,1867;5821870,957;13,34744976;52,46699041
137102;11;11;10010203;10100205;2020;3;9;7;3;2;6;0;0;1;0;0;0;0;1;806922,0211;5832609,482;13,52840078;52,55680806
137103;11;2;2020205;2200211;2020;3;20;1;3;1;5;2;1;1;0;0;0;0;0;798333,6031;5824027,196;13,39439919;52,48465219
137104;11;5;5010312;5100314;2020;3;19;6;2;1;3;2;0;1;0;0;0;0;1;785075,074;5829873,962;13,20469697;52,54415857
137105;11;3;3040818;3400831;2020;3;15;4;3;2;6;0;0;1;0;0;0;1;0;800223,1224;5834911,195;13,43197191;52,58117304