OBJECTID;LAND;BEZ;LOR;LOR_ab_2021;UJAHR;UMONAT;USTUNDE;UWOCHENTAG;UKATEGORIE;UART;UTYP1;ULICHTVERH;IstRad;IstPKW;IstFuss;IstKrad;IstGkfz;IstSonstige;USTRZUSTAND;LINREFX;LINREFY;XGCSWGS84;YGCSWGS84
137303;11;11;11051331;11501340;2020;2;11;5;2;6;4;0;0;0;1;0;0;1;1;807252,0411;5824394,214;13,52566572;52,48299627
137304;11;1;1044203;1401049;2020;2;11;5;3;5;3;0;1;1;0;0;0;0;1;796345,0097;5831942,189;13,37225204;52,55668525
137305;11;2;2040502;2400521;2020;3;17;1;3;2;2;1;0;1;0;0;0;0;0;800461,4472;5828433,352;13,42961661;52,52297929
137306;11;11;11051229;11501238;2020;2;10;5;3;2;6;0;0;1;0;0;0;1;1;804787,6485;5825410,169;13,49041715;52,49348296
137307;11;5;5010339;5100317;2020;2;10;5;2;5;2;0;0;1;0;0;1;0;1;785771,4881;5828529,555;13,21378227;52,53174004
137308;11;3;3030711;3300514;2020;3;15;6;3;5;3;0;0;1;0;1;0;0;1;801917,4592;5836361,734;13,45822379;52,59323652
137309;11;12;12214527;12200515;2020;3;11;3;3;1;5;0;1;1;0;0;0;0;0;790215,4993;5835102,993;13,28486169;52,58832284
137310;11;6;6010208;6100208;2020;2;9;5;3;5;3;0;1;1;0;0;0;0;1;794589,6046;5820289,503;13,33612327;52,45317871
137311;11;12;12302211;12601031;2020;3;10;3;3;5;3;0;0;1;0;0;0;0;0;792922,4003;5837074,215;13,32644788;52,60454281
137312;11;7;7070701;7601442;2020;2;7;5;3;6;2;0;0;0;1;0;0;1;1;799254,0945;5816248,661;13,40094568;52,41442405
137313;11;4;4020314;4200311;2020;3;9;3;3;3;6;0;0;1;0;0;1;0;0;790415,0103;5825817,944;13,27967913;52,50497605
137314;11;8;8010211;8100206;2020;2;7;5;3;2;6;0;0;1;0;0;0;0;0;800410,5414;5823954,989;13,42482828;52,48286623
137315;11;9;9051901;9501939;2020;2;6;5;3;2;6;2;0;1;0;0;0;0;1;809658,0676;5821532,545;13,55832801;52,45599163
137316;11;9;9041501;9401534;2020;3;14;1;2;5;3;0;1;1;0;0;0;0;0;810885,5554;5820660,769;13,57552338;52,44748238
137317;11;7;7050503;7400927;2020;2;6;5;3;5;2;2;1;1;0;0;0;0;1;799473,4766;5820522,344;13,40798962;52,45261209
137318;11;11;11030720;11300721;2020;2;5;5;3;2;6;2;0;1;0;0;1;0;1;806134,3608;5830159,363;13,51456052;52,53529296
137319;11;3;3040818;3400829;2020;3;6;6;2;5;3;1;0;1;0;0;0;0;1;799243,6452;5832841,193;13,41569153;52,56315841
137320;11;4;4020311;4200310;2020;3;16;3;3;5;3;0;0;1;0;1;0;0;1;789920,1553;5826701,194;13,27317812;52,51315772
137321;11;4;4030827;4300623;2020;2;12;4;3;1;5;0;1;1;0;0;0;0;1;792285,2517;5826122,302;13,30742266;52,50670585
137322;11;5;5010314;5100316;2020;2;14;4;3;6;7;0;0;0;1;0;0;1;1;784808,5562;5828931,739;13,19996974;52,53585003
137323;11;4;4030929;4501040;2020;3;15;3;3;1;5;0;0;0;0;0;0;1;1;792516,6003;5825433,518;13,31021646;52,50040709
137324;11;10;10030725;10300732;2020;2;15;4;3;2;7;0;0;1;0;0;0;1;1;810211,183;5829516,731;13,57387488;52,52722905
137325;11;3;3030715;3300516;2020;2;8;4;1;4;6;0;0;1;0;1;0;0;0;801092,8815;5833982,63;13,4439263;52,57236971
137326;11;3;3040512;3400619;2020;3;12;7;3;5;3;0;0;1;0;0;0;0;0;795415,6856;5835069,341;13,36136963;52,58522208
137327;11;4;4010101;4100101;2020;2;18;4;3;2;6;2;0;1;0;0;0;0;1;791234,302;5829730,885;13,29514215;52,53961849
137328;11;3;3061227;3601244;2020;3;22;6;3;6;6;2;0;1;1;0;0;0;1;800155,4047;5830954,708;13,42739634;52,54574753
137329;11;12;12302211;12601031;2020;2;17;4;3;2;6;1;0;1;0;0;0;0;1;792900,0604;5837015,804;13,32606726;52,60403123
137330;11;6;6010209;6100209;2020;3;20;7;3;6;6;2;0;1;1;0;0;0;0;794448,8104;5821493,195;13,33511899;52,46404508
137331;11;11;11051331;11501340;2020;2;16;4;3;5;3;0;0;1;0;0;0;0;1;807670,2733;5824549,442;13,53194841;52,48415195
137332;11;6;6020304;6200314;2020;3;13;6;3;5;3;0;0;1;0;0;0;0;1;794679,5324;5817421,917;13,33491436;52,42742368
137333;11;6;6030608;6300632;2020;3;15;3;3;5;3;0;1;1;0;0;0;0;1;791944,0173;5816876,739;13,29432072;52,42400269
137334;11;2;2030302;2300316;2020;2;15;4;3;5;3;0;1;1;0;0;0;1;1;801413,3972;5826077,113;13,44147119;52,50133462
137335;11;7;7030301;7300517;2020;3;9;5;3;5;3;0;1;1;0;0;0;0;0;794764,3867;5822873,28;13,34097006;52,47624662
137336;11;3;3050920;3500933;2020;2;15;4;3;0;1;0;0;0;0;1;0;0;1;802305,0779;5832622,33;13,46051911;52,55950568
137337;11;9;9020701;9200715;2020;3;11;2;3;5;3;0;1;1;0;0;0;0;1;808810,4513;5819001,108;13,54355375;52,43378448
137338;11;1;1011303;1100310;2020;3;17;5;3;6;4;0;0;1;1;0;0;0;0;799093,2789;5828926,629;13,40995484;52,52815299
137339;11;1;1011102;1100102;2020;2;15;4;3;0;6;0;0;1;0;1;0;1;0;795118,986;5827086,923;13,34990874;52,51382749
137340;11;4;4051447;4501044;2020;2;17;4;3;5;7;0;0;1;0;0;0;0;1;793363,119;5824939,228;13,32221599;52,49552155
137341;11;3;3061429;3601449;2020;3;0;7;3;0;1;2;0;0;0;0;0;1;1;801679,7126;5830132,351;13,44906018;52,53753483
137342;11;4;4020209;4200207;2020;3;16;5;3;0;4;0;0;1;1;0;0;0;0;789596,4472;5824993,4;13,26693575;52,49801891
137343;11;1;1011305;1100312;2020;2;8;4;3;5;3;0;1;1;0;0;0;0;1;799454,1937;5827065,24;13,41358355;52,51127037
137344;11;8;8010118;8100104;2020;3;14;3;3;2;6;0;0;1;0;0;0;0;0;800767,7437;5822753,372;13,42898881;52,4718991
137345;11;6;6020408;6200420;2020;2;20;4;3;4;1;2;0;1;0;0;0;0;1;792640,122;5816351,314;13,30406909;52,41892045
137346;11;9;9051801;9501838;2020;3;19;6;3;2;6;2;0;1;0;0;0;0;1;818451,7858;5820557,535;13,68638291;52,44220346
137347;11;7;7010102;7100103;2020;3;10;5;3;1;5;0;1;1;0;0;0;0;1;795713,6127;5825491,406;13,35722847;52,49920295
137348;11;4;4030725;4300416;2020;3;12;4;2;1;5;0;1;1;0;0;0;0;0;791898,0294;5826400,258;13,30197738;52,509405
137349;11;1;1044201;1401045;2020;3;17;4;3;1;5;0;1;1;0;0;0;0;0;796823,2996;5831552,519;13,37893789;52,55293184
137350;11;7;7060604;7601341;2020;3;11;7;2;5;3;0;1;1;0;0;0;0;0;797858,4983;5815725,629;13,38002138;52,41049676
137351;11;1;1011302;1100309;2020;3;12;2;3;5;3;0;1;1;0;0;0;0;0;798737,3973;5828832,29;13,40463967;52,52750251
137352;11;3;3030711;3300514;2020;3;11;5;3;5;3;0;1;1;0;0;0;0;0;801691,5229;5836355,105;13,45489247;52,59330248
137353;11;8;8010117;8100102;2020;3;0;7;3;5;3;2;1;1;0;0;0;0;0;800528,8138;5823369,789;13,42603724;52,47755578
137354;11;8;8020622;8200727;2020;3;11;4;3;2;6;0;0;1;0;0;0;0;0;801310,471;5819584,452;13,43409498;52,443196
137355;11;1;1011304;1100311;2020;3;9;4;3;5;2;0;1;0;0;0;0;1;0;799572,1947;5828037,814;13,41619276;52,5199232
137356;11;11;11030720;11300721;2020;3;12;6;3;5;2;0;1;1;0;0;0;0;1;805161,996;5829817,325;13,49995518;52,53277276
137357;11;5;5010101;5100104;2020;3;11;4;2;1;5;0;0;1;0;0;0;0;0;785193,6908;5831438,917;13,20778562;52,55812767
137358;11;6;6020305;6200316;2020;3;17;2;3;2;6;0;0;1;0;0;0;0;0;795905,8973;5818059,572;13,35346275;52,43247796
137359;11;2;2050802;2500833;2020;3;18;3;3;0;3;2;0;1;0;0;0;1;0;802674,7971;5827249,847;13,46106363;52,51114756
137360;11;11;11030721;11300722;2020;3;10;4;2;5;3;0;0;1;0;0;0;1;0;804241,9988;5828690,621;13,48540309;52,52318887
137361;11;2;2010101;2100101;2020;3;14;7;3;5;2;0;0;1;0;0;0;0;0;797765,6945;5826033,166;13,38785354;52,50294338
137362;11;3;3020209;3200206;2020;3;8;2;3;5;3;0;1;1;0;0;0;0;0;798342,175;5834830,075;13,40422134;52,5814805
137363;11;1;1044102;1400939;2020;3;15;7;3;5;2;0;0;1;0;1;0;0;0;795117,8433;5831553,112;13,35385756;52,5538639
137364;11;7;7040401;7400721;2020;3;15;4;3;2;6;0;0;1;0;0;0;0;0;797300,9236;5823180,662;13,37848148;52,47762717
137365;11;2;2010103;2100104;2020;3;20;4;3;5;3;2;1;1;0;0;0;0;0;799340,2377;5826193,546;13,41112556;52,50351947
137366;11;1;1033102;1300733;2020;3;18;7;3;1;5;2;1;1;0;0;0;0;0;797150,2723;5831847,422;13,38401023;52,555397
137367;11;11;11030619;11300620;2020;3;15;4;3;6;7;0;0;1;1;0;0;0;0;803902,1535;5829320,046;13,48098468;52,5290197
137368;11;12;12214421;12200307;2020;3;21;4;3;0;3;2;1;1;0;0;0;0;0;793417,5641;5833278,693;13,33037742;52,5702514
137369;11;9;9030902;9300922;2020;3;10;6;3;5;2;0;1;1;0;0;0;0;1;808174,659;5815763,159;13,53124915;52,40512397
137370;11;3;3061126;3601141;2020;3;8;4;3;5;3;0;1;1;0;0;0;0;0;799236,1725;5831603,815;13,41446606;52,55207141
137371;11;4;4041344;4400835;2020;3;13;2;3;2;6;0;0;1;0;0;0;0;0;793300,8639;5822276,146;13,31895847;52,47168141
137372;11;2;2040701;2400623;2020;3;22;3;3;5;2;2;1;1;0;0;0;0;0;800580,6025;5827051,576;13,43011925;52,51052839
137373;11;8;8010211;8100206;2020;3;8;4;2;6;4;0;0;1;1;0;0;0;0;800523,4175;5823752,281;13,42630275;52,48098718
137374;11;12;12301206;12500929;2020;3;13;6;2;6;4;0;0;1;1;0;0;0;0;793857,9784;5837618,046;13,34070614;52,60891294
137375;11;3;3050920;3500933;2020;3;17;2;3;5;3;0;1;1;0;0;0;0;0;802257,9273;5831625,674;13,45891823;52,55059896
137376;11;12;12302212;12601032;2020;3;13;7;3;0;3;0;0;1;0;1;0;0;0;793028,1628;5837599,159;13,32846994;52,60919161
137377;11;12;12214424;12200411;2020;3;12;4;3;3;6;0;0;1;0;0;1;0;0;792913,6399;5832170,225;13,32198462;52,56058594
137378;11;1;1011401;1100415;2020;3;17;4;2;0;1;0;1;0;0;0;0;0;0;798102,6025;5829340,476;13,39576579;52,53240521
137379;11;4;4030929;4501040;2020;3;15;5;3;5;2;0;1;1;0;0;0;0;0;792721,5773;5825389,746;13,31318901;52,49990477
137380;11;12;12224230;12400618;2020;3;17;3;3;5;2;1;0;1;0;1;0;0;1;786982,2465;5838304,779;13,24004353;52,61874367
137381;11;11;11051332;11501341;2020;3;17;4;3;2;6;1;0;1;0;0;0;0;0;807208,713;5823952,66;13,52462284;52,47906336
137382;11;7;7060601;7601236;2020;3;16;1;3;5;3;0;1;1;0;0;0;0;0;796643,1816;5816439,607;13,3628392;52,41755692
137383;11;11;11041128;11401135;2020;3;7;3;3;5;3;0;1;1;0;0;0;0;0;805968,0252;5825367,958;13,50771044;52,4924443
137384;11;6;6010209;6100209;2020;3;23;3;2;0;7;2;0;1;0;0;0;0;1;794697,5607;5821464,825;13,33874485;52,46365666
137385;11;1;1011103;1100103;2020;3;19;5;3;5;2;2;0;1;0;0;0;1;0;795183,589;5825907,034;13,34981166;52,50321571
137386;11;9;9020801;9200818;2020;3;12;3;3;3;3;0;0;1;0;0;0;0;1;809752,1562;5820707,248;13,55894288;52,44854219
137387;11;5;5020524;5200528;2020;3;7;2;3;2;6;0;0;1;0;0;1;0;0;783220,7378;5826795,955;13,17480323;52,51752754
137388;11;12;12214424;12200309;2020;3;8;3;3;1;5;0;0;1;0;0;0;1;0;793250,3102;5832487,27;13,32721704;52,56324687
137389;11;2;2050802;2500833;2020;3;23;3;3;5;3;2;0;1;0;0;0;0;1;802106,9986;5827356,045;13,45281885;52,51241417
137390;11;7;7070703;7601544;2020;3;19;6;2;1;5;2;0;1;0;0;1;0;0;799695,9742;5813971,753;13,40538586;52,39377269
137391;11;6;6030609;6300633;2020;3;7;2;3;2;6;0;0;1;0;0;1;0;0;793281,4062;5819049,458;13,31583839;52,44276549
137392;11;1;1044202;1401047;2020;3;12;7;3;5;2;0;1;1;0;0;0;0;0;795267,0716;5830465,711;13,35508534;52,54403542
137393;11;11;11030618;11300619;2020;3;16;3;2;6;4;0;0;1;1;0;0;0;0;803852,3748;5828731,54;13,47971539;52,52377286
137394;11;5;5030731;5300737;2020;3;15;4;3;5;2;0;0;1;0;1;0;0;0;786960,7659;5829591,675;13,2321838;52,54063776
137395;11;7;7010102;7100102;2020;3;13;5;3;5;2;0;0;1;0;0;0;1;0;794949,5228;5825651,645;13,34614704;52,5010529
137396;11;1;1033101;1300732;2020;3;20;3;3;6;4;2;1;0;1;0;0;0;1;797532,6783;5832712,69;13,39040979;52,56294423
137397;11;7;7020201;7200307;2020;3;17;4;3;1;5;0;1;1;0;0;0;0;0;794472,7057;5824208,933;13,33786766;52,48837734
137398;11;11;11041027;11401034;2020;3;11;1;3;0;1;0;0;0;0;1;0;0;0;807401,011;5827363,243;13,53059227;52,50952115
137399;11;7;7060604;7601339;2020;3;13;2;3;5;3;0;0;1;0;1;0;0;0;795754,8241;5815161,925;13,34868591;52,40658401
137400;11;11;11020411;11200410;2020;3;14;5;2;5;2;0;0;1;0;1;0;0;0;806489,4545;5832269,3;13,52172614;52,55400292
137401;11;8;8020619;8200623;2020;3;2;1;3;5;2;2;0;1;0;0;0;0;0;801551,6022;5820651,874;13,43859545;52,4526307
137402;11;1;1044203;1401048;2020;3;20;3;3;2;5;2;0;1;0;0;0;0;1;795511,1453;5831620,398;13,35970157;52,55425381
137403;11;8;8020625;8200730;2020;3;16;5;2;5;3;0;0;0;0;1;0;1;0;801780,0771;5817619,464;13,43920954;52,42532429
137404;11;8;8010404;8100417;2020;3;15;6;3;2;6;0;0;1;0;1;0;0;0;802545,5245;5823106,522;13,45540231;52,4740827
137405;11;10;10030725;10300732;2020;3;15;5;3;5;3;0;1;1;0;0;0;0;0;810227,7928;5830024,343;13,57459257;52,53176856
137406;11;6;6030610;6300634;2020;3;12;2;2;3;6;0;1;0;0;0;1;0;0;792242,4229;5818650,971;13,3002474;52,43974934
137407;11;1;1033203;1300836;2020;3;11;5;3;2;2;0;0;1;0;1;0;0;0;796723,6497;5830454,925;13,37649176;52,54314744
137408;11;11;11040925;11400927;2020;3;17;6;2;6;4;1;0;1;1;0;0;0;1;803636,1529;5826592,147;13,47458608;52,50471851
137409;11;2;2040701;2400623;2020;3;12;3;2;6;4;0;1;0;1;0;0;0;0;800846,4521;5826869,566;13,43386024;52,50875043
137410;11;7;7040402;7400822;2020;3;11;4;2;5;3;0;1;1;0;0;0;0;0;796816,8427;5822121,563;13,37043234;52,46839664
137411;11;9;9020501;9200510;2020;3;10;5;3;2;6;0;0;1;0;0;0;0;0;805687,744;5824093,449;13,50242613;52,48117862
137412;11;1;1033102;1300733;2020;3;16;3;3;5;2;0;1;1;0;0;0;0;1;797133,7645;5831801,166;13,38372606;52,55499138
137413;11;4;4051448;4501045;2020;3;16;4;3;6;4;0;0;1;1;0;0;0;0;793470,248;5824758,842;13,32363057;52,49384687
137414;11;3;3061430;3601450;2020;3;5;7;3;0;1;2;1;0;0;0;0;0;0;801747,7084;5830049,919;13,44998482;52,53675835
137415;11;2;2020204;2200210;2020;3;11;2;3;6;4;0;1;0;1;0;0;0;0;798157,5258;5824846,933;13,39254727;52,49209631
137416;11;6;6020303;6200313;2020;3;17;7;3;3;6;0;1;1;0;0;0;0;0;795251,3292;5818338,475;13,34410892;52,43533186
137417;11;1;1022103;1200517;2020;3;22;3;3;0;6;2;0;0;0;0;0;1;1;793396,507;5829565,286;13,3267858;52,53697411
137418;11;7;7040405;7400927;2020;3;6;4;3;5;2;0;1;0;0;0;1;0;0;798894,8336;5821207,589;13,40011319;52,45907115
137419;11;7;7040406;7400928;2020;3;5;6;2;1;5;2;0;1;0;0;0;1;0;800305,0077;5821957,625;13,4214806;52,46502104
137420;11;7;7050501;7501030;2020;3;9;3;3;0;1;0;1;0;0;0;0;0;1;797755,0889;5819434,288;13,38180717;52,44379752
137421;11;2;2040502;2400521;2020;3;17;2;3;5;3;0;1;1;0;0;0;0;0;801273,4159;5827949,813;13,44111026;52,51819724
137422;11;11;11040926;11400930;2020;3;15;3;3;2;6;0;0;1;0;0;0;0;0;806127,4644;5826692,276;13,51126864;52,50422388
137423;11;5;5020626;5200630;2020;3;19;3;2;5;2;2;1;1;0;0;0;0;1;784137,7606;5827307,537;13,18871837;52,52163742
137424;11;12;12302211;12601031;2020;3;19;3;2;6;2;2;0;1;1;0;0;0;1;792920,4107;5837069,013;13,32641398;52,60449725
137425;11;7;7040406;7400928;2020;3;5;2;2;5;3;2;0;1;0;1;0;0;0;800051,1214;5821914,104;13,41771549;52,46477041
137426;11;8;8020620;8200624;2020;3;4;4;3;5;2;2;0;0;0;1;0;1;0;801354,3631;5820632,995;13,43568467;52,45257025
137427;11;4;4041136;4400728;2020;3;14;4;3;2;2;0;0;1;0;0;0;0;1;790688,312;5822694,722;13,28096969;52,47683055
137428;11;12;12103219;12100204;2020;3;19;3;3;6;4;2;0;1;1;0;0;0;1;795053,6082;5832514,433;13,35376749;52,56251613
137429;11;10;10020414;10200421;2020;3;17;7;3;6;4;0;0;1;1;0;0;0;0;812379,7322;5830947,912;13,60708181;52,53881585
137430;11;12;12103218;12100205;2020;3;9;2;3;3;6;0;0;1;0;0;0;0;0;793790,8371;5832731,653;13,33538469;52,56514621
137431;11;4;4030930;4501041;2020;3;16;7;3;2;6;0;0;1;0;1;0;0;0;792982,5129;5825546,734;13,3171601;52,50117208
137432;11;2;2020202;2200208;2020;3;19;4;3;5;2;2;1;1;0;0;0;0;0;797916,269;5825263,65;13,38937697;52,49596341
137433;11;4;4020311;4200310;2020;3;11;4;3;5;2;0;1;1;0;0;0;0;0;789869,9651;5826217,188;13,27201904;52,50884519
137434;11;4;4031032;4500937;2020;3;1;6;3;2;6;2;0;1;0;0;0;0;0;791283,6138;5825017,535;13,29174014;52,49733738
137435;11;2;2020204;2200210;2020;3;19;3;3;5;3;2;1;1;0;0;0;0;1;798308,4696;5825463,866;13,39531634;52,49754387
137436;11;3;3040512;3400619;2020;3;10;2;3;5;2;0;1;1;0;0;0;0;0;796659,8412;5835658,288;13,3802068;52,58982428
137437;11;10;10040931;10400938;2020;3;19;3;3;2;2;2;0;1;0;1;0;0;0;813468,0592;5829438,918;13,62165329;52,52466904
137438;11;1;1011204;1100207;2020;3;19;3;2;5;3;2;1;1;0;0;0;0;1;797872,0582;5826759,217;13,39006553;52,5093935
137439;11;12;12214421;12200307;2020;3;13;6;3;3;6;0;0;1;0;1;0;0;0;793391,017;5833193,154;13,32991117;52,5694989
137440;11;6;6010206;6100206;2020;3;16;2;3;6;4;0;0;1;1;0;0;0;0;795018,0105;5819652,035;13,34184636;52,44723312
137441;11;3;3010102;3100103;2020;3;12;7;3;5;2;0;1;1;0;0;0;0;0;804241,9563;5840164,125;13,49592973;52,62601965
137442;11;3;3061228;3601245;2020;3;23;6;3;5;2;2;0;1;0;0;0;0;0;800322,4504;5831579,032;13,43041692;52,55125143
137443;11;9;9041501;9401534;2020;3;8;2;3;1;5;0;1;1;0;0;0;0;0;810878,4205;5820616,347;13,5753774;52,44708835
137444;11;12;12231102;12400720;2020;3;15;7;3;5;3;0;0;1;0;1;0;0;0;789631,0457;5839732,306;13,28031085;52,63013591
137445;11;6;6020306;6200317;2020;3;14;4;3;1;5;0;1;1;0;0;0;0;0;796833,9587;5817510,732;13,36658654;52,42705526
137446;11;9;9020502;9200511;2020;3;19;4;3;6;2;2;0;1;1;0;0;0;0;806943,8306;5822307,618;13,51922122;52,46446902
137447;11;4;4030620;4300619;2020;3;18;5;2;6;4;2;0;1;1;0;0;0;0;792751,4159;5827016,851;13,31505825;52,51447525
137448;11;7;7060601;7601236;2020;3;19;3;2;6;2;2;0;1;1;0;0;0;1;797295,6125;5817291,136;13,37316107;52,42483613
137449;11;5;5040934;5400942;2020;3;16;2;3;0;1;0;0;0;0;1;0;0;0;783880,8477;5822782,659;13,18108438;52,48120018
137450;11;5;5010313;5100315;2020;3;15;3;3;1;5;0;0;1;0;0;0;0;0;784674,1942;5830338,992;13,1992001;52,54853763
137451;11;12;12301205;12500928;2020;3;18;3;2;6;2;2;0;1;1;0;0;0;1;792457,105;5837313,747;13,31980842;52,60694059
137452;11;7;7030301;7300515;2020;3;8;5;3;3;6;0;1;1;0;0;0;0;0;793442,3675;5822420,653;13,32116285;52,47290087
137453;11;10;10010102;10100102;2020;3;14;2;3;5;2;0;0;1;0;0;0;0;0;809785,5214;5834077,33;13,57187435;52,56834095
137454;11;1;1011201;1100205;2020;3;14;5;3;0;1;0;1;0;0;0;0;0;0;796971,7454;5826719,956;13,37680374;52,50953242
137455;11;3;3061332;3601348;2020;3;20;6;2;5;3;2;0;1;0;0;0;0;1;799864,1236;5830464,394;13,42267116;52,54151307
137456;11;9;9010402;9100408;2020;3;14;3;2;0;7;0;0;1;0;0;0;0;0;806321,7908;5819664,288;13,50766912;52,44112746
137457;11;7;7050505;7501134;2020;3;13;4;2;6;4;0;0;1;1;0;0;0;0;798782,4669;5819086,751;13,39656724;52,44012187
137458;11;7;7060604;7601341;2020;3;12;5;3;3;6;0;0;1;0;0;0;0;1;797050,8661;5815619,393;13,36808837;52,40998326
137459;11;1;1033202;1300835;2020;3;18;3;3;5;3;2;1;1;0;0;0;0;1;796972,1168;5830137,81;13,37986139;52,5401695
137460;11;6;6020411;6200423;2020;3;16;4;3;0;7;0;0;1;0;0;0;0;0;793633,9903;5815854,94;13,31820612;52,41393824
137461;11;3;3010102;3100102;2020;3;11;7;3;5;2;0;1;1;0;0;0;0;0;804405,4338;5841212,507;13,49930303;52,63532395
137462;11;3;3050923;3500934;2020;3;12;2;3;5;3;0;1;1;0;0;0;0;0;801247,1316;5831802,494;13,44421621;52,55274374
137463;11;1;1044101;1400937;2020;3;12;3;3;5;2;0;1;1;0;0;0;0;0;793673,6741;5832254,885;13,33323914;52,5609355
137464;11;5;5030832;5300838;2020;3;15;4;2;5;2;0;0;1;0;1;0;0;0;787972,1496;5830556,249;13,2478918;52,54875199
137465;11;6;6010207;6100207;2020;3;13;5;2;5;2;0;0;0;0;1;0;1;0;793946,967;5820447,158;13,32683226;52,45493799
137466;11;1;1011204;1100207;2020;3;18;3;3;5;2;2;1;1;0;0;0;0;1;798909,592;5827335,546;13,40582539;52,51399197
137467;11;7;7040405;7400927;2020;3;15;4;2;1;5;0;0;0;0;1;0;1;0;798877,9776;5821755,482;13,40035643;52,46399153
137468;11;9;9020702;9200717;2020;3;14;1;3;2;6;0;1;0;0;0;0;0;0;809186,1761;5820663,647;13,55060097;52,44847179
137469;11;12;12301203;12500930;2020;3;13;3;3;6;7;0;1;0;1;0;0;0;0;792428,3134;5834201,7;13,31663682;52,57905811
137470;11;9;9010101;9100101;2020;3;15;5;3;5;3;0;1;0;0;0;0;0;0;801922,949;5824816,989;13,44781304;52,48975832
137471;11;12;12214126;12200413;2020;3;16;1;3;5;3;0;1;0;0;0;0;0;0;789587,1744;5833856,741;13,27452395;52,57748502
137472;11;6;6040804;6400838;2020;3;8;5;3;5;3;0;0;1;0;0;0;1;0;788760,2352;5820003,211;13,25033103;52,45372271
137473;11;4;4020311;4200310;2020;3;8;4;3;2;6;0;0;1;0;0;0;1;0;790015,2792;5826150,812;13,27409633;52,50817289
137474;11;7;7050503;7501031;2020;3;15;6;3;2;6;0;0;1;0;0;0;0;0;799349,6491;5820301,391;13,4059748;52,45069936
137475;11;4;4030827;4300623;2020;3;11;3;3;2;6;0;0;1;0;0;0;0;0;792736,3254;5826368,345;13,31426607;52,5086697
137476;11;11;11051330;11501339;2020;3;12;4;3;1;5;0;1;1;0;0;0;0;0;807069,069;5824698,34;13,5232599;52,48582483
137477;11;3;3030406;3300412;2020;3;9;5;3;1;5;0;1;1;0;0;0;0;0;803585,4861;5839028,382;13,48521845;52,61620787
137478;11;1;1022101;1200517;2020;3;20;3;3;5;5;2;0;1;0;0;0;1;1;792848,2667;5828604;13,31787882;52,52865145
137479;11;1;2040501;2400520;2020;3;14;4;3;6;4;0;0;1;0;0;0;1;0;800251,3571;5828410,737;13,42650895;52,52289232
137480;11;12;12103116;12100102;2020;3;20;7;3;5;3;2;0;1;0;0;0;0;0;796352,9454;5833575,02;13,37382722;52,57131746
137481;11;4;4051445;4500939;2020;3;11;2;3;2;6;0;0;0;0;1;0;1;0;791952,2756;5824022,351;13,30068995;52,4880584
137482;11;2;2010104;2100105;2020;3;8;4;3;5;3;0;1;1;0;0;0;0;0;799443,664;5825666,774;13,41217109;52,49874098
137483;11;1;1022101;1200517;2020;3;20;7;3;2;2;2;0;1;0;0;0;0;0;792625,6904;5828695,478;13,31468769;52,52959104
137484;11;3;3030711;3300514;2020;3;7;4;3;5;3;0;1;1;0;0;0;0;1;801691,7222;5836312,062;13,4548562;52,59291657
137485;11;6;6020411;6200423;2020;3;14;5;3;5;3;0;0;1;0;1;0;0;0;793931,5598;5815476,061;13,32223602;52,41038199
137486;11;1;1044101;1400938;2020;3;11;7;3;5;2;0;0;1;0;0;0;0;0;794524,8629;5831566,536;13,34514864;52,55430523
137487;11;1;1011101;1100101;2020;3;16;3;3;2;6;1;0;1;0;0;0;0;1;794865,0577;5825984,974;13,34520149;52,50408661
137488;11;3;3050925;3500936;2020;3;9;4;3;3;5;0;0;1;0;0;0;0;0;802768,6047;5831610,518;13,46641308;52,55017952
137489;11;8;8020622;8200727;2020;3;11;6;3;2;7;0;0;1;0;0;0;0;1;802642,2787;5819297,487;13,45336989;52,43988846
137490;11;5;5010314;5100316;2020;3;16;3;3;6;7;1;0;1;1;0;0;0;1;784983,2923;5829170,048;13,20274336;52,53789534
137491;11;11;11020412;11200411;2020;3;17;2;3;5;3;0;1;1;0;0;0;0;0;805602,2011;5831347,334;13,50783186;52,54623855
137492;11;4;4020311;4200310;2020;3;15;3;3;5;2;0;1;1;0;0;0;0;0;789439,0147;5826653,861;13,26606673;52,51298891
137493;11;1;1011303;1100310;2020;3;8;4;3;0;5;0;1;1;0;0;0;0;0;799597,4365;5828491,667;13,41697247;52,52397742
137494;11;3;3061227;3601243;2020;3;15;3;3;8;1;0;0;1;0;0;0;0;1;799716,1053;5831330,233;13,42127641;52,54935533
137495;11;6;6020306;6200317;2020;3;15;7;2;0;1;0;1;0;0;0;0;0;0;796813,36;5818278,238;13,36696572;52,43394649
137496;11;3;3061332;3601347;2020;3;18;2;3;2;6;1;0;1;0;0;0;0;0;799777,0898;5830844,709;13,42173487;52,54496986
137497;11;10;10010206;10100209;2020;3;7;4;2;5;3;0;1;1;0;0;0;0;0;809719,749;5832415,204;13,56935582;52,55348325
137498;11;5;5030833;5300840;2020;3;15;7;3;4;1;0;0;1;0;1;0;0;0;788070,8776;5829181,433;13,24815157;52,53637402
137499;11;7;7010104;7100206;2020;3;16;4;3;0;1;0;0;0;0;1;0;0;0;796020,7577;5824500,488;13,36085938;52,4901537