OBJECTID;LAND;BEZ;LOR;LOR_ab_2021;UJAHR;UMONAT;USTUNDE;UWOCHENTAG;UKATEGORIE;UART;UTYP1;ULICHTVERH;IstRad;IstPKW;IstFuss;IstKrad;IstGkfz;IstSonstige;USTRZUSTAND;LINREFX;LINREFY;XGCSWGS84;YGCSWGS84
137696;11;9;9010202;9100203;2020;4;15;4;3;5;2;0;1;1;0;0;0;0;0;804095,7014;5823584,709;13,47859126;52,47750779
137697;11;1;1011302;1100309;2020;4;9;5;3;5;7;0;1;0;0;0;0;1;0;799026,349;5828938,966;13,40898227;52,52830029
137698;11;3;3061227;3601244;2020;4;22;3;3;2;7;2;0;1;0;1;0;0;0;800154,0794;5830955,517;13,42737759;52,5457555
137699;11;3;3061126;3601140;2020;4;13;5;3;5;2;0;0;1;0;0;0;0;0;798647,9223;5831477,356;13,4057021;52,55126074
137700;11;9;9031001;9301025;2020;4;15;1;3;5;3;0;1;1;0;0;0;0;0;810338,2305;5814378,326;13,5616695;52,39149148
137701;11;9;9051901;9501939;2020;4;9;5;3;6;2;0;0;1;1;0;0;0;0;810448,5557;5821228,083;13,56964123;52,45281477
137702;11;2;2020203;2200209;2020;4;18;5;3;5;2;0;0;1;0;1;0;0;0;797126,7094;5823996,386;13,37665086;52,48503411
137703;11;8;8020727;8200832;2020;4;16;1;2;0;1;0;0;0;0;1;0;0;0;800907,4242;5816578,158;13,4254779;52,41647116
137704;11;8;8020622;8200726;2020;4;18;5;3;2;6;0;0;1;0;0;0;0;0;802601,4082;5819912,861;13,45332769;52,44542674
137705;11;3;3050925;3500936;2020;4;14;5;3;0;2;0;1;0;0;0;0;1;0;801700,7131;5831083,824;13,45023292;52,54605127
137706;11;7;7060604;7601341;2020;4;15;4;3;1;5;0;1;1;0;0;0;0;0;796661,3276;5814658,227;13,36152683;52,40157833
137707;11;7;7040401;7400721;2020;4;17;5;2;0;1;0;1;0;0;0;0;0;0;798744,8604;5823946,562;13,40036528;52,48370455
137708;11;2;2020203;2200209;2020;4;16;5;3;5;2;0;1;1;0;0;0;0;0;797481,148;5824555,098;13,38235382;52,48984936
137709;11;6;6040807;6400841;2020;4;15;4;3;2;6;0;0;1;0;0;0;0;0;789669,2136;5818294,22;13,26218857;52,43792
137710;11;2;2010104;2100106;2020;4;17;5;3;5;2;0;1;1;0;0;0;0;0;799859,8836;5825690,71;13,41830565;52,498727
137711;11;3;3040818;3400826;2020;4;16;3;3;5;2;0;1;1;0;0;0;0;0;798929,5028;5832400,82;13,41067424;52,55938372
137712;11;7;7040404;7400826;2020;4;16;5;3;2;7;0;1;1;0;0;0;0;0;796671,004;5820000,311;13,36640666;52,44946068
137713;11;4;4020313;4200311;2020;4;18;7;2;5;3;0;0;1;0;0;0;0;0;790492,3604;5826556,731;13,28146028;52,51155815
137714;11;1;1022106;1200522;2020;4;15;5;2;5;2;0;1;1;0;0;0;0;0;794543,6193;5828344,802;13,3425684;52,52541456
137715;11;9;9020701;9200715;2020;4;15;5;3;5;2;0;0;1;0;0;0;0;0;809099,1587;5818227,687;13,54707215;52,42669004
137716;11;7;7070701;7601442;2020;4;13;4;3;5;2;0;0;1;0;1;0;0;0;799278,5775;5816259,73;13,40131448;52,41450989
137717;11;4;4020206;4200204;2020;4;16;6;3;5;2;0;1;1;0;0;0;0;0;786549,397;5826170,451;13,22318652;52,51018057
137718;11;1;1044102;1400939;2020;4;15;5;3;5;3;0;0;1;0;0;0;0;0;795277,8342;5831732,453;13,35637001;52,55538483
137719;11;9;9020501;9200510;2020;4;10;4;3;0;2;0;1;0;0;0;0;1;0;806273,2322;5822159,695;13,50924532;52,46351955
137720;11;2;2020206;2200212;2020;4;17;6;3;2;6;0;0;1;0;1;0;0;0;799731,4493;5824482,631;13,41533251;52,48796894
137721;11;9;9051901;9501939;2020;4;13;4;3;5;2;0;0;1;0;1;0;0;0;811123,3309;5821876,365;13,58014315;52,45824075
137722;11;8;8020620;8200624;2020;4;15;5;3;6;4;0;0;1;1;0;0;0;0;800714,5426;5821077,24;13,42669766;52,45690455
137723;11;10;10020413;10200418;2020;4;12;4;3;0;1;0;0;0;0;1;0;0;0;811333,4504;5831058,853;13,59180879;52,54040874
137724;11;4;4010102;4100101;2020;4;15;5;3;5;2;0;0;1;0;0;0;0;0;793352,7784;5829679,724;13,32624395;52,53802354
137725;11;8;8041037;8401243;2020;4;13;5;3;0;2;0;0;0;0;1;1;0;0;805549,0589;5818558,237;13,49532512;52,43164664
137726;11;9;9020702;9200716;2020;4;10;4;3;6;2;0;0;1;1;0;0;0;0;809089,5853;5819483,236;13,54809238;52,43794764
137727;11;2;2030302;2300315;2020;4;13;5;3;2;6;0;0;1;0;1;0;0;0;800262,7274;5825754,588;13,42427976;52,49907806
137728;11;1;1011305;1100312;2020;4;13;3;3;2;6;0;0;1;0;0;0;0;0;798823,7764;5826675,057;13,40397154;52,50811863
137729;11;5;5020521;5200524;2020;4;12;5;3;5;2;0;0;1;0;0;0;0;0;780873,8684;5827770,405;13,14113087;52,52747895
137730;11;2;2050602;2500727;2020;4;12;5;3;2;6;0;0;1;0;0;0;0;0;802212,3971;5827742,382;13,4547181;52,51581852
137731;11;6;6020304;6200313;2020;4;17;4;3;3;6;0;1;0;0;0;0;1;0;795166,172;5818813,321;13,3432792;52,43963455
137732;11;1;1011304;1100311;2020;4;10;4;3;5;3;0;1;1;0;0;0;0;0;800224,5859;5827910,405;13,42566397;52,51842241
137733;11;3;3040512;3400619;2020;4;14;6;3;1;5;0;1;1;0;0;0;0;0;796097,1041;5835654,794;13,37192115;52,59009958
137734;11;4;4030622;4300621;2020;4;17;4;3;6;4;0;1;0;1;0;0;0;0;792062,4707;5826944,867;13,30487142;52,51419928
137735;11;6;6020303;6200313;2020;4;18;4;3;1;5;0;1;1;0;0;0;0;0;795204,9322;5818734,177;13,34377786;52,43890415
137736;11;3;3061434;3601451;2020;4;15;6;3;5;2;0;1;1;0;0;0;0;0;801470,275;5829800,487;13,44568054;52,53467621
137737;11;4;4051446;4501043;2020;4;22;4;3;0;1;2;1;0;0;0;0;0;0;792771,3573;5824433,622;13,31307992;52,49130669
137738;11;6;6020306;6200317;2020;4;9;1;2;5;3;0;0;1;0;1;0;0;0;796517,8018;5817312,648;13,36177473;52,42545102
137739;11;5;5010313;5100315;2020;4;9;4;3;6;2;0;0;1;1;0;0;0;0;785073,253;5829871,512;13,20466808;52,54413755
137740;11;1;1011304;1100311;2020;4;20;4;3;3;3;2;0;1;0;1;0;0;0;799693,6293;5827831,071;13,41779088;52,51800335
137741;11;12;12302109;12601133;2020;4;18;4;2;0;1;0;0;0;0;0;0;1;0;795806,4048;5836967,754;13,36881531;52,60202699
137742;11;8;8020625;8200730;2020;4;14;2;2;5;2;0;1;0;0;0;0;0;0;801429,3006;5818839,616;13,43516623;52,4364543
137743;11;1;1011303;1100310;2020;4;17;4;3;5;2;0;1;1;0;0;0;0;0;799519,36;5827573,515;13,4149984;52,5157905
137744;11;7;7050503;7501031;2020;4;16;4;3;2;6;0;0;1;0;0;1;1;0;799263,6038;5820118,589;13,40454863;52,44910789
137745;11;9;9051702;9501737;2020;4;10;4;3;1;5;0;0;1;0;0;0;0;0;815385,106;5820979,713;13,64181326;52,44776365
137746;11;9;9052001;9502043;2020;4;16;4;3;0;7;0;1;0;0;0;0;0;0;810689,163;5823646,619;13,57542187;52,47435199
137747;11;6;6040702;6400736;2020;4;9;6;3;4;2;0;0;1;0;0;0;1;0;787228,4784;5816535,285;13,2248712;52,423437
137748;11;8;8010510;8100521;2020;4;15;4;3;0;6;0;1;1;0;0;0;0;0;802989,789;5822430,636;13,46130935;52,46777851
137749;11;12;12214424;12200309;2020;4;13;4;3;6;7;0;0;1;1;0;0;0;0;793324,7471;5832679,306;13,32848181;52,56492827
137750;11;8;8020622;8200727;2020;4;9;6;3;2;6;0;0;1;0;0;0;0;0;801367,2852;5819296,232;13,43466842;52,44058129
137751;11;10;10030724;10300731;2020;4;14;4;3;5;3;0;1;1;0;0;0;0;0;808662,4679;5828636,624;13,55030169;52,52022072
137752;11;1;1044102;1400941;2020;4;19;1;3;4;6;0;0;1;0;1;0;0;0;794038,5497;5832489,758;13,33881434;52,56284406
137753;11;10;10030726;10300733;2020;3;9;3;2;0;1;0;1;0;0;0;0;0;0;809534,6797;5827679,836;13,56222556;52,51115196
137754;11;9;9020702;9200717;2020;4;14;4;3;1;5;0;1;1;0;0;0;0;0;809144,8888;5819516,952;13,54893454;52,43821854
137755;11;12;12103218;12100205;2020;3;12;3;3;2;6;0;0;1;0;0;0;0;0;794816,1923;5833041,484;13,35074356;52,5673693
137756;11;12;12301203;12500930;2020;4;14;4;3;5;3;0;0;1;0;0;0;0;0;793552,9976;5834245,228;13,33322569;52,57884274
137757;11;4;4020311;4200310;2020;4;16;5;3;0;7;0;1;1;0;0;0;0;1;789646,064;5826523,936;13,26899616;52,51171418
137758;11;12;12302110;12601235;2020;3;9;3;2;6;4;0;0;1;1;0;0;0;0;794994,2562;5835850,309;13,35586281;52,59245141
137759;11;4;4061757;4200207;2020;3;8;3;3;2;7;0;0;1;0;1;0;0;0;789205,3406;5824001,247;13,26032919;52,48933134
137760;11;11;11020513;11200512;2020;4;14;4;3;5;2;0;1;1;0;0;0;0;0;804070,7836;5831453,499;13,48541508;52,54804693
137761;11;6;6040701;6400735;2020;4;14;4;3;5;3;0;1;1;0;0;0;0;0;783928,3196;5815909,635;13,17593867;52,4195496
137762;11;10;10010204;10100206;2020;3;7;3;3;5;3;0;0;1;0;0;0;1;0;809656,9698;5833230,314;13,56919322;52,56082356
137763;11;4;4030415;4300412;2020;4;13;4;3;2;6;0;0;1;0;0;0;1;0;790663,3535;5827366,809;13,28468049;52,51872943
137764;11;9;9052001;9502043;2020;4;12;3;3;2;6;0;0;1;0;0;0;0;0;811356,3982;5822538,317;13,5841797;52,4640401
137765;11;12;12301203;12500926;2020;4;20;5;3;5;3;1;1;1;0;0;0;0;0;793227,7901;5835953,437;13,32995185;52,59433113
137766;11;2;2040502;2400521;2020;4;13;4;3;5;7;0;0;1;0;1;0;0;0;801249,0809;5827829,115;13,44064342;52,51712885
137767;11;8;8010406;8100419;2020;4;15;1;2;3;6;0;1;0;0;1;0;0;0;802530,1844;5824116,998;13,45609389;52,48314813
137768;11;5;5010206;5100208;2020;4;12;4;3;2;6;0;0;1;0;0;0;0;0;781539,4722;5830704,615;13,15340297;52,55344523
137769;11;3;3030716;3300517;2020;4;12;4;3;5;7;0;1;1;0;0;0;0;0;802921,3879;5833393,28;13,47028654;52,56607301
137770;11;11;11030720;11300721;2020;3;17;3;3;5;3;0;1;0;0;0;0;0;0;805147,6666;5829103,111;13,49908906;52,5263797
137771;11;1;1044203;1401049;2020;4;12;4;3;2;6;0;0;1;0;0;0;0;0;796103,074;5831991,509;13,36873782;52,55725895
137772;11;1;1022206;1200628;2020;4;15;5;3;5;2;0;1;1;0;0;0;0;0;795467,1275;5827765,191;13,35562643;52,51971912
137773;11;3;3030406;3300412;2020;3;15;3;3;5;3;0;0;1;0;0;0;0;0;802877,5073;5838280,59;13,4741088;52,60990074
137774;11;4;4051654;4501150;2020;4;11;4;3;6;7;0;0;1;1;0;0;0;0;793439,7127;5823787,912;13,32232711;52,48515928
137775;11;3;3030405;3300411;2020;4;15;3;3;5;3;0;0;1;0;1;0;0;0;803696,6402;5839176,438;13,48699112;52,6174727
137776;11;11;11020412;11200411;2020;4;9;4;3;5;3;0;0;1;0;0;0;0;0;805695,6529;5831380,454;13,50923618;52,54648295
137777;11;4;4051445;4500939;2020;4;7;4;3;5;2;0;0;1;0;0;0;0;0;792052,5948;5824061,764;13,30219774;52,48835807
137778;11;1;1011102;1100102;2020;4;17;3;3;0;1;0;1;0;0;0;0;0;0;796509,5905;5827657,373;13,37084928;52,51818682
137779;11;1;1011204;1100207;2020;4;7;4;3;5;3;0;1;0;0;0;0;1;0;798671,2483;5827599,489;13,40256047;52,51648842
137780;11;9;9052001;9502043;2020;4;22;7;3;8;1;2;0;1;0;0;0;0;0;810265,1902;5822726,37;13,56834395;52,46634603
137781;11;11;11030619;11300620;2020;4;4;4;3;5;2;2;0;1;0;1;0;0;0;803547,232;5829751,882;13,4761631;52,53308785
137782;11;2;1011304;1100311;2020;4;17;3;3;3;6;0;1;1;0;0;0;0;0;800104,2005;5827369,575;13,42340729;52,51364102
137783;11;10;10010308;10100311;2020;3;15;3;3;2;6;0;0;1;0;0;1;1;0;807612,0607;5830735,391;13,53681128;52,53962332
137784;11;9;9052001;9502043;2020;4;8;3;2;5;2;0;0;1;0;1;0;0;0;811329,1;5822438,024;13,58368563;52,46315687
137785;11;5;5020419;5200423;2020;4;9;5;3;2;1;0;0;1;0;0;0;0;0;782090,8761;5828087,977;13,1592923;52,52969804
137786;11;1;1011303;1100310;2020;4;17;6;3;1;6;0;1;1;0;0;0;0;0;799344,1271;5828911,01;13,41362746;52,52787531
137787;11;4;4020313;4200311;2020;3;12;3;3;6;7;0;1;0;1;0;0;0;0;790333,6454;5826460,362;13,27904405;52,5107787
137788;11;11;11040926;11400931;2020;4;16;3;3;2;7;0;1;1;0;0;0;0;0;806678,2956;5826943,552;13,51959004;52,50616655
137789;11;1;1011304;1100311;2020;4;14;2;3;5;3;0;1;1;0;0;0;0;0;799888,6162;5827799,665;13,42062758;52,51761466
137790;11;5;5020524;5200528;2020;4;15;3;3;5;3;0;1;0;0;0;0;1;0;783273,9535;5826761,403;13,17555597;52,51719009
137791;11;12;12214424;12200411;2020;4;14;3;2;5;3;0;1;1;0;0;0;0;0;792900,675;5832166,526;13,32179065;52,56055976
137792;11;12;12302108;12601134;2020;4;13;3;3;0;1;0;0;0;0;1;0;0;0;794905,89;5837259,34;13,35581709;52,60512998
137793;11;6;6020303;6200313;2020;3;11;3;3;2;2;0;0;1;0;0;0;0;0;795348,7067;5818457,837;13,34564265;52,4363493
137794;11;1;1033101;1300731;2020;4;2;6;3;1;5;2;0;1;0;0;0;0;0;797192,4806;5832256,342;13,38499711;52,55903943
137795;11;4;4010102;4100101;2020;4;16;3;2;5;3;0;1;1;0;0;0;0;0;792573,9871;5829985,237;13,31506314;52,54118102
137796;11;8;8010301;8100312;2020;4;17;4;3;6;4;0;1;0;1;0;0;0;0;801336,4994;5824690,198;13,43908724;52,48894589
137797;11;1;1011201;1100205;2020;4;16;3;3;5;3;0;1;1;0;0;0;0;0;796945,022;5826780,999;13,37646559;52,51009415
137798;11;8;8030830;8300935;2020;4;16;3;3;0;2;0;0;1;0;1;0;0;0;802386,374;5817896,428;13,44834945;52,42747207
137799;11;6;6020303;6200313;2020;3;17;2;3;5;3;0;0;1;0;0;0;0;1;795597,3785;5818544,159;13,3493664;52,43698879
137800;11;6;6040805;6400839;2020;4;0;6;3;8;1;2;0;1;0;0;0;0;0;789135,4737;5818784,759;13,25478307;52,44260035
137801;11;7;7050502;7501133;2020;4;17;3;3;5;3;0;1;1;0;0;0;0;0;797088,9539;5818571,9;13,37126865;52,43642931
137802;11;8;8010118;8100104;2020;4;20;4;3;1;5;2;1;1;0;0;0;1;0;800782,2057;5822704,906;13,42915738;52,47145671
137803;11;2;2030302;2300316;2020;4;16;6;3;6;7;0;0;1;1;0;0;0;0;801613,6005;5826048,634;13,44438585;52,50096873
137804;11;6;6020410;6200422;2020;4;18;3;3;5;3;0;1;1;0;0;0;0;0;794475,2114;5816588,988;13,33118479;52,42006681
137805;11;10;10040830;10400837;2020;4;14;1;3;1;5;0;1;1;0;0;0;0;0;810740,5784;5825441,943;13,57784971;52,49041158
137806;11;9;9010302;9100306;2020;4;16;7;3;2;2;0;0;1;0;0;0;0;0;804496,4279;5819983,853;13,48118871;52,44501105
137807;11;11;11010205;11100204;2020;4;22;3;3;5;3;2;1;1;0;0;0;0;0;806856,4886;5832573,632;13,52740404;52,5565237
137808;11;12;12224230;12400618;2020;4;12;3;3;1;5;0;1;1;0;0;0;0;0;786254,751;5838962,611;13,22989651;52,62502522
137809;11;2;2010101;2100101;2020;4;12;3;3;5;2;0;1;1;0;0;0;0;0;797844,167;5825634,055;13,38864926;52,499323
137810;11;3;3010102;3100103;2020;3;13;2;3;5;3;0;1;1;0;0;0;0;1;804356,7981;5840432,639;13,49786834;52,62836183
137811;11;9;9052001;9502043;2020;4;17;5;3;2;6;0;0;1;0;0;0;0;0;809202,3243;5822900,417;13,55290934;52,46850831
137812;11;12;12103218;12100205;2020;4;12;3;3;0;7;0;0;1;0;0;0;1;0;794354,3203;5834572,169;13,34530766;52,58134064
137813;11;4;4020310;4200308;2020;4;12;4;3;5;2;0;0;1;0;1;0;0;0;790210,7992;5827298,093;13,27796964;52,51835441
137814;11;9;9010302;9100306;2020;4;13;5;2;2;6;0;0;1;0;1;0;0;0;805014,3594;5820676,228;13,48941774;52,45092791
137815;11;7;7050502;7501133;2020;4;14;7;3;6;4;0;0;1;1;0;0;0;0;797910,5944;5818566,038;13,38331441;52,43592986
137816;11;11;11030721;11300722;2020;4;11;3;3;5;3;0;0;1;0;0;0;0;0;804251,2887;5828690,842;13,4855398;52,52318567
137817;11;3;3040508;3400618;2020;4;17;1;3;3;6;0;1;0;0;0;0;0;0;796265,9944;5837341,488;13,37591605;52,60512684
137818;11;1;1044101;1400938;2020;4;14;6;3;5;2;0;1;1;0;0;0;0;0;794020,3428;5830176,297;13,33649774;52,54211524
137819;11;12;12103220;12100206;2020;4;13;7;3;6;4;0;0;1;1;0;0;0;0;793845,5456;5833399,924;13,3367815;52,57110728
137820;11;2;2050802;2500833;2020;4;11;3;3;0;3;0;0;1;0;1;0;0;0;802545,3149;5827381,978;13,45928161;52,51240367
137821;11;9;9041601;9401635;2020;4;20;1;2;0;7;2;0;0;0;1;0;0;1;817009,4965;5817089,961;13,66194818;52,41197016
137822;11;8;8020619;8200623;2020;3;11;2;2;0;7;0;1;0;0;0;0;0;0;801814,7111;5820916,25;13,4426945;52,45485516
137823;11;5;5030730;5300736;2020;4;10;3;3;5;3;0;0;1;0;1;0;0;0;785966,9788;5829204,803;13,21723738;52,53769163
137824;11;4;4010101;4100101;2020;3;11;2;2;8;1;0;0;1;0;0;0;0;0;791213,3538;5829720,853;13,29482535;52,53953975
137825;11;11;11041128;11401137;2020;4;10;3;3;9;1;0;0;1;0;0;0;0;0;806992,6231;5826008,698;13,52334487;52,49761148
137826;11;7;7050503;7501031;2020;4;17;5;3;0;3;0;0;1;0;1;0;0;0;798382,4939;5819892,922;13,39142034;52,44756665
137827;11;4;4030827;4300623;2020;4;9;3;2;6;4;0;1;0;1;0;0;0;0;792413,4249;5826224,566;13,30939558;52,50755394
137828;11;10;10010203;10100205;2020;3;9;2;3;5;2;0;1;1;0;0;0;0;0;808064,7464;5832312,521;13,54492769;52,55350158
137829;11;9;9030901;9300920;2020;4;9;3;3;1;5;0;1;1;0;0;0;0;0;807908,1057;5817697,725;13,52912266;52,42261195
137830;11;12;12304313;12500825;2020;4;7;3;2;5;3;0;0;1;0;0;0;0;0;792387,1303;5835224,843;13,31693349;52,58825225
137831;11;2;2010104;2100106;2020;4;13;7;2;5;2;0;0;1;0;1;0;0;0;799070,8547;5825608,174;13,40664295;52,49842015
137832;11;1;1044202;1401047;2020;4;16;2;3;3;6;0;1;1;0;0;1;0;0;795638,5632;5830644,398;13,36070651;52,54543573
137833;11;9;9051901;9501939;2020;4;15;1;2;5;2;0;1;1;0;0;0;0;0;810515,2102;5821126,045;13,57052409;52,45186247
137834;11;11;11030720;11300721;2020;4;13;2;3;0;1;0;0;0;0;1;0;0;1;805136,599;5829983,673;13,49973463;52,53427786
137835;11;11;11030721;11300724;2020;4;13;2;3;5;3;0;1;1;0;0;0;0;0;804746,5441;5827955,861;13,49214362;52,51632181
137836;11;1;1022104;1200519;2020;3;9;2;2;0;1;0;0;0;0;1;0;0;0;793881,8822;5829141,5;13,33354677;52,5329136
137837;11;12;12231101;12400723;2020;4;13;2;2;6;4;0;1;0;1;0;0;0;0;792747,2363;5838414,389;13,3250545;52,61665102
137838;11;8;8010510;8100521;2020;4;14;5;2;5;7;0;0;1;0;1;0;0;0;802331,825;5822098,879;13,45135252;52,46516943
137839;11;1;1033101;1300732;2020;4;12;2;3;5;2;0;1;1;0;0;0;0;0;797421,3474;5832531,171;13,38860952;52,56137797
137840;11;8;8030829;8300934;2020;4;11;2;3;0;6;0;0;1;0;0;0;1;0;802919,2999;5818294,439;13,456524;52,43074469
137841;11;6;6030606;6300630;2020;3;8;2;3;5;7;0;1;1;0;0;0;0;0;793677,978;5819140,834;13,32173652;52,4433718
137842;11;12;12214126;12200413;2020;4;11;2;3;5;3;0;0;1;0;0;0;0;0;790219,2357;5834014,985;13,28396386;52,57856694
137843;11;12;12301203;12500930;2020;4;16;5;3;6;7;0;0;1;1;0;0;0;0;793597,2015;5834903,13;13,33445897;52,58471655
137844;11;7;7070704;7601545;2020;3;8;2;3;5;2;0;1;1;0;0;0;0;0;800543,1322;5814125,739;13,41793665;52,39468884
137845;11;2;2050601;2500726;2020;4;20;2;3;6;4;1;0;0;1;0;0;1;0;801969,3134;5829037,068;13,4523221;52,52755745
137846;11;6;6030609;6300633;2020;4;16;3;3;6;2;0;0;1;1;0;0;0;0;793263,5378;5819084,398;13,31560692;52,4430883
137847;11;12;12302211;12601031;2020;4;12;7;3;5;3;0;1;1;0;0;0;0;0;792920,2742;5837068,656;13,32641166;52,60449413
137848;11;10;10010308;10100311;2020;4;11;2;3;5;2;0;1;1;0;0;0;0;0;807184,7707;5829119,681;13,52903774;52,52538429
137849;11;7;7030303;7300619;2020;4;18;7;2;0;5;0;1;1;0;0;0;0;0;795305,2526;5821757,307;13,34792258;52,46595048
137850;11;5;5010209;5100211;2020;4;11;2;3;5;3;0;1;1;0;0;0;0;0;782907,2657;5830341,252;13,17321363;52,54947845
137851;11;5;5030730;5300735;2020;4;19;2;3;6;4;1;0;1;1;0;0;0;0;786496,5904;5831386,528;13,22690681;52,55697405
137852;11;7;7040405;7400927;2020;3;10;2;1;4;6;0;0;0;0;1;1;0;0;798898,3764;5821379,927;13,40031949;52,460614
137853;11;12;12103218;12100205;2020;4;8;5;3;0;3;0;1;0;0;0;0;1;0;794569,8949;5832978,404;13,34706419;52,56693717
137854;11;11;11020515;11200514;2020;4;11;2;3;5;2;0;0;1;0;0;0;0;0;805033,3674;5830423,664;13,49862126;52,53827902
137855;11;7;7050501;7501030;2020;4;7;5;3;6;4;0;0;1;1;0;0;0;0;797691,3323;5819588,489;13,38100929;52,44521448
137856;11;11;11040925;11400927;2020;4;16;6;3;5;3;0;1;1;0;0;0;0;0;803782,627;5826622,634;13,47676528;52,50491023
137857;11;5;5010207;5100209;2020;3;17;1;3;1;5;0;1;1;0;0;0;0;0;783336,1904;5830768,014;13,17988668;52,55308192
137858;11;4;4041136;4400728;2020;4;10;2;3;6;2;0;0;1;1;0;0;0;0;790662,722;5822761,981;13,28065259;52,47744716
137859;11;9;9031101;9301126;2020;4;9;2;3;0;7;0;0;1;0;1;0;0;1;811032,2556;5818083,726;13,57527743;52,42430453
137860;11;7;7010102;7100102;2020;3;0;1;3;5;2;2;0;1;0;0;0;0;0;794958,1529;5825654,926;13,34627672;52,50107765
137861;11;5;5020625;5200629;2020;4;10;2;3;1;5;0;0;1;0;1;0;0;0;784389,4796;5828603,193;13,19352663;52,53312312
137862;11;4;4020310;4200308;2020;4;15;3;3;2;6;0;0;1;0;0;0;0;0;789609,4492;5828391,873;13,27008448;52,52848004
137863;11;2;2040503;2400522;2020;4;6;2;3;5;2;0;0;1;0;1;0;0;0;801466,6474;5828625,394;13,44456169;52,52414576
137864;11;7;7050505;7501134;2020;4;18;2;3;5;2;1;0;1;0;1;0;0;0;799174,5995;5819063,45;13,40229811;52,43969863
137865;11;10;10010203;10100205;2020;4;18;2;3;5;3;0;1;1;0;0;0;0;0;807546,3716;5831668,483;13,53670962;52,5480227
137866;11;4;6040703;6400737;2020;3;11;7;3;0;1;0;1;0;0;0;0;0;0;785047,0605;5821462,188;13,19708216;52,46875318
137867;11;1;1011301;1100308;2020;4;17;5;3;2;6;0;0;1;0;1;0;0;0;797083,8674;5828992,63;13,38048064;52,52984337
137868;11;1;1044103;1400942;2020;4;2;2;3;8;1;2;0;1;0;0;0;0;0;795157,5448;5830614,472;13,35360712;52,54542829
137869;11;2;2030301;2300314;2020;4;19;4;2;5;3;1;0;1;0;0;0;0;0;800213,601;5826108,907;13,42387765;52,50228099
137870;11;1;1044101;1400938;2020;4;15;6;3;2;6;0;0;1;0;1;0;0;0;794425,4485;5829907,683;13,34221595;52,53948855
137871;11;6;6040804;6400838;2020;4;11;7;3;0;2;0;1;1;0;0;0;0;0;787649,8886;5818150,111;13,23244056;52,43769378
137872;11;12;12302110;12601235;2020;4;18;2;3;5;7;0;0;1;0;1;0;0;0;795319,9311;5836371,469;13,36112128;52,59694636
137873;11;6;6030503;6300527;2020;4;10;1;3;1;5;0;1;1;0;0;0;0;0;790975,8604;5818625,543;13,28164485;52,44019674
137874;11;4;4020311;4200310;2020;4;9;7;3;5;3;0;0;1;0;0;0;0;0;789453,4208;5826661,624;13,26628517;52,51305085
137875;11;2;2020203;2200208;2020;4;2;2;2;5;3;2;1;1;0;0;0;0;0;797801,6081;5824910,423;13,38737724;52,49285972
137876;11;3;3051022;3501038;2020;4;17;2;3;2;6;0;0;1;0;0;0;0;0;803465,5696;5831765,92;13,47680259;52,55118452
137877;11;5;5030730;5300736;2020;4;16;2;3;0;6;0;0;1;0;0;0;1;0;785448,6753;5829251,57;13,20965643;52,53838268
137878;11;4;4030518;4300517;2020;4;17;2;3;5;7;0;1;1;0;0;0;0;0;791932,0421;5828573,233;13,30438409;52,52886707
137879;11;6;6040807;6400841;2020;4;15;2;3;1;5;0;0;1;0;0;0;0;0;789914,8722;5818894,558;13,26631312;52,44317207
137880;11;9;9020501;9200510;2020;4;15;2;3;5;2;0;1;0;0;0;1;0;0;806554,9536;5822318,83;13,51352528;52,46478781
137881;11;1;1011303;1100310;2020;3;13;7;3;0;2;0;0;0;0;1;0;1;0;799113,834;5828309,341;13,4097017;52,52260864
137882;11;10;10040933;10400940;2020;4;11;5;3;2;2;0;0;1;0;0;0;1;0;812400,3633;5824665,78;13,60148889;52,48250899
137883;11;6;6040806;6400840;2020;4;14;2;3;8;1;0;0;1;0;0;0;0;0;789494,3745;5819660,738;13,26080772;52,45026397
137884;11;4;4030931;4501042;2020;4;15;4;3;5;2;0;0;1;0;0;0;0;0;793981,94;5826174,861;13,33239581;52,50626539
137885;11;1;1022104;1200519;2020;4;19;6;3;5;3;0;1;1;0;0;0;0;0;794053,3612;5828530,044;13,33552666;52,52733977
137886;11;9;9010101;9100101;2020;4;13;2;2;5;2;0;0;1;0;1;0;0;0;802359,9734;5825338,753;13,45470346;52,49419303
137887;11;2;2030302;2300316;2020;4;19;1;3;5;3;1;0;1;0;1;0;0;0;800812,6862;5826156,163;13,43271964;52,50237464
137888;11;6;6040808;6400842;2020;3;15;7;2;5;3;0;1;1;0;0;0;0;0;790166,551;5819757,978;13,27075556;52,45077939
137889;11;9;9010301;9100304;2020;4;17;1;3;3;6;0;1;1;0;0;0;0;0;804457,6726;5821727,937;13,48221021;52,46066442
137890;11;5;5020626;5200631;2020;3;16;7;3;5;3;0;1;0;0;0;0;0;0;784769,6398;5826817,377;13,19758669;52,51691298
137891;11;4;4041136;4400728;2020;4;14;1;3;5;3;0;1;0;0;1;0;0;0;789613,0354;5823370,986;13,26576926;52,48346473
137892;11;1;1022206;1200628;2020;4;17;5;3;5;2;0;1;1;0;0;0;0;0;795946,6745;5828332,571;13,36317826;52,52454513