OBJECTID;LAND;BEZ;LOR;LOR_ab_2021;UJAHR;UMONAT;USTUNDE;UWOCHENTAG;UKATEGORIE;UART;UTYP1;ULICHTVERH;IstRad;IstPKW;IstFuss;IstKrad;IstGkfz;IstSonstige;USTRZUSTAND;LINREFX;LINREFY;XGCSWGS84;YGCSWGS84
138286;11;6;6030503;6300526;2020;4;14;4;3;1;5;0;1;1;0;0;0;0;0;789557,3222;5817916,331;13,26021981;52,43459131
138287;11;6;6030610;6300634;2020;4;21;1;2;5;2;2;0;1;0;0;0;0;0;792935,9392;5817749,196;13,30963073;52,43129403
138288;11;4;4041134;4400726;2020;4;17;3;3;2;6;0;0;1;0;0;0;0;0;790889,933;5824731,465;13,28570752;52,49498273
138289;11;4;4051448;4501045;2020;4;12;7;3;1;5;0;1;1;0;0;0;0;0;793660,1833;5825431,589;13,32701328;52,49977559
138290;11;10;10040830;10400837;2020;4;7;5;3;4;6;0;1;1;0;0;0;0;0;810755,8434;5825978,469;13,5785742;52,49521096
138291;11;2;2050802;2500834;2020;4;22;3;3;6;2;2;0;0;1;0;0;1;0;801980,6698;5826926,712;13,45057343;52,50863599
138292;11;2;2020206;2200212;2020;4;9;6;3;3;6;0;1;0;0;0;0;0;0;799272,3944;5824566,579;13,40866734;52,48897325
138293;11;1;1022102;1200518;2020;4;17;6;3;2;6;0;0;1;0;0;0;0;0;793545,7404;5829012,865;13,32849184;52,53194159
138294;11;9;9051901;9501941;2020;4;14;7;3;5;2;0;1;1;0;0;0;0;0;812067,0661;5821203,944;13,59335939;52,45167693
138295;11;7;7060604;7601340;2020;4;7;5;3;5;2;0;1;1;0;0;0;0;0;796394,8067;5815912,813;13,35873123;52,41296915
138296;11;7;7030303;7300619;2020;4;12;3;2;2;6;0;0;1;0;1;0;0;0;795483,9149;5822744,162;13,35141894;52,47470036
138297;11;3;3061228;3601245;2020;4;8;6;2;6;4;0;0;1;1;0;0;0;0;801069,6481;5831181,523;13,44104339;52,54727605
138298;11;1;1011101;1100101;2020;4;17;6;3;5;3;0;1;1;0;0;0;0;0;795264,3929;5826626,177;13,35163648;52,50961856
138299;11;12;12103117;12100101;2020;4;17;2;3;5;3;0;1;1;0;0;0;0;0;796317,3031;5832460,459;13,37230729;52,56134606
138300;11;11;11030619;11300620;2020;4;10;4;3;0;2;0;1;0;0;0;0;1;0;804145,0127;5829822,08;13,48501299;52,53338379
138301;11;1;1011401;1100415;2020;4;8;3;3;0;7;0;0;1;0;0;0;1;0;797803,7566;5829122,25;13,39117763;52,53061244
138302;11;9;9010202;9100203;2020;4;22;1;3;1;5;2;0;1;0;0;0;0;0;804294,2397;5823135,319;13,48109553;52,47336944
138303;11;6;6030610;6300634;2020;4;11;4;3;5;2;0;0;1;0;0;0;1;0;792950,1106;5817757,837;13,30984615;52,43136391
138304;11;11;11040926;11400931;2020;4;18;1;3;5;3;0;0;1;0;1;0;0;0;806623,2707;5827334,778;13,51914221;52,50970373
138305;11;12;12301203;12500930;2020;4;16;3;3;5;2;0;0;1;0;1;0;0;0;793944,503;5835295,312;13,33991821;52,58804464
138306;11;3;3040818;3400831;2020;4;9;7;3;5;2;0;0;1;0;0;0;0;0;800071,8602;5833884,802;13,42881723;52,5720567
138307;11;2;2010104;2100106;2020;4;14;4;3;0;7;0;1;0;0;0;0;0;0;799954,084;5825469,135;13,41948964;52,49668915
138308;11;11;11030824;11300826;2020;4;17;3;3;5;2;0;1;1;0;0;0;0;0;803887,6532;5826860,145;13,47852468;52,50698049
138309;11;11;11030720;11300721;2020;4;8;6;3;5;3;0;1;1;0;0;0;0;0;804919,5305;5829938,668;13,49650304;52,53399598
138310;11;1;1011301;1100308;2020;4;14;5;3;5;3;0;0;1;0;0;0;1;0;796917,6175;5828138,219;13,37727416;52,52227509
138311;11;4;4030620;4300619;2020;4;17;5;3;5;2;0;0;1;0;1;0;0;0;792144,0637;5827324,525;13,30640374;52,51755913
138312;11;8;8010301;8100310;2020;4;11;2;3;5;2;0;1;1;0;0;0;0;0;800544,4167;5825153,244;13,42787435;52,49353296
138313;11;5;5010311;5100313;2020;4;18;4;3;2;6;1;0;1;0;0;0;0;1;785958,0743;5830415,703;13,21814888;52,54855294
138314;11;8;8010508;8100520;2020;4;17;2;3;6;4;0;0;1;1;0;0;0;0;803268,9998;5823463,52;13,46634598;52,47688125
138315;11;12;12103220;12100206;2020;4;16;3;3;3;6;0;0;1;0;1;0;0;0;794142,1808;5833882,983;13,34157429;52,57527733
138316;11;7;7020203;7200410;2020;4;1;1;3;9;1;2;0;1;0;0;0;0;0;795527,166;5823819,656;13,3530071;52,48431798
138317;11;4;4020311;4200310;2020;4;15;2;3;6;4;0;0;1;1;0;0;0;0;789503,0826;5826794,37;13,26713043;52,5142146
138318;11;11;11041023;11401033;2020;4;16;3;3;1;5;0;0;1;0;0;0;1;0;807045,9715;5827808,27;13,52578787;52,51370948
138319;11;3;3040508;3400618;2020;4;17;4;3;5;2;0;0;1;0;1;0;0;1;797278,5432;5836374,724;13,38995588;52,59590839
138320;11;3;3020307;3200310;2020;4;6;3;3;9;1;0;0;1;0;0;0;0;0;799348,2963;5837715,404;13,42163386;52,60678994
138321;11;10;10030724;10300731;2020;4;16;3;2;0;3;0;0;0;0;1;0;1;0;809569,3411;5828034,69;13,56306475;52,51431237
138322;11;8;8010510;8100521;2020;4;19;1;2;6;7;0;0;0;1;1;0;0;0;803108,088;5822334,318;13,46295799;52,4668496
138323;11;1;1011303;1100310;2020;4;2;1;3;0;1;2;1;0;0;0;0;0;0;799016,9677;5827870,955;13,40788416;52,51873228
138324;11;8;8020625;8200730;2020;4;16;3;3;5;2;0;1;1;0;0;1;0;0;801370,7987;5819267,247;13,43469382;52,44031954
138325;11;8;8020619;8200622;2020;4;7;6;3;5;3;0;1;1;0;0;0;0;0;802259,5409;5821610,163;13,44984916;52,460829
138326;11;1;1033201;1300834;2020;4;15;3;3;2;6;0;0;1;0;0;0;0;0;797675,5588;5830716,097;13,39072114;52,54496929
138327;11;3;3050925;3500936;2020;4;8;6;3;0;1;0;1;0;0;0;0;0;0;801648,356;5831110,865;13,44948772;52,54632263
138328;11;11;11020514;11200513;2020;4;9;5;3;0;1;0;1;0;0;0;0;0;0;804569,1621;5831032,332;13,49235603;52,54399383
138329;11;1;1011302;1100309;2020;4;13;5;3;3;6;0;1;1;0;0;0;0;0;798491,2126;5829067,667;13,40123284;52,52974719
138330;11;2;2020204;2200210;2020;4;14;2;3;3;5;0;0;1;0;1;0;0;0;798189,8225;5824980,644;13,39314122;52,49327722
138331;11;1;1011103;1100103;2020;4;14;4;3;2;3;0;0;1;0;1;0;0;0;795293,2516;5826169,231;13,35165512;52,50550677
138332;11;1;1011304;1100311;2020;4;10;2;3;5;2;0;0;1;0;0;0;0;0;799731,2741;5827550,046;13,41809084;52,51546372
138333;11;2;2020204;2200210;2020;4;15;3;2;5;3;0;1;0;0;1;0;0;0;798176,4687;5824842,093;13,39282112;52,49204258
138334;11;4;4051655;4501153;2020;4;15;1;2;5;3;0;0;1;0;1;0;0;0;794030,7203;5823089,255;13,33038941;52,4785782
138335;11;5;5030731;5300737;2020;4;14;7;3;2;6;0;0;1;0;1;0;1;0;787515,0067;5829899,111;13,24059968;52,54310191
138336;11;7;7010104;7100206;2020;4;15;3;3;5;2;0;1;1;0;0;0;0;0;796685,4176;5824819,925;13,3709044;52,49265632
138337;11;2;2030302;2300316;2020;4;10;6;3;5;2;0;1;0;0;0;0;1;0;801470,0657;5826032,482;13,4422631;52,50090328
138338;11;1;1044101;1400938;2020;4;16;7;3;1;5;0;1;1;0;0;0;0;0;793874,7143;5830235,091;13,33440856;52,54272086
138339;11;8;8041037;8401243;2020;4;15;3;3;5;2;0;0;1;0;0;0;1;0;805546,882;5818559,479;13,49529434;52,43165899
138340;11;12;12214422;12200310;2020;4;13;6;3;5;2;0;1;0;0;0;1;0;0;792081,322;5832942,495;13,31042136;52,56795618
138341;11;9;9010101;9100101;2020;4;19;3;3;1;5;0;1;0;0;0;0;1;0;802164,6169;5824938,326;13,45147156;52,49071216
138342;11;8;8010301;8100312;2020;4;20;5;3;3;6;1;1;0;0;0;0;0;1;801262,5649;5824587,69;13,43790897;52,48806789
138343;11;6;6030503;6300527;2020;4;11;5;3;5;3;0;1;0;0;0;0;1;0;790947,1343;5818105,229;13,28077052;52,43554732
138344;11;7;7060604;7601341;2020;4;14;2;3;5;3;0;0;1;0;0;0;0;0;797744,9205;5815400,623;13,37806749;52,40764517
138345;11;4;4041344;4400835;2020;4;7;4;3;6;2;0;0;1;1;0;0;0;0;792944,0298;5821915,576;13,31340353;52,46864047
138346;11;9;9010301;9100305;2020;4;20;2;3;5;2;1;0;1;0;0;0;0;0;805016,4709;5822703,253;13,49130077;52,46909421
138347;11;8;8010404;8100415;2020;4;15;3;3;1;5;0;0;1;0;0;0;0;0;801458,1132;5823633,243;13,4399171;52,47940504
138348;11;6;6040701;6400735;2020;4;16;7;3;0;1;0;0;0;0;1;0;0;0;782020,6019;5815648,8;13,14774073;52,41819722
138349;11;4;4030519;4300518;2020;4;8;3;3;3;6;0;0;1;0;0;0;0;0;791236,2418;5828955,961;13,29449155;52,53267036
138350;11;4;4030931;4501042;2020;4;8;6;3;5;3;0;1;1;0;0;0;0;0;793978,1507;5825543,667;13,33178286;52,50060911
138351;11;12;12214422;12200310;2020;4;14;3;3;5;2;0;1;0;0;0;0;1;0;792266,4735;5833931,572;13,31401705;52,57672347
138352;11;4;4030415;4300412;2020;4;18;6;3;1;5;0;0;1;0;1;0;0;0;791074,4739;5827430,332;13,29077796;52,51907962
138353;11;8;8010117;8100102;2020;4;17;2;3;2;7;0;0;1;0;1;0;0;0;800376,834;5823626,841;13,42403776;52,47994346
138354;11;2;2050602;2500728;2020;4;16;5;3;5;3;0;1;1;0;0;0;0;0;803198,9008;5828285,08;13,4697061;52,5201351
138355;11;11;11040926;11400929;2020;4;11;3;3;2;2;0;0;1;0;0;0;0;0;804907,5328;5826255,789;13,49295154;52,50099492
138356;11;8;8010509;8100521;2020;4;12;2;3;5;2;0;0;1;0;0;0;0;0;803662,2124;5822279,683;13,47104024;52,46605222
138357;11;7;7030301;7300516;2020;4;13;4;3;2;6;0;1;1;0;0;0;0;0;794005,3303;5821605,066;13,32870852;52,46528676
138358;11;1;1011202;1100206;2020;4;19;2;3;2;2;0;1;1;0;0;0;0;0;797201,9517;5827496,533;13,38087932;52,5163682
138359;11;7;7040402;7400822;2020;4;17;5;2;8;1;0;1;0;0;0;0;0;0;796044,0254;5820811,138;13,35792658;52,45706902
138360;11;4;4030417;4300414;2020;4;8;2;3;0;2;0;1;1;0;0;0;0;0;790945,2785;5826751,364;13,28828553;52,51306164
138361;11;3;3061228;3601245;2020;4;15;4;3;5;3;0;0;1;0;1;0;0;0;801152,8326;5831129,121;13,44221891;52,54676038
138362;11;8;8020622;8200727;2020;4;18;2;3;1;5;0;0;1;0;0;0;0;0;802241,6279;5819087,086;13,44730336;52,43822416
138363;11;2;2030301;2300417;2020;4;12;3;3;1;5;0;1;1;0;0;0;0;0;800019,4467;5825498,591;13,4204761;52,49691726
138364;11;12;12301203;12500926;2020;4;13;7;3;0;2;0;0;1;0;0;0;1;0;793646,0678;5836127,085;13,3362631;52,59566208
138365;11;8;8020620;8200624;2020;4;12;4;3;0;2;0;1;1;0;0;0;0;0;800546,1033;5820558,8;13,42375955;52,45235019
138366;11;9;9041501;9401534;2020;4;10;3;3;2;6;0;0;1;0;0;0;0;0;811119,382;5820270,894;13,57858982;52,4438555
138367;11;4;4051445;4500939;2020;4;8;6;3;5;2;0;0;1;0;0;0;0;0;792439,5283;5824108,623;13,30792125;52,48857102
138368;11;1;1022204;1200626;2020;4;15;5;3;4;6;0;1;0;0;0;0;0;0;795048,4161;5828276,241;13,34992669;52,52452701
138369;11;6;6020411;6200423;2020;4;8;6;3;2;6;0;0;1;0;0;0;0;0;793930,6811;5815475,91;13,32222301;52,41038111
138370;11;1;1011202;1100206;2020;4;16;2;3;5;2;0;1;1;0;0;0;0;0;797160,1669;5827687,541;13,38043596;52,51810314
138371;11;6;6040703;6400737;2020;4;17;4;3;0;1;0;1;0;0;0;0;0;1;784950,0763;5817740,417;13,19248267;52,43543376
138372;11;9;9020802;9200819;2020;4;15;5;3;5;2;0;1;1;0;0;0;0;0;810003,7842;5819362,632;13,56138629;52,43634943
138373;11;9;9010101;9100101;2020;4;19;3;3;2;2;0;1;1;0;0;0;0;0;802354,6184;5824745,953;13,45408692;52,48888271
138374;11;7;7050504;7501032;2020;4;10;1;3;0;1;0;1;0;0;0;0;0;0;799582,9143;5819560,685;13,40873284;52,44393215
138375;11;2;2020205;2200211;2020;4;18;1;3;0;1;0;1;0;0;0;0;0;0;798309,0176;5824460,692;13,39442619;52,48855137
138376;11;12;12302212;12601032;2020;4;12;3;3;1;5;0;0;1;0;0;0;0;0;793458,4389;5837804,553;13,33498817;52,61080069
138377;11;8;8010404;8100415;2020;4;21;6;3;5;2;2;1;1;0;0;0;0;0;801991,6831;5823302,276;13,44745018;52,47614375
138378;11;6;6010210;6100210;2020;4;7;6;3;5;7;0;0;1;0;0;0;0;0;794865,9534;5821509,097;13,34125544;52,46396269
138379;11;11;11020411;11200410;2020;4;16;3;3;5;7;0;1;0;0;0;0;1;0;806051,2674;5832677,429;13,51565956;52,55790704
138380;11;1;1011306;1100313;2020;5;16;1;3;6;4;0;1;0;1;0;0;0;0;800327,798;5826549,361;13,42595226;52,5061661
138381;11;7;7040403;7400825;2020;5;19;7;2;5;3;0;0;1;0;0;0;0;0;797424,7787;5820799,365;13,37817723;52,45621385
138382;11;5;5020524;5200528;2020;5;12;6;3;2;6;0;0;1;0;0;0;0;0;783805,1137;5826333,149;13,1829975;52,51307412
138383;11;2;2050802;2500833;2020;5;17;2;3;5;3;0;0;1;0;0;0;0;1;802665,0296;5827243,86;13,4609147;52,51109932
138384;11;9;9051901;9501939;2020;5;9;2;3;5;3;0;1;1;0;0;0;0;1;810932,7429;5821586,156;13,57707693;52,45574848
138385;11;12;12103218;12100205;2020;5;8;6;3;0;1;0;0;1;0;0;0;0;0;794308,3617;5835479,53;13,34543723;52,58949927
138386;11;1;1044202;1401047;2020;5;13;6;3;5;3;0;0;0;0;1;0;1;0;795332,894;5830379,147;13,35597618;52,54322377
138387;11;1;1011203;1100206;2020;5;2;6;3;5;3;2;0;1;0;0;0;1;0;797877,5819;5827467,335;13,39078051;52,51573788
138388;11;1;1011302;1100309;2020;5;20;5;3;0;1;1;1;0;0;0;0;0;0;798881,4705;5828574,678;13,40652554;52,52511443
138389;11;7;7040406;7400928;2020;5;13;1;3;0;2;0;1;1;0;0;0;0;0;800250,8343;5821580,434;13,42034624;52,46166986
138390;11;11;11020514;11200513;2020;5;16;4;3;0;1;0;1;0;0;0;0;0;0;804592,9018;5831060,192;13,49273056;52,54423026
138391;11;10;10020415;10200422;2020;5;15;1;3;0;7;0;0;0;1;1;0;0;0;812407,8114;5831289,291;13,60781545;52,54185887
138392;11;8;8010404;8100417;2020;5;8;5;2;5;3;0;0;1;0;1;0;0;0;802074,5785;5822682,06;13,44810533;52,47053884
138393;11;9;9051801;9501838;2020;5;15;3;3;7;7;0;0;1;0;0;0;0;0;821235,7408;5819450,968;13,72613806;52,43066088
138394;11;7;7010103;7100204;2020;5;20;1;3;5;3;0;0;1;0;0;0;0;1;795487,5347;5824675,181;13,35318372;52,49200858
138395;11;7;7050501;7501029;2020;5;17;6;2;0;7;0;1;0;0;0;0;0;0;797733,8624;5819137,554;13,38123141;52,44114916
138396;11;11;11020411;11200410;2020;5;11;5;3;6;4;0;0;1;1;0;0;0;0;804923,9395;5833089,752;13,499461;52,56223481
138397;11;11;11030824;11300826;2020;5;20;5;3;5;3;0;1;1;0;0;0;0;0;804354,8259;5826851,525;13,48537882;52,50664282
138398;11;2;2030302;2300315;2020;5;17;5;3;0;1;0;1;0;0;0;0;0;0;800653,1804;5825820,08;13,43007341;52,49945012
138399;11;12;12214424;12200309;2020;5;17;5;3;2;6;0;0;1;0;0;0;0;0;793208,4578;5832608,018;13,32670809;52,56435185
138400;11;3;3010102;3100103;2020;5;17;5;3;5;3;0;1;1;0;0;0;0;0;804395,587;5841005,239;13,49896704;52,63347188
138401;11;1;1044101;1400937;2020;5;13;4;3;5;3;0;1;1;0;0;0;0;0;793850,5679;5830086,21;13,33392184;52,54139925
138402;11;6;6030608;6300632;2020;5;10;6;3;2;2;0;0;1;0;0;0;0;0;792516,256;5817077,457;13,30288779;52,42549651
138403;11;6;6020304;6200314;2020;5;16;5;3;5;2;0;1;1;0;0;0;0;0;794563,5909;5817695,466;13,33345502;52,42993837
138404;11;1;1011202;1100206;2020;5;16;5;3;5;2;0;1;1;0;0;0;0;0;797160,0403;5827688,286;13,38043476;52,51810989
138405;11;4;4051652;4501149;2020;5;16;4;3;5;7;0;0;1;0;1;0;0;0;793451,5307;5824372,478;13,32301538;52,49039333
138406;11;3;3071537;3701555;2020;5;19;1;3;5;3;0;0;1;0;0;0;0;1;799721,3324;5830080,383;13,42022556;52,5381496
138407;11;8;8010301;8100311;2020;5;15;5;3;5;2;0;0;1;0;0;0;1;0;800601,8443;5824422,424;13,42805842;52,48695075
138408;11;7;7020202;7200308;2020;5;9;3;3;2;6;0;1;1;0;0;0;0;0;794861,7336;5823412,261;13,34287581;52,4810257
138409;11;1;1011102;1100102;2020;5;19;1;3;2;2;0;0;1;0;0;0;0;1;795192,242;5827241,018;13,35112182;52,5151692
138410;11;6;6040806;6400840;2020;5;8;6;3;0;3;0;0;0;0;0;0;1;0;789114,2898;5819585,929;13,25516561;52,44979442
138411;11;9;9030901;9300920;2020;5;15;5;3;2;6;0;0;1;0;1;0;0;0;807705,2907;5815828,227;13,52443095;52,40597108
138412;11;1;1022204;1200626;2020;5;15;5;3;2;6;0;0;1;0;1;0;0;0;795178,1155;5828257,944;13,35181663;52,52429279
138413;11;4;4010101;4100101;2020;5;15;5;2;3;6;0;0;1;0;1;0;0;0;790511,1524;5829036,28;13,2839023;52,53377737
138414;11;5;5030730;5300735;2020;5;15;5;3;5;2;0;0;1;0;0;0;0;0;786433,0461;5831177,955;13,22579208;52,55513748
138415;11;5;5030730;5300735;2020;5;12;4;3;5;3;0;0;1;0;0;0;0;0;786538,3728;5831592,191;13,227699;52,55879596
138416;11;7;7040405;7400927;2020;5;18;1;3;5;3;0;0;1;0;0;0;0;1;799075,8682;5821704,937;13,40321532;52,46343018
138417;11;2;2050801;2500831;2020;5;13;1;3;4;6;0;1;1;0;0;0;1;0;802971,0492;5827456,82;13,46560404;52,51283818
138418;11;9;9030901;9300920;2020;5;14;5;3;5;3;0;1;1;0;0;0;0;0;808926,8709;5817992,921;13,54432952;52,42468336
138419;11;1;1011201;1100205;2020;5;17;2;2;6;4;0;0;1;1;0;0;0;1;797889,7728;5826568,918;13,39015547;52,50767802
138420;11;1;1011104;1100104;2020;5;13;2;3;5;2;0;0;1;1;0;0;0;1;796078,4161;5825576,129;13,36266211;52,49976462
138421;11;7;7040403;7400823;2020;5;13;5;3;5;3;0;1;1;0;0;0;0;0;797288,6471;5821212,04;13,37654716;52,45998714
138422;11;12;12214125;12200412;2020;5;17;1;3;5;7;0;0;1;0;0;0;0;0;791272,0711;5834144,454;13,29957117;52,57916507
138423;11;9;9031001;9301025;2020;5;14;6;3;5;3;0;0;1;0;0;0;0;0;810865,6462;5814521,379;13,56952794;52,39247448
138424;11;2;2050602;2500729;2020;5;17;1;3;1;5;0;1;1;0;0;0;0;0;803226,061;5827777,89;13,4696429;52,51557416
138425;11;5;5030832;5300839;2020;5;15;1;3;3;6;0;1;0;0;0;0;0;0;788140,5125;5830427,114;13,25025586;52,54750522
138426;11;3;3020203;3200204;2020;5;20;5;3;5;2;2;0;1;0;0;0;0;0;798051,5539;5837196,512;13,40207422;52,60285138
138427;11;8;8010117;8100103;2020;5;0;3;3;1;5;2;0;1;0;0;0;0;0;800666,2246;5823002,14;13,42772296;52,47418478
138428;11;10;10030724;10300731;2020;5;19;5;3;2;6;0;0;1;0;0;0;0;0;809656,1612;5829662,752;13,56585567;52,52885314
138429;11;5;5010206;5100208;2020;5;16;1;3;5;3;0;0;1;0;0;0;0;0;781956,2814;5830596,457;13,15944247;52,55225982
138430;11;7;7010104;7100206;2020;5;7;6;3;5;2;0;1;0;0;0;0;0;0;796854,6202;5824775,944;13,3733501;52,49217008
138431;11;12;12302211;12601031;2020;5;18;5;3;1;5;0;1;1;0;0;0;0;0;793636,7469;5836339,862;13,33631456;52,59757451
138432;11;1;1044103;1400942;2020;5;18;5;3;6;2;0;0;1;1;0;0;0;0;794935,164;5830797,445;13,35049974;52,54718893
138433;11;12;12301203;12500926;2020;5;13;5;3;2;6;0;0;1;0;0;0;0;0;793047,651;5835761,601;13,32713034;52,59270853
138434;11;2;2050802;2500834;2020;5;13;5;3;1;5;0;1;0;0;0;0;1;0;802608,1466;5826968,466;13,4598287;52,50866255
138435;11;9;9051901;9501941;2020;5;7;4;3;5;3;0;0;1;0;1;0;0;1;811638,6695;5821149,029;13,58702448;52,45142918
138436;11;7;7040401;7400720;2020;5;16;1;3;5;3;0;1;1;0;0;0;0;0;797382,9848;5823797,361;13,38023624;52,48311054
138437;11;1;1033102;1300733;2020;5;20;7;3;1;5;1;1;1;0;0;0;0;0;797103,8037;5831416,426;13,38294113;52,55155899
138438;11;2;2020202;2200208;2020;5;13;5;3;5;2;0;1;1;0;0;0;0;0;797756,0544;5825302,048;13,38705828;52,49639503
138439;11;5;5020417;5200420;2020;5;12;2;3;0;7;0;0;0;0;1;0;0;1;783253,8037;5828608,45;13,17683322;52,53376166
138440;11;11;11040926;11400931;2020;5;11;2;3;5;2;0;1;1;0;0;0;0;1;805600,979;5827249,6;13,50404771;52,50951396
138441;11;12;12301204;12500927;2020;5;13;5;2;4;6;0;0;1;0;1;0;0;0;791876,0367;5835423,587;13,30958581;52,59030839
138442;11;7;7040401;7400721;2020;5;13;6;3;5;3;0;1;1;0;0;0;0;0;797289,2377;5823176,92;13,37830659;52,47759999
138443;11;12;12304314;12500824;2020;5;12;5;3;2;2;0;0;1;0;0;0;0;0;790621,1959;5835979,589;13,29160244;52,59596477
138444;11;2;2020202;2200208;2020;5;8;5;3;5;2;0;1;1;0;0;0;0;0;797318,4737;5825372,439;13,3806944;52,49726456
138445;11;3;3061227;3601243;2020;5;14;1;2;5;3;0;1;0;0;0;0;0;0;799870,4541;5831731,86;13,42390863;52,55287029
138446;11;10;10020415;10200422;2020;5;6;5;2;6;4;0;0;1;1;0;0;0;0;812195,1887;5831009,257;13,60442729;52,53947132
138447;11;11;11040926;11400931;2020;5;12;5;3;5;2;0;0;1;0;0;0;0;0;806599,8653;5827311,743;13,5187772;52,50951044
138448;11;9;9020702;9200716;2020;5;11;5;3;5;3;0;1;1;0;0;0;0;0;809224,7433;5819303,813;13,54990839;52,43626327
138449;11;2;2010102;2100102;2020;5;14;5;3;1;5;0;1;1;0;0;0;0;0;798416,8434;5826460,034;13,39780074;52,50641398
138450;11;6;6030504;6300528;2020;5;10;5;2;0;6;0;1;1;0;0;0;0;0;790374,2374;5816732,102;13,27117449;52,42354127
138451;11;7;7030301;7300517;2020;5;10;3;3;5;2;0;1;1;0;0;0;0;0;794245,2372;5822015,862;13,33259202;52,46884021
138452;11;5;5010314;5100316;2020;5;12;1;3;3;6;0;0;1;0;0;0;0;0;785018,4459;5829398,655;13,20345637;52,53992663
138453;11;7;7060604;7601340;2020;5;18;7;3;5;2;0;1;1;0;0;0;0;0;796476,019;5815895,007;13,359906;52,41276555
138454;11;9;9010101;9100101;2020;5;10;5;3;5;3;0;1;1;0;0;0;0;0;801796,3388;5825317,404;13,44640722;52,49431361
138455;11;5;5010101;5100103;2020;5;16;2;3;2;6;0;0;1;0;0;0;0;1;785323,0816;5832475,271;13,21058028;52,56735164
138456;11;7;7070705;7601546;2020;5;9;2;3;2;2;0;0;1;0;0;0;0;1;799073,3938;5813141,542;13,39552273;52,38667103
138457;11;5;5010314;5100316;2020;5;7;5;2;5;3;0;0;1;0;1;0;0;0;785023,3372;5828882,979;13,20308596;52,53530056
138458;11;12;12224230;12400618;2020;5;11;6;3;5;2;0;1;1;0;0;0;0;0;785984,527;5839221,089;13,22613894;52,62748493
138459;11;6;6010207;6100207;2020;5;7;5;2;5;2;0;1;0;0;0;0;1;0;794266,7017;5820262,707;13,33136155;52,45311242
138460;11;10;10030724;10300731;2020;5;14;4;3;6;7;0;1;0;1;0;0;0;0;809066,6013;5828966,951;13,55654589;52,52295213
138461;11;11;11051331;11501340;2020;5;12;1;2;0;1;0;1;0;0;0;0;0;0;807252,4491;5824291,314;13,52557688;52,48207383
138462;11;11;11030721;11300722;2020;5;22;4;3;5;3;2;0;1;0;0;0;0;0;804287,7477;5828425,082;13,4858324;52,52078342
138463;11;6;6030504;6300528;2020;5;9;1;3;1;5;0;1;1;0;0;0;0;0;789267,5783;5816365,381;13,25462815;52,42083959
138464;11;7;7040405;7400927;2020;5;14;4;3;5;2;0;0;0;0;1;0;1;0;797893,0729;5821929,311;13,38605714;52,46608755
138465;11;1;1011302;1100309;2020;5;10;3;3;1;5;0;1;0;0;0;0;1;0;798103,7653;5828952,785;13,39543523;52,52892943
138466;11;2;2040701;2400623;2020;5;9;1;3;5;3;0;1;1;0;0;0;0;0;800312,3241;5827613,063;13,42668475;52,51570893
138467;11;3;3071633;3701657;2020;5;7;6;2;0;6;0;1;1;0;0;0;0;0;800122,4855;5830732,143;13,42671126;52,54377075
138468;11;8;8020619;8200623;2020;5;14;4;3;5;7;0;0;1;0;1;0;0;0;801458,6418;5820946,801;13,43749785;52,45532549
138469;11;8;8030831;8301036;2020;5;8;1;3;5;3;0;1;1;0;0;0;0;0;803523,3891;5817786,906;13,46492145;52,42586086
138470;11;8;8010301;8100311;2020;5;14;4;3;5;3;0;1;1;0;0;0;0;0;800593,6279;5824432,634;13,42794699;52,48704678
138471;11;1;1033203;1300836;2020;5;18;3;3;1;7;0;0;1;0;0;0;0;0;796728,1333;5830685,534;13,37676368;52,54521215
138472;11;5;5010313;5100315;2020;5;21;7;2;6;4;2;0;1;1;0;0;0;0;784420,612;5829916,986;13,19510902;52,54488639
138473;11;1;1011402;1100416;2020;5;19;6;3;0;1;0;1;0;0;0;0;0;0;798539,9723;5829177,323;13,40204796;52,5307034
138474;11;9;9010402;9100408;2020;5;13;4;3;5;2;0;0;1;0;0;0;0;0;806309,4633;5819450,872;13,50729273;52,43922163
138475;11;10;10030724;10300731;2020;5;12;4;3;2;6;0;0;1;0;0;0;0;0;809576,021;5828177,421;13,56329566;52,51558768
138476;11;7;7030303;7300619;2020;5;21;5;3;0;1;2;0;0;0;1;0;0;0;794776,69;5821837,531;13,34023544;52,46695508
138477;11;4;4020312;4200308;2020;5;12;4;3;5;3;0;0;1;0;0;0;0;0;789821,4385;5827303,076;13,27225181;52,51860615
138478;11;6;6010205;6100205;2020;5;11;4;2;2;6;0;0;1;0;1;0;0;0;794859,1046;5820042,71;13,33985986;52,45082103
138479;11;11;11020412;11200411;2020;5;15;4;3;2;6;0;0;1;0;0;1;0;0;805730,8748;5831346,223;13,50972247;52,5461564
138480;11;11;11041128;11401137;2020;5;17;7;2;8;1;0;1;0;0;1;0;0;0;807097,2242;5825821,741;13,52470853;52,4958771
138481;11;7;7010102;7100102;2020;5;9;4;3;5;2;0;0;0;0;1;0;1;0;794951,5498;5825651,071;13,34617631;52,50104666
138482;11;2;2030302;2300315;2020;5;7;3;3;1;5;0;1;0;0;0;1;0;0;800311,362;5825825,014;13,42505755;52,49968256