OBJECTID;LAND;BEZ;LOR;LOR_ab_2021;UJAHR;UMONAT;USTUNDE;UWOCHENTAG;UKATEGORIE;UART;UTYP1;ULICHTVERH;IstRad;IstPKW;IstFuss;IstKrad;IstGkfz;IstSonstige;USTRZUSTAND;LINREFX;LINREFY;XGCSWGS84;YGCSWGS84
138483;11;8;8041037;8401243;2020;5;12;7;3;5;2;0;1;1;0;0;0;0;0;805548,1859;5818553,03;13,49530756;52,43160046
138484;11;3;3061227;3601244;2020;5;7;6;3;5;2;0;1;0;0;0;0;0;0;800043,913;5831022,709;13,42581857;52,54641845
138485;11;3;3050924;3500935;2020;5;9;4;3;5;2;0;0;1;0;0;0;0;0;801536,5402;5831439,368;13,44814203;52,5493289
138486;11;2;2010102;2100102;2020;5;8;4;3;1;5;0;1;1;0;0;0;0;0;798004,7265;5825937,826;13,39127933;52,50195828
138487;11;5;5020417;5200420;2020;5;14;5;3;4;7;0;1;0;0;0;0;1;0;782700,4267;5828556,221;13,16865225;52,53358068
138488;11;9;9030901;9300920;2020;5;6;4;3;1;5;0;0;1;0;1;0;0;0;807857,0426;5817873,312;13,52853568;52,42421432
138489;11;7;7060604;7601340;2020;5;17;5;3;2;3;0;0;1;0;0;0;0;0;796583,8766;5815878,385;13,36147242;52,41255812
138490;11;6;6040807;6400841;2020;5;12;4;3;5;3;0;0;1;0;0;0;0;0;789871,4506;5818784,84;13,26558088;52,44221143
138491;11;7;7020203;7200409;2020;5;21;4;3;0;5;2;1;1;0;0;0;0;0;795674,6964;5824089,621;13,35541283;52,48665814
138492;11;12;12214424;12200309;2020;5;14;4;3;0;2;0;0;0;0;0;0;1;0;793232,5855;5832486,183;13,32695534;52,56324667
138493;11;3;3020307;3200309;2020;5;11;7;3;5;3;0;0;1;0;0;0;0;0;800002,7708;5838587,061;13,43205991;52,61424193
138494;11;3;3020203;3200204;2020;5;13;1;3;5;2;0;1;0;0;0;0;0;0;796425,9171;5840463,678;13,38106917;52,63302615
138495;11;4;4030620;4300619;2020;5;20;4;3;5;3;0;0;1;0;0;0;0;0;792767,3287;5827045,962;13,31531769;52,51472768
138496;11;10;10040931;10400938;2020;5;20;2;3;5;3;1;0;1;0;0;0;0;0;812881,0046;5828236,689;13,61189781;52,51423302
138497;11;2;2050802;2500833;2020;5;18;4;3;1;1;0;1;1;0;0;0;0;0;802387,1275;5827080,657;13,45668396;52,50979065
138498;11;5;5010314;5100316;2020;5;11;7;3;2;6;0;0;1;0;0;0;0;0;784069,0377;5829020,63;13,18917204;52,53703301
138499;11;12;12214424;12200309;2020;5;15;6;3;5;3;0;0;1;0;1;0;0;0;793322,2106;5832664,055;13,32843101;52,56479292
138500;11;2;2050602;2500727;2020;5;17;4;3;5;2;0;1;1;0;0;0;0;0;802604,076;5827776,757;13,46050385;52,51590945
138501;11;3;3040818;3400831;2020;5;17;4;3;5;2;0;1;1;0;0;0;0;0;799301,3478;5833431,83;13,41707311;52,56842079
138502;11;3;3050923;3500934;2020;5;12;5;3;2;6;0;0;1;0;0;0;0;0;801240,5055;5831960,475;13,44426212;52,5541634
138503;11;1;1022104;1200520;2020;5;16;4;3;5;3;0;0;1;0;0;0;0;0;794302,076;5828635,926;13,33927601;52,52815474
138504;11;2;2040502;2400521;2020;5;13;4;3;0;2;0;1;1;0;0;0;0;0;801114,4845;5828087,864;13,43890003;52,51952239
138505;11;12;12214424;12200309;2020;5;10;7;3;3;6;0;0;0;0;1;0;1;0;792578,2587;5832824,986;13,31762869;52,56663591
138506;11;1;1011305;1100312;2020;5;0;7;3;0;1;2;1;0;0;0;0;0;0;799669,4928;5827122,048;13,4167977;52,51166133
138507;11;4;4031032;4500937;2020;5;16;4;3;1;5;0;1;1;0;0;0;0;0;790903,6908;5825039,401;13,28617853;52,49773606
138508;11;6;6040703;6400737;2020;5;16;2;3;5;3;0;0;1;0;0;0;0;1;785764,9799;5816919,364;13,20373566;52,42764697
138509;11;2;2020206;2200213;2020;5;9;2;3;0;2;0;1;1;0;0;0;0;1;799844,8769;5824797,92;13,4172817;52,49073275
138510;11;2;2020202;2200208;2020;5;9;3;3;0;7;0;1;0;0;0;0;0;0;797279,7161;5825551,539;13,38028501;52,49889111
138511;11;4;4010101;4100101;2020;5;11;4;3;2;2;0;0;1;0;0;0;0;0;790409,8158;5829041,715;13,28241726;52,5338801
138512;11;6;6030609;6300633;2020;5;19;7;3;1;5;0;0;1;0;0;0;0;0;793283,3057;5818939,519;13,31576977;52,4417789
138513;11;6;6040809;6400843;2020;5;12;7;3;1;5;0;0;1;0;0;0;0;0;792122,5827;5820346,766;13,2999723;52,45501609
138514;11;10;10030726;10300733;2020;5;21;3;3;2;3;1;1;1;0;0;0;0;1;809535,9217;5827564,737;13,56213677;52,51011977
138515;11;7;7040403;7400825;2020;5;16;2;3;2;6;0;0;1;0;0;0;0;1;797510,767;5820792,947;13,37943327;52,45610952
138516;11;3;3050925;3500936;2020;5;11;2;3;2;6;0;0;1;0;0;0;0;1;801650,4052;5831283,795;13,44967491;52,54787146
138517;11;7;7020204;7200414;2020;5;19;3;3;2;6;0;1;1;0;0;0;0;1;796515,34;5823964,128;13,3676452;52,48507731
138518;11;4;4020311;4200309;2020;5;14;6;2;2;6;0;0;1;0;1;0;0;0;789037,802;5826999,086;13,26047088;52,51629671
138519;11;1;1011103;1100103;2020;5;17;3;3;5;3;0;0;1;0;0;0;0;0;795174,5889;5825896,865;13,34967043;52,50312942
138520;11;9;9020802;9200819;2020;5;10;3;2;6;4;0;0;1;1;0;0;0;0;810568,98;5819935,328;13,57020597;52,44116114
138521;11;4;4051550;4501147;2020;5;10;5;3;3;6;0;1;0;0;0;0;0;0;793124,4102;5824079,864;13,31795385;52,4879459
138522;11;11;11030721;11300722;2020;5;8;2;3;5;3;0;0;1;0;0;0;0;0;804297,2125;5828218,454;13,48578245;52,51892621
138523;11;12;12231102;12400720;2020;5;10;3;2;5;3;0;1;1;0;0;0;0;0;789442,4433;5840425,075;13,27813889;52,63644707
138524;11;2;2030301;2300314;2020;5;16;3;3;5;2;0;1;1;0;0;0;0;0;799901,1958;5825710,861;13,41893055;52,49888492
138525;11;1;1011302;1100309;2020;5;19;7;3;3;6;0;1;0;0;1;0;0;0;798110,479;5828955,954;13,39553674;52,52895417
138526;11;2;2050801;2500832;2020;5;17;7;3;2;6;0;1;1;0;0;0;0;0;803362,0896;5826792,273;13,47074302;52,50666465
138527;11;1;1044203;1401048;2020;5;9;3;3;2;3;0;0;1;0;0;0;1;0;795456,9106;5831567,982;13,35885731;52,55381337
138528;11;4;4031032;4500938;2020;5;16;2;3;5;2;0;1;1;0;0;0;0;1;791916,4578;5824767,624;13,30081688;52,49475883
138529;11;7;7050501;7501030;2020;5;8;3;3;5;2;0;0;1;0;0;0;0;0;798019,162;5819648,38;13,38587191;52,44557276
138530;11;6;6020408;6200420;2020;5;10;6;2;5;3;0;0;1;0;0;0;0;0;792759,7122;5816343,73;13,30581597;52,41878851
138531;11;3;3061126;3601141;2020;5;7;2;3;5;2;0;1;1;0;0;0;0;1;798961,2812;5831449,173;13,41028457;52,55083622
138532;11;1;1011304;1100311;2020;5;5;3;3;2;6;1;0;1;0;0;0;0;0;799622,2799;5828268,079;13,41713613;52,52195965
138533;11;8;8010301;8100310;2020;5;17;3;3;2;6;0;1;1;0;0;0;0;1;800558,7741;5824951,303;13,42790303;52,49171498
138534;11;6;6010101;6100101;2020;5;16;3;3;6;4;0;0;1;1;0;0;0;1;792460,2779;5820802,075;13,30532669;52,45891729
138535;11;2;2050802;2500833;2020;5;13;6;3;5;3;0;0;1;0;0;0;0;0;802042,9028;5827166,472;13,45170518;52,51075051
138536;11;4;4010102;4100101;2020;5;6;2;3;5;2;1;0;1;0;0;1;1;1;793353,0082;5829679,071;13,32624675;52,53801756
138537;11;6;6010205;6100205;2020;5;16;3;3;2;6;0;0;1;0;1;0;0;1;795995,7221;5819451,84;13,35601311;52,44491007
138538;11;9;9051901;9501940;2020;5;15;3;3;5;2;0;1;1;0;0;0;0;1;811844,6083;5821600,191;13,59046641;52,4553548
138539;11;9;9031101;9301126;2020;5;18;7;3;3;6;0;1;1;0;0;0;0;0;811547,4754;5817156,212;13,58196647;52,41569948
138540;11;10;10010102;10100102;2020;5;10;5;3;5;3;0;1;1;0;0;0;0;0;809555,896;5834186,815;13,56859939;52,56945272
138541;11;6;6020409;6200421;2020;5;17;7;3;2;6;0;0;1;0;0;0;0;0;793206,6742;5816457,973;13,31246965;52,4195734
138542;11;4;4030623;4300622;2020;5;15;3;2;2;6;0;0;1;0;0;0;1;0;793440,005;5826569,842;13,32478228;52,51009798
138543;11;2;2050801;2500830;2020;5;17;3;3;1;5;0;1;1;0;0;0;0;0;802267,2841;5827501,259;13,45530546;52,51362692
138544;11;6;6040703;6400737;2020;5;17;7;2;5;2;0;1;1;0;0;0;0;0;784747,6413;5817552,146;13,18935251;52,4338511
138545;11;7;7010102;7100103;2020;5;22;6;3;1;5;2;1;1;0;0;0;0;0;795892,5176;5825166,57;13,3595677;52,4961941
138546;11;5;5010311;5100313;2020;5;14;3;3;2;6;0;0;1;0;0;0;0;0;785855,054;5830256,748;13,21649688;52,54718186
138547;11;4;4051445;4500939;2020;5;14;3;3;2;6;0;1;1;0;0;0;0;1;792518,6795;5824139,045;13,30911035;52,48880134
138548;11;7;7010102;7100102;2020;5;15;5;3;0;2;0;1;1;0;0;0;0;0;795471,8632;5825556,067;13,35373492;52,49991354
138549;11;3;3061430;3601450;2020;5;11;2;3;5;3;0;0;1;0;0;0;0;1;802341,5557;5829703,04;13,45839816;52,53332019
138550;11;3;3020307;3200308;2020;5;14;3;3;5;3;0;0;1;0;0;0;0;1;799525,0405;5837456,275;13,42400156;52,60436996
138551;11;4;4020310;4200308;2020;5;14;3;3;6;6;0;1;0;1;0;0;0;0;790374,1632;5827296,14;13,28036877;52,51824994
138552;11;11;11020412;11200411;2020;5;14;4;3;2;6;0;0;1;0;0;0;0;0;805730,8748;5831346,223;13,50972247;52,5461564
138553;11;3;3040614;3400724;2020;5;17;7;3;5;2;0;1;1;0;0;0;0;0;799981,5081;5835110,052;13,42859671;52,58308869
138554;11;12;12224230;12400617;2020;5;16;1;3;5;7;0;1;0;0;0;0;1;0;785063,0336;5836795,289;13,21047083;52,60622029
138555;11;6;6010209;6100209;2020;5;12;3;3;0;3;0;0;1;0;1;0;0;0;794194,662;5821438,436;13,33134056;52,46369109
138556;11;6;6020303;6200313;2020;5;6;3;3;5;2;2;1;0;0;0;0;1;0;795355,8592;5818457,348;13,34574712;52,43634105
138557;11;1;1011305;1100312;2020;5;19;4;2;0;6;0;0;1;0;1;0;0;0;799641,1799;5827021,388;13,41629112;52,51077462
138558;11;2;2010102;2100102;2020;5;17;7;3;0;7;0;1;0;0;0;0;0;0;798044,2482;5825487,954;13,39145725;52,49790415
138559;11;4;4041137;4400727;2020;5;12;3;3;6;7;0;0;1;1;0;0;0;0;791596,6145;5823648,798;13,29513996;52,48489961
138560;11;9;9020602;9200614;2020;5;10;3;1;6;4;0;0;1;1;0;0;0;0;808417,3452;5820877,388;13,53952127;52,45082159
138561;11;7;7040403;7400823;2020;5;17;7;3;5;3;0;0;1;0;0;0;0;0;797267,5133;5820724,542;13,37580296;52,45562869
138562;11;1;1044101;1400937;2020;5;9;6;2;2;7;0;0;1;0;0;0;1;0;793945,7829;5832037,532;13,33704916;52,55884024
138563;11;6;6020302;6200312;2020;5;11;3;3;2;6;0;0;1;0;0;0;0;0;794932,7015;5819267,578;13,34025538;52,44383268
138564;11;8;8010405;8100418;2020;5;10;2;3;5;3;0;1;1;0;0;0;0;0;802179,8731;5823394,94;13,45029655;52,47687023
138565;11;2;2040502;2400521;2020;5;15;5;3;5;2;0;1;1;0;0;0;0;0;801250,8166;5827844,229;13,44068261;52,51726336
138566;11;8;8020620;8200725;2020;5;20;2;2;0;1;1;0;0;0;1;0;0;1;801209,3018;5819650,31;13,43267037;52,44384205
138567;11;8;8010117;8100102;2020;5;16;2;2;6;4;0;1;0;1;0;0;0;1;800557,4629;5823308,213;13,42640231;52,47698809
138568;11;4;4030518;4300517;2020;5;16;2;2;5;2;0;0;1;0;1;0;0;1;791382,3541;5828591,145;13,29631972;52,52932174
138569;11;7;7030301;7300517;2020;5;12;4;2;0;4;0;1;0;1;0;0;0;0;793988,0171;5822944,275;13,32963462;52,47730151
138570;11;8;8010118;8100104;2020;5;16;7;3;2;2;0;0;1;0;0;0;0;0;800878,4986;5822453,848;13,43034432;52,46915336
138571;11;8;8040933;8401139;2020;5;13;1;2;5;2;0;0;1;0;1;0;0;0;803006,8476;5819362,836;13,45877612;52,44027232
138572;11;12;12301205;12500928;2020;5;15;2;3;5;2;0;0;1;0;0;0;0;0;792606,403;5837531,674;13,32219953;52,60881384
138573;11;2;2020206;2200213;2020;5;15;2;3;2;6;0;0;1;0;1;0;0;1;800173,5053;5825046,877;13,42233164;52,49278365
138574;11;1;1044101;1400938;2020;5;13;2;3;5;2;0;1;1;0;0;0;0;1;794830,994;5831327,327;13,34943844;52,55199528
138575;11;4;4041137;4400727;2020;5;15;2;3;0;6;0;0;1;0;1;0;0;1;791229,8101;5823280,546;13,28943176;52,481794
138576;11;3;3061430;3601450;2020;5;15;7;3;6;4;0;0;0;1;0;0;1;0;802563,8472;5829389,451;13,4613799;52,53038618
138577;11;12;12304313;12500825;2020;5;14;6;3;1;5;0;0;1;0;1;0;0;0;791980,0038;5834091,854;13,30994278;52,57831412
138578;11;1;1033203;1300836;2020;5;15;2;3;0;2;0;0;0;0;1;0;1;1;796290,9804;5830599,663;13,37025945;52,54468032
138579;11;8;8010117;8100102;2020;5;14;2;3;6;4;0;0;0;1;1;0;0;1;800423,8149;5823712,311;13,42480448;52,48068372
138580;11;3;3010101;3100101;2020;5;11;5;3;4;6;0;0;1;0;0;0;0;0;800207,3177;5841207,429;13,43745151;52,63761545
138581;11;10;10020412;10200417;2020;5;13;2;2;6;4;0;0;0;1;0;0;1;0;810941,174;5831987,044;13,58691216;52,5489505
138582;11;4;4041344;4400835;2020;5;13;7;3;1;1;0;1;1;0;0;0;0;0;793385,1066;5822041,425;13,31998872;52,46953197
138583;11;1;1044101;1400937;2020;5;18;6;3;0;2;0;1;1;0;0;0;0;0;794020,7694;5831275,549;13,33747719;52,55196909
138584;11;1;1044201;1401045;2020;5;13;2;3;6;4;0;0;0;1;1;0;0;1;796725,9486;5831949,689;13,37786126;52,55654505
138585;11;1;1044102;1400939;2020;5;12;2;3;2;6;0;0;1;0;0;0;0;1;795236,8017;5831698,517;13,35573635;52,55510286
138586;11;1;1011202;1100206;2020;5;13;5;3;1;5;0;1;1;0;0;0;0;0;797723,2198;5827683,693;13,38870604;52,51776156
138587;11;2;2020205;2200211;2020;5;11;2;3;5;2;0;1;1;0;0;0;0;1;797996,348;5824565,695;13,38992881;52,48966336
138588;11;9;9052001;9502043;2020;5;10;4;3;1;5;0;1;1;0;0;0;0;0;810262,577;5822752,63;13,56833002;52,46658284
138589;11;11;11051331;11501340;2020;5;15;7;3;0;7;0;1;1;0;0;0;0;0;807546,1975;5825487,396;13,53099252;52,49262787
138590;11;5;5020417;5200420;2020;5;23;7;2;1;1;2;0;1;0;0;0;0;0;782512,2309;5828533,07;13,16586544;52,53347069
138591;11;12;12214424;12200309;2020;5;11;2;3;0;1;0;0;0;0;1;0;0;1;793384,7483;5832518,192;13,329222;52,56345164
138592;11;4;4020311;4200309;2020;5;15;2;3;2;6;0;0;1;0;0;0;0;1;788727,5116;5827339,97;13,25620672;52,51951722
138593;11;4;4020313;4200311;2020;5;11;2;3;5;2;0;0;1;0;0;0;1;1;790455,1358;5825990,734;13,28041939;52,50650376
138594;11;1;1033101;1300731;2020;5;22;2;3;5;2;2;0;1;0;1;0;0;0;797091,8599;5833198,911;13,38436118;52,56754331
138595;11;2;2040701;2400521;2020;5;18;6;3;5;2;0;1;1;0;0;0;0;0;800718,2648;5827875,416;13,4328861;52,5178368
138596;11;11;11020412;11200411;2020;5;12;2;3;6;2;0;0;1;1;0;0;0;1;805725,4725;5831358,498;13,50965435;52,54626945
138597;11;4;4030828;4300624;2020;5;19;2;3;2;6;0;0;1;0;0;0;0;1;792857,083;5826614,63;13,31625698;52,51081275
138598;11;10;10020413;10200420;2020;5;17;2;3;5;2;0;1;1;0;0;0;0;0;811829,957;5830490,133;13,59857242;52,53502846
138599;11;9;9010202;9100203;2020;5;9;5;3;2;6;0;0;1;0;0;1;0;0;804148,5491;5822934,111;13,47877374;52,47164721
138600;11;7;7010101;7100101;2020;5;20;2;3;0;1;1;0;0;0;1;0;0;1;794597,0307;5824872,488;13,34028005;52,49425864
138601;11;1;1011102;1100102;2020;5;16;2;1;8;1;0;1;0;0;0;0;0;0;796787,3064;5828064,665;13,37529352;52,5216867
138602;11;4;4030827;4300623;2020;5;18;3;3;2;6;0;0;1;0;0;0;0;0;792689,2355;5826111,086;13,31334801;52,50638872
138603;11;1;1033102;1300733;2020;5;16;2;3;5;2;0;1;1;0;0;0;0;0;797649,5347;5831843,198;13,39134882;52,55508651
138604;11;9;9031101;9301126;2020;5;7;3;3;6;4;0;1;0;1;0;0;0;0;811558,108;5817345,472;13,58229848;52,4173895
138605;11;2;2020201;2200207;2020;5;20;7;3;5;2;1;1;1;0;0;0;0;0;796768,304;5826034,349;13,37320371;52,50349736
138606;11;3;3020307;3200309;2020;5;18;7;2;8;1;0;0;0;0;1;0;0;0;800237,9446;5836500,842;13,43363054;52,59541308
138607;11;3;3040818;3400830;2020;5;16;2;2;6;4;0;0;1;1;0;0;0;1;799614,414;5833319,589;13,421577;52,56724253
138608;11;9;9051901;9501939;2020;5;15;2;3;5;3;0;0;1;0;0;0;0;1;810984,7894;5821728,45;13,57797295;52,45699405
138609;11;7;7010104;7100205;2020;5;8;2;3;0;1;0;0;0;0;1;0;0;1;796337,5905;5824936,307;13,36589974;52,49388852
138610;11;11;11030618;11300618;2020;5;10;2;3;5;2;0;1;1;0;0;0;0;1;802433,6748;5828907,021;13,45902798;52,52613444
138611;11;12;12231102;12400721;2020;5;12;6;3;6;4;0;0;1;1;0;0;0;0;790894,0884;5841235,995;13,30024371;52,642941
138612;11;1;1011204;1100207;2020;5;9;2;3;1;5;0;1;1;0;0;0;0;0;798356,7384;5826693,501;13,39712705;52,50853958
138613;11;3;3061228;3601245;2020;5;8;2;3;0;7;0;1;0;0;0;0;0;0;800832,0924;5830563,316;13,43699078;52,54186619
138614;11;1;1044101;1400938;2020;5;20;7;2;6;4;0;0;0;1;1;0;0;0;793984,7362;5830188,853;13,33598532;52,54224701
138615;11;4;4030931;4501042;2020;5;22;4;3;1;5;2;0;1;0;0;0;0;0;793575,7026;5825452,73;13,32579097;52,50001057
138616;11;2;2030302;2300315;2020;5;13;7;2;0;1;0;1;0;0;0;0;0;0;800151,1732;5825759,533;13,42264582;52,49918376
138617;11;2;2050803;2500835;2020;5;8;2;3;2;6;0;0;1;0;0;0;1;1;802913,6493;5825953,925;13,46339338;52,49939978
138618;11;7;7070706;7601547;2020;5;14;3;3;1;5;0;1;1;0;0;0;0;0;800014,9865;5812800,63;13,40901202;52,38310044
138619;11;1;1022104;1200520;2020;5;18;7;3;3;6;0;1;1;0;0;0;0;0;794575,1794;5828691,139;13,34333908;52,52850218
138620;11;8;8020622;8200727;2020;5;10;6;3;5;2;0;1;1;0;0;0;0;0;801299,0511;5819621,43;13,43396081;52,44353374
138621;11;8;8041037;8401243;2020;5;8;2;3;0;4;0;0;1;1;0;0;0;0;805661,8648;5817020,205;13,49557388;52,41779885
138622;11;12;12214125;12200412;2020;5;13;1;3;2;6;0;0;1;0;0;0;0;0;789348,7767;5833662,275;13,27084593;52,57586843
138623;11;6;6040810;6400844;2020;5;18;5;3;2;6;0;0;1;0;0;0;0;0;792556,4567;5821656,583;13,30748722;52,46652634
138624;11;8;8010509;8100521;2020;5;19;2;3;6;4;0;0;1;1;0;0;0;1;803859,1187;5822153,543;13,47381498;52,46481219
138625;11;6;6020302;6200312;2020;5;17;1;3;6;4;0;0;1;1;0;0;0;0;794256,0576;5819375,968;13,3304242;52,44516891
138626;11;8;8010214;8100209;2020;5;15;7;3;0;3;0;0;1;0;1;0;0;0;801579,8583;5822305,854;13,44050422;52,46744015
138627;11;11;11040926;11400931;2020;5;17;6;3;4;6;0;1;0;0;0;0;0;0;805827,117;5827151,1;13,50727891;52,50850445
138628;11;5;5010209;5100211;2020;5;16;1;3;5;3;0;0;1;0;0;0;0;0;781905,5299;5829564,557;13,15781993;52,54303362
138629;11;1;1044103;1400942;2020;5;15;1;3;6;4;0;0;1;1;0;0;0;0;795141,4142;5830737,444;13,35347921;52,54653937
138630;11;10;10010102;10100104;2020;5;19;5;3;1;5;0;0;1;0;1;0;0;0;809912,2884;5833744,318;13,57342764;52,56528453
138631;11;6;6010205;6100205;2020;5;11;1;3;2;2;0;1;1;0;0;0;0;0;795515,1217;5819614,265;13,34910618;52,44662606
138632;11;2;2030302;2300316;2020;5;0;1;3;5;3;2;0;1;0;0;0;0;1;801437,3177;5826070,223;13,44181628;52,50125964
138633;11;10;10030724;10300731;2020;5;16;4;3;5;3;0;0;1;0;0;0;1;0;809120,1642;5829711,674;13,55802512;52,52959575
138634;11;5;5020523;5200528;2020;5;13;7;3;5;2;0;1;1;0;0;0;0;0;782385,9626;5827030,266;13,16273251;52,52006137
138635;11;2;2030302;2300316;2020;5;13;1;3;5;2;0;1;1;0;0;0;0;0;801470,0657;5826032,482;13,4422631;52,50090328
138636;11;6;6020301;6200311;2020;5;8;3;2;0;6;0;0;0;0;0;1;1;0;796542,3345;5818351,945;13,3630561;52,43475422
138637;11;4;4030725;4300416;2020;5;16;6;3;6;6;0;1;0;1;0;0;0;0;791334,5502;5825958,452;13,29331154;52,50574546
138638;11;8;8010406;8100419;2020;5;19;6;3;5;7;0;0;1;0;0;0;0;0;801882,7998;5824409,569;13,44685447;52,48612876
138639;11;5;5020417;5200420;2020;5;13;1;3;1;5;0;0;1;0;0;0;0;0;781884,0771;5828592,516;13,15667976;52,53432896
138640;11;6;6040809;6400843;2020;5;12;1;3;0;1;0;1;0;0;0;0;0;0;792217,3204;5820714,652;13,30168453;52,45826351
138641;11;5;5030832;5300839;2020;5;14;5;3;2;6;0;0;1;0;0;0;0;0;788129,013;5830424,693;13,25008464;52,5474896
138642;11;5;5020417;5200420;2020;5;11;1;3;5;3;0;1;1;0;0;0;0;0;783571,5295;5828661,555;13,18155013;52,53407259
138643;11;8;8041037;8401243;2020;5;12;4;2;6;4;0;0;1;1;0;0;0;0;805094,7753;5817928,436;13,48808932;52,42625547
138644;11;12;12302110;12601235;2020;5;22;6;3;0;7;2;1;0;0;0;0;0;0;795080,2322;5835862,849;13,3571395;52,59251719
138645;11;7;7030301;7300517;2020;5;9;7;2;5;2;0;1;1;0;0;0;0;0;793940,4335;5822505,724;13,3285495;52,4733957
138646;11;9;9051702;9501737;2020;5;7;1;3;9;1;0;0;1;0;0;0;0;0;814172,6766;5821924,609;13,62492087;52,45692884
138647;11;6;6010208;6100208;2020;5;15;4;3;6;4;0;1;0;1;0;0;0;0;793902,9351;5820575,517;13,32629911;52,45611236
138648;11;12;12214422;12200310;2020;5;19;6;3;2;2;0;0;1;0;0;0;1;0;792245,1079;5833320,382;13,31316397;52,57125588
138649;11;2;2010103;2100104;2020;5;14;1;3;5;3;0;1;1;0;0;0;0;0;799343,1557;5826192,384;13,41116737;52,50350744
138650;11;8;8010303;8100314;2020;5;22;7;2;5;3;2;0;1;0;0;0;1;1;801070,2866;5824001,568;13,43455633;52,48292039
138651;11;4;4030620;4300619;2020;5;16;2;3;5;3;0;0;1;0;1;0;0;1;792842,7684;5827220,261;13,31657963;52,5162497
138652;11;3;3061228;3601245;2020;5;21;7;3;5;3;2;1;1;0;0;0;0;1;800218,232;5831193,1;13,42853555;52,54784967
138653;11;2;2010101;2100101;2020;5;15;6;3;3;6;0;0;1;0;1;0;0;0;797865,1126;5825573,186;13,38890246;52,49876595
138654;11;1;1011301;1100308;2020;5;17;6;3;1;5;0;1;1;0;0;0;0;0;797402,8326;5828685,668;13,38489422;52,52691789
138655;11;7;7030301;7300517;2020;5;12;7;3;5;3;0;0;1;0;0;0;0;1;793981,702;5822279,161;13,32895566;52,47134245
138656;11;1;1033202;1300835;2020;5;16;7;3;2;6;0;0;1;0;0;0;0;0;797557,9914;5830113,302;13,38845263;52,53963021
138657;11;6;6030501;6300524;2020;5;12;5;3;2;2;0;0;1;0;1;0;0;0;787515,5513;5817400,281;13,22982491;52,43104162
138658;11;1;1044101;1400937;2020;5;19;2;3;5;2;0;0;1;0;0;0;0;1;793972,8723;5832033,138;13,33744372;52,55878623
138659;11;8;8010118;8100104;2020;5;13;7;3;1;5;0;1;1;0;0;0;0;0;800723,6435;5822857,946;13,42843579;52,47286071
138660;11;1;1011101;1100101;2020;5;7;4;3;0;2;0;1;1;0;0;0;0;0;794582,0359;5826069,503;13,34111862;52,50499725
138661;11;2;2020203;2200208;2020;5;22;6;3;0;1;2;1;0;0;0;0;0;0;797801,3323;5824910,485;13,38737324;52,49286042
138662;11;10;10030724;10300731;2020;5;18;7;2;5;3;1;0;1;0;0;0;1;0;809638,3939;5829695,582;13,56562517;52,52915744
138663;11;9;9051901;9501939;2020;5;13;7;3;2;6;0;0;1;0;0;0;0;0;810436,0609;5821243,85;13,5694726;52,45296315
138664;11;1;1011306;1100313;2020;5;14;2;3;5;3;0;1;1;0;0;0;0;1;800062,7935;5826416,979;13,4219402;52,50512531
138665;11;3;3030711;3300514;2020;5;10;2;3;0;7;0;0;1;0;0;0;0;1;801613,5291;5836187,534;13,45359198;52,59184381
138666;11;2;2010103;2100104;2020;5;12;7;3;5;3;0;1;1;0;0;0;0;1;799326,9125;5826235,581;13,41096761;52,50390356
138667;11;11;11020515;11200514;2020;5;13;6;2;5;3;0;0;1;0;1;0;0;0;803446,6526;5830133,128;13,47503293;52,53656086
138668;11;6;6020410;6200422;2020;5;12;7;3;6;7;0;1;0;1;0;0;0;0;794220,7;5817537,539;13,3282873;52,42870713
138669;11;11;11041128;11401135;2020;5;9;7;3;0;3;0;1;0;0;0;0;1;0;805526,228;5825987,951;13,50179206;52,4982484
138670;11;7;7060601;7601236;2020;5;14;2;3;0;1;0;0;0;0;1;0;0;1;797135,7883;5817017,07;13,37057409;52,42246618
138671;11;12;12214527;12200515;2020;5;10;2;2;6;2;0;0;1;1;0;0;0;1;790372,2494;5834885,678;13,28697851;52,58629098
138672;11;10;10010308;10100311;2020;5;13;7;3;2;6;0;0;1;0;0;0;0;1;806569,8286;5827988,214;13,51895915;52,51558999
138673;11;12;12214527;12200515;2020;5;7;6;3;5;2;0;1;0;0;0;1;0;0;790608,3527;5834475,73;13,29009414;52,58248978
138674;11;3;3061332;3601348;2020;5;14;7;3;0;6;0;0;1;0;1;0;0;1;799843,3279;5830802,774;13,42267086;52,54455753
138675;11;7;7020202;7200308;2020;5;11;7;2;5;3;0;0;1;0;0;0;0;1;794828,6372;5823178,153;13,34218287;52,47894493
138676;11;1;1011303;1100310;2020;5;14;5;3;0;1;0;1;0;0;0;0;0;0;799609,9813;5828510,543;13,41717383;52,52413971
138677;11;9;9020701;9200715;2020;5;15;7;3;2;6;0;0;1;0;0;0;0;1;808616,4089;5819192,284;13,540885;52,4356073
138678;11;6;6030502;6300525;2020;5;13;3;3;5;3;0;1;1;0;0;0;0;0;788987,2803;5816093,577;13,25028301;52,4185508
138679;11;5;5010311;5100313;2020;5;21;6;3;2;7;2;0;1;0;0;0;0;0;785961,2445;5830417,55;13,21819709;52,54856784