OBJECTID;LAND;BEZ;LOR;LOR_ab_2021;UJAHR;UMONAT;USTUNDE;UWOCHENTAG;UKATEGORIE;UART;UTYP1;ULICHTVERH;IstRad;IstPKW;IstFuss;IstKrad;IstGkfz;IstSonstige;USTRZUSTAND;LINREFX;LINREFY;XGCSWGS84;YGCSWGS84
139072;11;1;1011305;1100312;2020;5;15;5;3;1;5;0;0;1;0;0;0;0;0;799698,3067;5827247,525;13,41733401;52,51277021
139073;11;1;1022106;1200522;2020;5;15;3;3;5;2;0;1;1;0;0;0;0;0;793675,7637;5828111,735;13,32960721;52,5237934
139074;11;5;5040936;5400943;2020;5;10;4;3;1;5;0;0;1;0;1;0;0;0;781099,9121;5819397,744;13,13739084;52,45228715
139075;11;10;10020414;10200421;2020;5;11;2;3;0;2;0;0;0;1;0;0;1;1;812182,7574;5830917,114;13,60415803;52,53865274
139076;11;5;5010206;5100208;2020;5;18;4;3;5;2;0;0;1;0;0;0;0;0;782365,1007;5830495,832;13,16537051;52,55114579
139077;11;8;8010404;8100417;2020;5;17;7;3;5;2;0;1;1;0;0;0;0;0;802523,8227;5822940,852;13,45493352;52,47260981
139078;11;7;7070702;7601443;2020;5;10;7;3;1;5;0;1;1;0;0;0;0;0;799858,9134;5814846,2;13,4085559;52,40152183
139079;11;8;8010404;8100416;2020;5;17;3;3;6;4;0;0;1;1;0;0;0;0;801853,2141;5823063,549;13,44520155;52,47408054
139080;11;8;8041040;8401246;2020;5;12;2;2;9;1;0;0;1;0;0;0;0;0;805946,2608;5816991,651;13,49971658;52,41738403
139081;11;5;5010101;5100101;2020;5;14;6;3;1;5;0;1;1;0;0;0;0;0;784840,6547;5832234,499;13,20327509;52,56544556
139082;11;1;1011201;1100205;2020;5;19;7;3;2;2;0;0;1;0;0;0;1;0;797465,8855;5826811,998;13,38414554;52,51008824
139083;11;1;1033101;1300732;2020;5;10;2;3;6;7;0;0;0;1;0;0;1;0;797676,6783;5832855,579;13,39265607;52,56414633
139084;11;5;5010209;5100211;2020;5;13;7;3;2;6;0;0;1;0;0;0;0;0;783219,8461;5830281,607;13,17776036;52,54878122
139085;11;1;1044101;1400938;2020;5;20;3;3;5;2;1;1;1;0;0;0;0;0;794021,903;5830177,809;13,33652202;52,54212795
139086;11;9;9051901;9501941;2020;5;16;1;3;0;6;0;1;0;0;0;0;0;0;812064,8152;5821280,381;13,59339779;52,4523632
139087;11;4;4030726;4500936;2020;5;18;6;2;0;1;0;0;0;0;1;0;0;0;792272,6025;5825487,218;13,30667933;52,50101924
139088;11;6;6010207;6100207;2020;5;23;5;3;1;5;2;1;1;0;0;0;0;0;793888,1838;5820481,095;13,32599954;52,45527382
139089;11;6;6010209;6100209;2020;5;16;1;3;2;6;0;1;1;0;0;0;0;0;794748,8229;5820906,407;13,33900412;52,45862309
139090;11;2;2050602;2500728;2020;5;7;3;3;5;2;0;1;1;0;0;0;0;0;802769,8947;5827689,332;13,46286048;52,51503385
139091;11;4;4051551;4501148;2020;5;13;5;3;5;2;0;1;1;0;0;0;0;0;792903,341;5823281,644;13,31400596;52,48090873
139092;11;9;9020502;9200512;2020;5;8;4;3;1;5;0;1;1;0;0;0;0;0;809002,2008;5821617,635;13,54878513;52,45712537
139093;11;12;12214421;12200307;2020;5;8;2;3;1;7;0;1;1;0;0;0;0;1;793529,8081;5834045,19;13,33270733;52,57706204
139094;11;3;3010102;3100102;2020;5;8;4;2;6;4;0;0;0;1;1;0;0;0;805365,4453;5841931,335;13,51410924;52,6412272
139095;11;3;3040614;3400723;2020;5;14;7;2;5;2;0;1;1;0;0;0;0;0;799875,8405;5834306,771;13,42631513;52,57594695
139096;11;8;8010404;8100417;2020;5;9;6;3;2;2;0;0;1;0;0;0;0;0;802574,808;5823086,521;13,45581399;52,47388721
139097;11;2;2010102;2100102;2020;5;15;3;3;5;2;0;0;1;0;1;0;0;0;798440,9186;5826537,43;13,39822379;52,50709456
139098;11;10;10020623;10200630;2020;5;14;1;3;0;7;0;1;1;0;0;0;0;0;811509,7537;5829105,914;13,59257001;52,52280723
139099;11;3;3050924;3500935;2020;5;12;6;2;0;5;0;0;0;0;0;0;1;0;801167,83;5831608,016;13,44287372;52,55104447
139100;11;9;9020602;9100409;2020;5;12;5;2;5;7;0;0;1;0;1;0;0;0;807776,168;5820031,035;13,5293363;52,44359777
139101;11;6;6030503;6300526;2020;5;6;7;2;8;1;0;0;1;0;0;0;0;0;789500,5811;5817686,149;13,25918817;52,43255766
139102;11;1;1011302;1100309;2020;5;21;1;3;0;1;2;1;0;0;0;0;0;0;798654,1318;5828507,658;13,40312437;52,52463826
139103;11;4;4030930;4501041;2020;5;16;2;3;2;2;0;0;1;0;0;0;0;1;793172,7104;5825606,908;13,32000703;52,50160937
139104;11;3;3071537;3701555;2020;5;9;5;3;0;3;0;0;1;0;1;0;0;0;799906,0465;5829988,961;13,42285835;52,53722854
139105;11;12;12231101;12400723;2020;5;15;4;3;6;4;0;0;1;1;0;0;0;0;791598,489;5838526,874;13,30823435;52,61827705
139106;11;1;1011401;1100415;2020;5;16;5;3;5;3;0;0;1;0;0;0;1;0;798311,8858;5829381,657;13,39887891;52,53265984
139107;11;11;11020516;11200515;2020;5;19;7;3;1;5;0;1;0;0;0;0;1;0;805622,188;5830188,209;13,50705945;52,53583892
139108;11;2;2040702;2400624;2020;5;20;1;3;5;3;1;1;1;0;0;0;0;0;801695,5212;5827204,874;13,44663681;52,51128694
139109;11;8;8010118;8100104;2020;5;17;2;3;2;6;0;0;1;0;1;0;0;1;800763,819;5822752,329;13,42893026;52,4718919
139110;11;6;6010207;6100207;2020;5;12;5;3;6;4;0;0;1;1;0;0;0;0;793804,1741;5819369,968;13,32378935;52,44535812
139111;11;1;1022204;1200626;2020;5;19;4;3;5;3;0;1;0;0;1;0;0;0;794824,0519;5828305,577;13,34665523;52,52491136
139112;11;8;8041037;8401243;2020;5;14;1;3;5;3;0;0;1;0;0;0;0;1;805295,6821;5817571,041;13,49070873;52,42294019
139113;11;11;11051229;11501238;2020;5;4;4;3;5;3;1;0;1;0;0;0;0;0;803343,027;5826305,903;13,4700199;52,502316
139114;11;3;3030715;3300516;2020;5;12;6;3;2;6;0;0;1;0;0;0;0;0;801063,1464;5833894,391;13,44340876;52,57159527
139115;11;12;12231101;12400722;2020;5;11;6;3;2;6;0;0;1;0;0;0;0;0;790763,4855;5837568,341;13,29509278;52,61013151
139116;11;4;4020310;4200308;2020;5;13;3;3;2;6;0;0;1;0;0;1;0;0;790387,4929;5827325,354;13,28059017;52,51850474
139117;11;7;7030301;7300517;2020;5;20;1;3;5;2;1;1;1;0;0;0;0;0;794235,8381;5822026,119;13,3324631;52,46893722
139118;11;11;11010310;11100309;2020;5;16;5;3;3;2;0;0;1;0;0;0;0;0;805551,6907;5833390,627;13,50897002;52,56457943
139119;11;4;4041136;4400728;2020;5;8;5;3;1;5;0;1;1;0;0;0;0;0;789468,308;5823623,05;13,26386286;52,48580131
139120;11;7;7040406;7400928;2020;5;20;1;2;2;6;0;0;1;0;0;0;0;0;800077,3105;5821426,384;13,41766136;52,46038435
139121;11;5;5030833;5300840;2020;5;6;2;3;0;6;0;0;1;0;1;0;0;1;788058,9466;5829363,657;13,24813412;52,53801404
139122;11;8;8010303;8100314;2020;5;16;4;3;6;7;0;0;0;1;0;0;1;0;800369,0258;5824360,505;13,42458417;52,48652387
139123;11;5;5030730;5300736;2020;5;16;4;3;2;6;0;0;1;0;0;0;1;0;786701,028;5829275,624;13,22809173;52,53794089
139124;11;5;5020417;5200420;2020;5;20;7;3;9;2;1;0;1;0;0;0;0;0;781911,6558;5828696,051;13,1571731;52,53524304
139125;11;7;7050501;7501029;2020;5;12;4;3;5;3;0;0;1;0;1;0;0;0;797089,1516;5818577,873;13,37127685;52,43648274
139126;11;6;6040804;6400838;2020;5;10;6;2;2;7;0;0;1;0;1;0;0;0;788740,8125;5820164,52;13,25018548;52,45517918
139127;11;1;1044103;1400942;2020;5;17;6;3;5;3;0;1;1;0;0;0;0;0;794590,0695;5830730,237;13,34536566;52,54677317
139128;11;8;8030829;8300934;2020;5;13;3;3;5;3;0;1;1;0;0;0;0;0;803261,6035;5818341,987;13,4615865;52,43098123
139129;11;9;9020502;9200511;2020;5;16;1;2;6;4;0;0;1;1;0;0;0;0;806777,377;5822281,577;13,51675482;52,4643291
139130;11;5;5010314;5100316;2020;5;15;4;3;5;3;0;1;1;0;0;0;0;0;785035,6138;5829507,633;13,20380232;52,54089474
139131;11;1;1011402;1100416;2020;5;11;6;3;3;6;0;1;0;0;0;0;1;0;798824,3653;5829752,405;13,40674495;52,53570234
139132;11;6;6040810;6400844;2020;5;17;6;3;5;3;0;1;1;0;1;0;0;0;791834,8262;5821376,651;13,2966499;52,4644027
139133;11;9;9010202;9100203;2020;5;10;3;3;5;3;0;1;1;0;0;0;0;0;804402,289;5823884,746;13,48336543;52,48002614
139134;11;2;2040502;2400521;2020;5;17;1;3;5;2;0;1;1;0;0;0;0;0;801247,6592;5827817,435;13,44061195;52,51702494
139135;11;12;12304313;12500825;2020;5;7;5;3;5;3;0;0;1;0;0;0;0;0;791655,2468;5834637,692;13,30564405;52,58338154
139136;11;11;11051330;11501339;2020;5;15;3;3;5;3;0;0;1;0;1;0;0;0;807189,7318;5824802,754;13,52512752;52,48669273
139137;11;7;7050501;7501029;2020;5;22;4;3;5;7;2;0;1;0;1;0;0;0;797766,6091;5819019,022;13,38160615;52,4400688
139138;11;11;11010103;11100102;2020;5;13;2;3;5;2;0;1;1;0;0;0;0;1;809251,523;5834486,389;13,56440211;52,57231036
139139;11;1;1022206;1200628;2020;5;18;4;3;2;6;0;0;1;0;0;0;0;0;796138,057;5828456,499;13,3661013;52,52555211
139140;11;5;5020419;5200423;2020;5;16;3;2;5;2;0;0;1;0;1;0;0;0;780871,8864;5828329,989;13,14157453;52,53249757
139141;11;2;2030401;2300418;2020;5;14;4;3;0;1;0;1;0;0;0;0;0;0;800885,4433;5825555,197;13,43324536;52,4969479
139142;11;8;8010117;8100102;2020;5;14;7;3;2;7;0;1;1;0;0;0;0;0;800466,1242;5823626,796;13,42534855;52,47989394
139143;11;4;4020310;4200308;2020;5;11;4;3;2;6;0;0;1;0;0;0;0;0;788258,9247;5827800,763;13,24971918;52,52389633
139144;11;2;2050601;2500726;2020;5;13;3;3;2;3;0;0;1;0;0;0;1;0;801787,1786;5828672,974;13,44931503;52,52439491
139145;11;6;6030606;6300630;2020;5;22;6;3;8;1;2;0;0;0;1;0;0;0;793353,6227;5818140,236;13,31609982;52,4345758
139146;11;7;7020204;7200414;2020;5;12;6;3;1;5;0;1;1;0;0;0;0;0;796288,1578;5823952,727;13,36429924;52,48509844
139147;11;4;4030725;4300416;2020;5;17;1;3;1;5;0;1;1;0;0;0;0;0;791853,4001;5825915,617;13,30089675;52,50508415
139148;11;3;3040513;3400620;2020;5;15;5;2;5;2;0;1;1;0;0;0;0;0;797952,3386;5833668,643;13,39744114;52,57128353
139149;11;10;10030724;10300731;2020;5;9;4;3;3;6;0;0;0;0;0;0;1;0;809208,9475;5830218,119;13,5598008;52,53408399
139150;11;1;1044101;1400938;2020;6;19;2;3;5;3;0;1;1;0;0;0;0;0;794149,8256;5831111,663;13,33922994;52,55043029
139151;11;7;7040403;7400823;2020;6;22;2;3;0;2;1;0;1;0;1;0;0;0;797357,4135;5821919,945;13,378187;52,46629538
139152;11;5;5030731;5300737;2020;6;10;7;3;6;7;0;1;0;1;0;0;0;0;787476,2718;5830305,589;13,24038189;52,54676663
139153;11;7;7060604;7601341;2020;6;14;6;2;5;2;0;1;1;0;0;0;0;0;797601,768;5815557,269;13,37610845;52,40912719
139154;11;12;12224230;12400618;2020;6;13;4;3;2;6;0;1;1;0;0;0;0;0;787181,7574;5838502,897;13,24315448;52,62041445
139155;11;7;7050504;7501032;2020;6;20;7;3;8;1;0;0;1;0;0;0;0;0;799937,5461;5820444,868;13,41472874;52,4516632
139156;11;8;8020622;8200726;2020;6;14;6;3;2;2;0;0;1;0;1;0;0;0;801268,504;5819690,902;13,43357537;52,44417328
139157;11;2;2040502;2400521;2020;6;11;6;3;5;2;0;1;1;0;0;0;0;0;800455,3655;5828239,635;13,42935225;52,5212463
139158;11;11;11051229;11501238;2020;6;16;3;3;3;6;0;1;1;0;0;0;0;0;803667,5419;5826245,494;13,47473099;52,50159407
139159;11;6;6040810;6400844;2020;6;15;2;2;5;2;0;0;1;0;0;0;0;0;790388,4135;5820843,748;13,27495542;52,46039576
139160;11;11;11030720;11300721;2020;6;11;6;3;5;2;0;1;0;0;0;1;0;0;806143,1329;5830146,724;13,5146778;52,53517475
139161;11;10;10010309;10100312;2020;6;11;2;2;3;6;0;0;1;0;0;1;0;0;807785,284;5829187,244;13,53792391;52,52565113
139162;11;1;1011402;1100416;2020;6;15;2;3;1;5;0;1;1;0;0;0;0;0;798550,6607;5829201,347;13,40222663;52,53091288
139163;11;4;4051653;4501152;2020;6;23;6;3;0;1;2;0;0;0;0;0;1;1;794151,658;5824741,455;13,33362312;52,49332421
139164;11;12;12302107;12601236;2020;6;17;5;3;0;7;0;0;1;0;0;0;0;1;793854,5851;5836148,288;13,33935148;52,59573952
139165;11;10;10020415;10200422;2020;6;16;1;3;0;7;0;0;0;0;0;0;1;0;812463,8868;5831034,388;13,60839991;52,53954252
139166;11;12;12224230;12400618;2020;6;14;2;3;0;7;0;1;0;0;0;0;0;0;787232,9617;5838550,51;13,24395014;52,62081426
139167;11;9;9031101;9301126;2020;6;14;6;3;2;7;0;1;1;0;0;0;0;1;811652,4765;5816945,702;13,58330938;52,41375322
139168;11;7;7040403;7400823;2020;6;22;6;3;5;2;2;0;1;0;0;0;0;1;796917,2525;5822287,148;13,37205349;52,4698264
139169;11;3;3061126;3601141;2020;6;6;4;3;5;3;0;1;0;0;0;0;1;0;798966,1668;5831437,084;13,41034552;52,55072518
139170;11;1;1022206;1200628;2020;6;21;6;3;5;3;2;1;1;0;0;0;0;0;796288,5023;5828494,613;13,36834634;52,52581202
139171;11;3;3030406;3300413;2020;6;10;3;3;5;3;0;0;1;0;0;0;0;0;802731,3231;5837325,006;13,4710825;52,60141762
139172;11;9;9020701;9200715;2020;6;21;6;3;5;3;1;0;1;0;0;0;1;0;807409,7673;5818300,613;13,52237128;52,42829536
139173;11;5;5010207;5100209;2020;6;13;6;2;5;2;0;0;1;0;0;0;0;0;783691,1825;5830168,217;13,18459601;52,54751928
139174;11;2;2020206;2200212;2020;6;8;3;3;5;3;0;1;0;0;0;0;0;0;799722,679;5824706,961;13,41540549;52,48998454
139175;11;7;7040403;7400824;2020;6;11;6;3;2;6;0;0;1;0;0;0;0;0;797682,3965;5821903,004;13,38294162;52,46596656
139176;11;8;8030829;8300934;2020;6;15;2;3;0;7;0;1;1;0;0;0;1;0;803532,7025;5818189,293;13,46542317;52,42946228
139177;11;12;12214528;12400619;2020;6;12;2;3;3;6;0;1;0;0;0;0;0;0;789585,6804;5834319,246;13,27490603;52,58163219
139178;11;5;5010207;5100209;2020;6;10;6;3;1;7;0;0;1;0;0;0;0;0;783501,0646;5830253,764;13,18187283;52,54838529
139179;11;6;6030610;6300634;2020;6;17;4;3;5;3;0;1;1;0;0;0;0;0;791914,3719;5818765,961;13,29553542;52,44095543
139180;11;3;3050925;3500936;2020;6;16;5;3;1;5;0;1;1;0;0;0;0;0;802401,6136;5831134,616;13,46058377;52,54611793
139181;11;11;11051332;11501341;2020;6;17;1;3;5;3;0;0;1;0;0;0;0;0;807245,7401;5824082,798;13,52528625;52,48020885
139182;11;3;3051017;3501037;2020;6;13;2;3;5;3;0;1;1;0;0;0;0;0;802302,0941;5833159,42;13,46096452;52,56432119
139183;11;3;3071639;3701660;2020;6;20;6;3;1;5;1;0;1;0;1;0;0;0;800734,1493;5829698,207;13,43476798;52,53416612
139184;11;8;8010301;8100312;2020;6;13;6;3;1;5;0;1;1;0;0;0;0;0;800925,3444;5824243,086;13,43264639;52,48516508
139185;11;5;5030731;5300737;2020;6;10;4;3;2;6;0;0;1;0;0;0;0;0;787223,58;5829410,869;13,23589205;52,53887826
139186;11;8;8010405;8100418;2020;6;9;6;3;1;5;0;1;1;0;0;0;0;1;801578,7806;5823866,426;13,44189942;52,48142848
139187;11;10;10040931;10400938;2020;6;8;3;3;5;3;0;1;0;0;0;0;1;0;813322,0103;5828734,904;13,61884448;52,51844436
139188;11;4;4030827;4300623;2020;6;20;6;3;0;2;0;1;1;0;0;0;0;0;792734,5612;5826389,931;13,31425913;52,50886416
139189;11;8;8041036;8401242;2020;6;9;2;3;5;3;0;0;1;0;0;0;0;0;805050,068;5817550,949;13,48708961;52,42289707
139190;11;11;11020412;11200411;2020;6;13;2;3;5;3;0;0;0;0;1;0;1;0;805063,2431;5831515,834;13,50006332;52,54805076
139191;11;7;7050503;7501031;2020;6;10;7;3;6;2;0;0;1;1;0;0;0;0;799195,8697;5819999,716;13,40344845;52,44807942
139192;11;5;4020310;4200308;2020;6;12;6;3;2;6;0;0;1;0;0;0;0;0;788120,6928;5827857,8;13,24773678;52,52448076
139193;11;8;8020620;8200624;2020;6;15;4;3;0;3;0;1;1;0;0;0;0;0;800650,2993;5821236,535;13,42589847;52,45836773
139194;11;2;2010104;2100106;2020;6;22;7;3;6;4;2;0;0;1;0;0;1;0;799774,7637;5825695,648;13,41705994;52,49881802
139195;11;5;5010101;5100101;2020;6;12;2;3;2;6;0;1;1;0;0;0;0;0;785081,992;5834121,682;13,20844854;52,58223939
139196;11;1;1044103;1400942;2020;6;18;6;3;2;6;0;0;1;0;0;0;0;0;794843,8012;5831024,94;13,34935828;52,54927769
139197;11;8;8010214;8100209;2020;6;10;2;3;5;2;0;0;1;0;0;0;0;0;802067,801;5821985,812;13,44737557;52,46430202
139198;11;10;10040828;10400835;2020;6;12;2;3;5;3;0;1;1;0;0;0;0;0;811848,4274;5829321,611;13,59774783;52,52454655
139199;11;5;5020625;5200629;2020;6;19;6;3;5;3;0;1;1;0;0;0;0;0;784584,7717;5828434,851;13,19625383;52,53151182
139200;11;8;8041035;8401241;2020;6;16;4;3;6;4;0;0;1;1;0;0;0;0;804817,5534;5818566,034;13,48460595;52,4321246
139201;11;11;11010205;11100204;2020;6;12;5;3;6;4;0;0;1;1;0;0;0;0;806231,1766;5833252,297;13,51883553;52,56295795
139202;11;3;3061434;3601449;2020;6;17;1;3;3;6;0;0;1;0;1;0;0;0;801684,2793;5830052,531;13,44905484;52,53681688
139203;11;1;1033102;1300733;2020;6;11;2;3;2;6;0;0;1;0;0;0;0;0;797194,4718;5831916,811;13,38472238;52,55599487
139204;11;2;2010102;2100102;2020;6;12;6;3;5;3;0;1;1;0;0;0;0;0;797971,5219;5826184,45;13,3910123;52,5041871
139205;11;3;3071537;3701555;2020;6;8;6;3;0;1;0;0;0;0;1;0;0;1;799653,1802;5830086,154;13,41922892;52,53823881
139206;11;4;4051551;4501148;2020;6;8;4;3;5;2;0;0;1;0;0;0;1;0;792825,7875;5823220,373;13,31281342;52,48040105
139207;11;9;9041301;9401329;2020;6;8;6;2;5;3;0;0;1;0;0;0;0;0;811385,604;5819732,774;13,5819927;52,4388816
139208;11;7;7010104;7100205;2020;6;15;3;2;4;6;0;0;0;0;0;0;1;0;796473,2069;5824881,148;13,36784237;52,49332043
139209;11;6;6010205;6100205;2020;6;7;6;2;1;5;0;1;1;0;0;0;0;1;795159,6429;5819752,639;13,34401319;52,44805853
139210;11;9;9020601;9200613;2020;6;20;2;3;5;2;0;1;0;0;0;0;1;0;806665,3736;5821254,948;13,51416826;52,45519098
139211;11;9;9041302;9401330;2020;6;10;2;3;0;1;0;1;0;0;0;0;0;0;811976,3931;5817603,319;13,58866946;52,41946195
139212;11;12;12301206;12500929;2020;6;9;7;2;5;3;0;1;1;0;0;0;0;0;793641,1961;5837889,542;13,33775488;52,61146385
139213;11;9;9051702;9501737;2020;6;7;6;3;0;1;0;1;0;0;0;0;0;1;813738,1588;5821733,747;13,61836761;52,45546809
139214;11;6;6040703;6400737;2020;6;14;4;3;5;3;0;0;1;0;0;0;0;0;786291,0236;5817664,724;13,21208951;52,43405484
139215;11;4;4030930;4501041;2020;6;23;7;3;5;7;2;0;1;0;0;0;0;0;792840,1671;5825515,527;13,31504163;52,50096874
139216;11;1;1011201;1100205;2020;6;7;6;3;5;3;0;1;1;0;0;0;0;1;796957,3436;5826859,548;13,3767167;52,51079155
139217;11;2;2030402;2300419;2020;6;18;6;3;2;6;0;1;1;0;0;0;0;1;801511,2891;5826001,727;13,44284071;52,50060483
139218;11;4;4030931;4501042;2020;6;18;3;3;5;2;0;1;1;0;0;0;0;0;793522,1396;5825721,716;13,32524127;52,50245072
139219;11;9;9041301;9401329;2020;6;10;2;3;0;2;0;1;1;0;0;0;0;0;812410,8989;5819584,024;13,59688811;52,43696393
139220;11;3;3030715;3300516;2020;6;16;6;3;2;2;0;0;1;0;0;0;1;0;800832,5368;5833476,112;13,43963691;52,56797371
139221;11;7;7020204;7200414;2020;6;23;2;3;0;1;2;1;0;0;0;0;0;0;796902,7946;5824147,572;13,37349772;52,48651115
139222;11;3;3050924;3500935;2020;6;7;6;3;0;1;0;0;0;0;1;0;0;1;801612,8295;5831647,883;13,44945313;52,55115559
139223;11;9;9051702;9501737;2020;6;19;3;2;3;6;0;1;0;0;0;0;0;0;814870,901;5821832,79;13,63507633;52,45570429
139224;11;6;6030503;6300527;2020;6;7;5;3;0;3;0;1;0;0;0;0;0;0;790471,479;5818105,684;13,27379365;52,43580421
139225;11;3;3061227;3601243;2020;6;13;3;3;5;3;0;0;1;0;0;0;1;0;799688,2194;5831265,195;13,42080768;52,54878771
139226;11;10;10020519;10200526;2020;6;17;5;3;0;1;0;0;1;0;0;0;0;0;812375,8915;5829914,409;13,6060541;52,52955676
139227;11;12;12103218;12100205;2020;6;17;2;3;5;3;0;0;1;0;0;0;0;0;794554,8589;5834265,523;13,34798628;52,57848329
139228;11;4;4030623;4300622;2020;6;10;2;3;5;7;0;0;1;0;1;0;0;0;793845,8546;5826552,283;13,33072973;52,5097221
139229;11;3;3050923;3500934;2020;6;15;7;3;5;2;0;0;0;0;1;0;1;0;801157,0273;5831615,246;13,44272143;52,55111525
139230;11;4;4030931;4501042;2020;6;14;5;3;1;5;0;0;1;0;0;0;1;0;794049,2273;5826129,523;13,3333443;52,5058227
139231;11;12;12103117;12100101;2020;6;13;4;3;2;6;0;0;1;0;0;0;1;0;796259,1395;5832389,354;13,37138829;52,56074032
139232;11;7;7010104;7100205;2020;6;18;7;3;5;2;0;1;1;0;0;0;0;1;796017,1603;5824954,977;13,36121034;52,49422976
139233;11;4;4031032;4500937;2020;6;16;5;3;0;5;0;0;1;0;0;0;0;0;791186,9981;5824682,487;13,29002807;52,49438524
139234;11;7;7050501;7501029;2020;6;15;3;3;2;6;0;0;1;0;1;0;0;0;797119,6416;5819654,629;13,37268138;52,44611832
139235;11;1;1044201;1401043;2020;6;21;2;3;5;3;1;1;1;0;0;0;0;0;795686,436;5830921,085;13,36165675;52,54789
139236;11;4;4030622;4300621;2020;6;8;5;3;2;6;0;0;1;0;0;0;1;0;792239,5427;5826876,775;13,30741357;52,51349401
139237;11;3;3030711;3300515;2020;6;15;2;3;5;2;0;0;1;0;1;0;0;0;801328,2135;5835385,47;13,44866339;52,5848131
139238;11;1;1044201;1401045;2020;6;5;2;2;0;1;0;0;0;0;1;0;0;0;796788,0398;5831574,969;13,37843943;52,55315229
139239;11;2;2040702;2400624;2020;6;16;5;3;5;3;0;1;1;0;0;0;0;1;801905,2722;5827408,928;13,44990328;52,51299985
139240;11;1;1011402;1100416;2020;6;17;5;3;5;3;0;1;1;0;0;0;0;1;798672,516;5829459,746;13,40424984;52,53316231
139241;11;1;1011103;1100103;2020;6;13;1;3;5;3;0;1;1;0;0;0;0;0;795934,3498;5825633,376;13,36059687;52,50035594
139242;11;4;4010102;4100101;2020;6;20;2;3;3;6;0;1;1;0;0;0;0;0;792804,8597;5830564,973;13,3189687;52,54625409
139243;11;2;2030301;2300314;2020;6;23;5;3;1;5;2;0;0;0;1;0;0;1;799856,0576;5826253,731;13,41875642;52,5037757
139244;11;1;1011105;1100102;2020;6;19;2;2;5;3;0;0;1;0;0;0;1;0;796633,6566;5826676,577;13,37179806;52,50932752
139245;11;9;9051901;9501939;2020;6;16;5;2;5;2;0;1;1;0;0;0;0;1;809945,8115;5821592,809;13,56260511;52,45636862
139246;11;9;9010101;9100101;2020;6;3;5;3;0;7;2;1;0;0;0;0;0;0;802186,9119;5824709,076;13,45159104;52,48864504
139247;11;3;3050919;3500932;2020;6;16;2;3;2;7;0;0;1;0;1;0;0;0;801097,9184;5832539,621;13,44269073;52,55943317
139248;11;2;2050802;2500833;2020;6;20;2;3;6;4;0;0;1;1;0;0;0;0;802610,0686;5827007,819;13,45989271;52,5090142
139249;11;1;1011304;1100311;2020;6;7;5;3;5;2;0;1;1;0;0;0;0;0;799582,3591;5828044,167;13,41634784;52,51997456
139250;11;2;2040701;2400623;2020;6;14;5;3;2;6;0;0;1;0;0;0;0;0;801045,4987;5827051,988;13,43694921;52,51027572
139251;11;5;5020524;5200528;2020;6;18;4;3;2;6;0;0;1;0;0;0;1;0;783380,799;5826751,9;13,17711826;52,51704937
139252;11;5;5020625;5200629;2020;6;16;7;3;3;6;0;0;1;0;0;0;1;0;784561,6453;5828635,626;13,19608571;52,53332405
139253;11;8;8010404;8100415;2020;6;13;5;3;0;7;0;1;0;0;0;0;0;0;801989,1026;5823302,803;13,44741278;52,47614991
139254;11;7;7070703;7601544;2020;6;13;3;3;2;7;0;0;1;0;1;0;0;0;799701,0521;5813971,98;13,40546046;52,39377195
139255;11;5;5010207;5100209;2020;6;22;5;3;1;5;2;0;1;0;0;0;0;1;783263,8905;5830651,08;13,17872339;52,55207108
139256;11;8;8010214;8100209;2020;6;14;2;3;5;2;0;1;1;0;0;0;0;0;801727,7387;5822098,27;13,44248683;52,46549789
139257;11;2;2010101;2100101;2020;6;19;2;3;5;2;0;1;1;0;0;0;0;0;797861,1874;5825643,634;13,38890781;52,49939958
139258;11;12;12214528;12400619;2020;6;11;5;3;0;1;0;1;0;0;0;0;0;0;789398,3022;5836320,502;13,27389669;52,59967323
139259;11;7;7010102;7100102;2020;6;17;4;3;2;6;0;0;1;0;0;0;1;0;795294,3296;5824964,298;13,35060256;52,49470486
139260;11;4;4051549;4501146;2020;6;14;5;3;5;3;0;1;1;0;0;0;0;0;793275,7108;5823928,174;13,32004226;52,48650479
139261;11;9;9020501;9200510;2020;6;20;1;3;0;7;1;1;0;0;0;0;0;0;806280,1003;5822397,13;13,50956399;52,46564369
139262;11;12;12302108;12601134;2020;6;19;2;3;2;6;0;0;1;0;0;0;0;0;794479,395;5837203,474;13,34948773;52,60486037
139263;11;9;9030901;9300920;2020;6;11;5;3;5;3;0;0;1;0;1;0;0;0;807699,1177;5817825,783;13,52617678;52,42387718
139264;11;1;1011304;1100311;2020;6;11;5;2;5;2;0;1;1;0;0;0;0;0;799727,0195;5827763,92;13,418221;52,5173831
139265;11;9;9052001;9502043;2020;6;10;4;3;5;3;0;1;1;0;0;0;0;0;810989,3136;5821975,859;13,57826976;52,45920864
139266;11;8;8010509;8100521;2020;6;19;5;2;5;3;0;0;1;0;0;0;0;1;803742,2854;5822182,25;13,47212663;52,46513444
139267;11;9;9051901;9501939;2020;6;8;3;3;3;6;0;1;0;0;0;0;0;0;810651,5035;5820306,622;13,57176131;52,44444167
139268;11;2;2020204;2200210;2020;6;18;5;3;5;3;0;1;1;0;0;0;0;1;798176,4687;5824842,093;13,39282112;52,49204258