OBJECTID;LAND;BEZ;LOR;LOR_ab_2021;UJAHR;UMONAT;USTUNDE;UWOCHENTAG;UKATEGORIE;UART;UTYP1;ULICHTVERH;IstRad;IstPKW;IstFuss;IstKrad;IstGkfz;IstSonstige;USTRZUSTAND;LINREFX;LINREFY;XGCSWGS84;YGCSWGS84
139269;11;8;8030830;8300935;2020;6;12;4;2;5;3;0;0;1;0;0;0;0;0;802915,2785;5817455,519;13,45570528;52,42322759
139270;11;7;7010101;7100101;2020;6;19;5;3;6;4;0;1;0;1;0;0;0;1;794577,3796;5825486,108;13,34053411;52,49976998
139271;11;11;11020513;11200512;2020;6;9;3;3;2;6;0;0;1;0;0;0;0;0;803254,2844;5830224,599;13,47228887;52,53748776
139272;11;7;7040402;7400822;2020;6;17;5;2;1;1;0;0;1;0;0;0;0;1;796608,2815;5821216,565;13,36656677;52,4603974
139273;11;6;6030501;6300524;2020;6;12;2;3;5;2;0;1;0;0;0;1;0;0;788515,7402;5816865,564;13,24403427;52,42572095
139274;11;3;3061131;3601142;2020;6;17;2;3;5;3;0;1;0;0;0;0;0;0;798655,4881;5830297,111;13,40475209;52,54067741
139275;11;4;4030931;4501042;2020;6;10;5;3;5;2;0;0;1;0;0;0;1;0;794223,6114;5825972,582;13,33576747;52,5043218
139276;11;2;2050602;2500728;2020;6;16;4;3;1;5;0;1;1;0;0;0;0;0;803046,5509;5827818,039;13,46704218;52,51603378
139277;11;9;9020501;9200510;2020;6;6;4;3;5;2;0;1;0;0;0;0;1;0;805850,9288;5823348,094;13,504138;52,47440706
139278;11;2;2040701;2400623;2020;6;15;1;3;4;6;0;1;1;0;0;0;0;0;800926,8441;5826923,23;13,43508971;52,5091871
139279;11;5;5020524;5200528;2020;6;18;2;2;5;3;0;0;1;0;1;0;0;0;783813,9605;5826379,433;13,18316699;52,5134845
139280;11;10;10020622;10200629;2020;6;17;5;3;5;3;0;1;1;0;0;0;0;0;811035,0462;5829168,941;13,58565474;52,52364301
139281;11;1;1011301;1100308;2020;6;10;5;2;8;1;0;1;0;0;0;0;0;0;797110,539;5827970,825;13,37995973;52,5206695
139282;11;3;3040818;3400829;2020;6;17;4;3;5;2;0;1;1;0;0;0;0;0;800000,8709;5833019,327;13,42699014;52,56433838
139283;11;9;9020501;9200510;2020;6;7;5;3;5;2;0;0;1;0;0;0;0;0;806427,9466;5822974,92;13,51226411;52,47073916
139284;11;8;8010117;8100102;2020;6;15;3;3;5;3;0;1;1;0;0;0;0;0;800145,3717;5823272,037;13,42032039;52,47689045
139285;11;1;1011204;1100207;2020;6;5;5;3;5;2;0;0;1;0;1;0;0;0;798615,4213;5826924,342;13,40113435;52,51046722
139286;11;5;5030730;5300736;2020;6;19;2;3;0;5;0;0;1;0;1;0;0;0;786645,3069;5829241,803;13,22724324;52,53766698
139287;11;8;8010213;8100208;2020;6;18;2;3;5;3;0;1;1;0;0;0;0;0;801637,5642;5822641,488;13,44165454;52,47041665
139288;11;5;5020627;5200632;2020;6;13;7;3;2;6;0;0;1;0;0;0;0;0;785674,1559;5828015,998;13,21190999;52,52718659
139289;11;4;4031032;4500937;2020;6;0;5;3;1;7;2;0;0;0;1;0;0;0;791328,8163;5825234,317;13,29259374;52,49925669
139290;11;11;11020412;11200411;2020;6;14;4;3;5;3;0;0;1;0;0;0;0;0;806173,0057;5831395,213;13,51626733;52,54634718
139291;11;7;7030301;7300516;2020;6;9;5;3;5;2;0;0;1;0;0;0;0;0;793962,438;5822006,091;13,32843226;52,46890487
139292;11;12;12214125;12200412;2020;6;11;2;3;2;6;0;0;1;0;0;0;0;0;790398,276;5833695,283;13,28631861;52,57560532
139293;11;1;1022203;1200625;2020;6;17;2;3;2;2;0;0;1;0;0;0;0;0;795148,8428;5828487,441;13,35159011;52,5263659
139294;11;2;2030301;2300314;2020;6;17;6;3;0;5;0;1;1;0;0;0;0;0;799845,5944;5825805,958;13,41819955;52,49976787
139295;11;3;3050925;3500936;2020;6;17;5;3;2;2;0;0;1;0;0;0;0;1;802697,3278;5831786,299;13,46552533;52,55179462
139296;11;3;3040614;3400725;2020;6;14;4;3;5;3;0;1;1;0;0;0;0;0;799955,9753;5835682,927;13,42873957;52,58823756
139297;11;3;3030405;3300411;2020;6;21;7;3;1;5;0;0;1;0;0;0;0;0;804326,1839;5839616,46;13,49666615;52,62106413
139298;11;8;8010405;8100418;2020;6;9;5;3;0;3;0;1;1;0;0;0;0;0;802002,6495;5823720,378;13,4479898;52,47988519
139299;11;9;9030901;9300920;2020;6;9;5;3;1;5;0;1;1;0;0;0;0;0;807961,3704;5817853,525;13,53004691;52,42397829
139300;11;11;11041128;11401137;2020;6;17;3;3;4;6;0;1;0;0;0;0;0;0;807140,7287;5825728,706;13,52526157;52,49501882
139301;11;1;1011104;1100104;2020;6;8;5;3;5;2;0;1;1;0;0;0;0;0;796143,4679;5825693,807;13,36372226;52,50078419
139302;11;1;1044202;1401046;2020;6;14;7;3;3;6;0;1;1;0;0;0;0;0;794668,1006;5829870,51;13,34575045;52,53902416
139303;11;5;5020626;5200631;2020;6;11;3;3;2;6;0;0;1;0;0;0;0;0;784737,88;5827491,012;13,19769655;52,52296939
139304;11;1;1011302;1100309;2020;6;7;5;3;5;3;0;0;1;0;0;0;1;0;797993,2951;5828907,177;13,39377071;52,52858102
139305;11;6;6010102;6100102;2020;6;17;2;2;5;2;0;0;1;0;1;0;0;0;793792,0384;5820810,582;13,32487859;52,45827924
139306;11;1;1044101;1400938;2020;6;17;2;3;1;5;0;1;1;0;0;0;0;0;793892,6904;5830229,336;13,33466778;52,54265956
139307;11;2;2020204;2200210;2020;6;23;6;3;5;3;2;0;0;0;1;0;1;0;798295,488;5825312,195;13,39498986;52,49619143
139308;11;7;7020201;7200307;2020;6;16;5;3;2;6;0;0;1;0;0;0;0;0;794932,96;5824627,567;13,34499701;52,49188167
139309;11;8;8010404;8100416;2020;6;19;4;3;6;7;0;0;1;1;0;0;0;0;801591,7352;5823018,469;13,44132273;52,47382093
139310;11;3;3061430;3601450;2020;6;16;7;3;2;6;0;0;1;0;0;0;0;0;802354,628;5829234,351;13,45816401;52,52911212
139311;11;1;1033203;1300836;2020;6;16;5;2;5;3;0;1;1;0;0;0;0;1;796566,4634;5830500,476;13,37422137;52,54364133
139312;11;7;7030301;7300517;2020;6;14;7;2;5;3;0;1;1;0;0;0;0;0;793949,5055;5822398,617;13,3285883;52,47243066
139313;11;2;2020205;2200211;2020;6;10;3;3;1;5;0;1;0;0;0;0;1;0;798656,1963;5824579,585;13,3996307;52,48942728
139314;11;4;4030931;4501042;2020;6;20;7;3;5;7;1;0;1;0;0;0;0;0;793920,5792;5825687,324;13,33106397;52,50192794
139315;11;2;2020204;2200210;2020;6;7;5;3;5;2;0;1;1;0;0;0;0;0;798005,4674;5825273,743;13,39069602;52,49600518
139316;11;2;2050601;2500726;2020;6;14;7;3;2;3;0;1;0;0;1;0;0;0;801858,9761;5829003,068;13,45066972;52,52731381
139317;11;8;8041038;8401244;2020;6;16;5;2;2;2;0;0;1;0;0;0;1;1;806251,2218;5816368,387;13,50361653;52,41162746
139318;11;8;8010213;8100208;2020;6;18;3;3;1;5;0;1;1;0;0;0;0;0;801028,5915;5822823,098;13,43288039;52,47238039
139319;11;3;3061228;3601245;2020;6;5;2;3;6;4;0;0;1;1;0;0;0;0;800156,463;5830854,642;13,42732148;52,54485002
139320;11;7;7040405;7400927;2020;6;15;5;3;5;2;0;0;1;0;0;0;1;0;799129,0797;5821712,383;13,4040029;52,4634678
139321;11;12;12304313;12500825;2020;6;17;2;3;0;1;0;0;0;0;0;0;1;0;792333,056;5834075,748;13,31512395;52,57798019
139322;11;5;5010339;5100317;2020;6;17;2;3;0;2;0;1;1;0;0;0;0;0;787125,1883;5828129,753;13,23333859;52,52744416
139323;11;2;2010104;2100106;2020;6;15;5;2;5;2;0;1;1;0;0;0;0;0;799061,6276;5825597,127;13,40649751;52,49832618
139324;11;2;2020203;2200209;2020;6;17;5;3;6;4;0;0;1;1;0;0;0;1;797655,6113;5824023,303;13,38444082;52,48498732
139325;11;2;2050801;2500831;2020;6;16;2;3;5;2;0;0;1;0;1;0;0;0;803109,0481;5827114,914;13,46731996;52,50969707
139326;11;8;8020619;8200623;2020;6;17;2;3;1;7;0;0;1;0;0;0;0;0;801424,6196;5821051,246;13,43709295;52,45628042
139327;11;3;3061227;3601243;2020;6;15;5;2;0;1;0;0;0;0;1;0;0;1;799440,3415;5831384,252;13,41727032;52,54999118
139328;11;6;6030502;6300525;2020;6;15;5;3;3;7;0;1;0;0;0;0;0;1;790224,9237;5815008,425;13,26749008;52,4081671
139329;11;11;11041128;11401135;2020;6;7;4;2;0;7;0;0;1;0;1;0;0;0;805960,368;5825334,698;13,50756747;52,4921505
139330;11;1;1022202;1200624;2020;6;9;5;3;5;2;0;1;0;0;0;0;1;0;795657,7106;5829732,303;13,36017634;52,53724925
139331;11;3;3061126;3601141;2020;6;13;7;3;5;3;0;1;1;0;0;0;0;0;799190,97;5831607,125;13,41380435;52,55212591
139332;11;3;3061441;3601453;2020;6;10;3;3;5;2;0;1;1;0;0;0;0;0;802391,1255;5828832,527;13,45833497;52,52549036
139333;11;3;3071633;3701657;2020;6;17;4;3;3;6;0;1;0;0;0;0;0;0;799987,5215;5830256,199;13,42429727;52,53957904
139334;11;10;10040933;10400940;2020;6;10;2;3;5;3;0;0;1;0;1;0;0;0;812540,5749;5825040,529;13,60389822;52,48578695
139335;11;9;9031201;9301227;2020;6;16;2;3;1;1;0;1;1;0;0;0;0;0;815047,4592;5815080,488;13,63130704;52,39509596
139336;11;9;9020601;9200613;2020;6;22;4;3;1;1;2;1;1;0;0;0;0;0;806483,8274;5821598,156;13,5118199;52,45836876
139337;11;6;6020306;6200317;2020;6;16;4;3;5;2;0;1;1;0;0;0;0;0;796367,9127;5816708,048;13,3590412;52,42011243
139338;11;11;11040925;11400927;2020;6;13;5;3;5;3;0;1;1;0;0;0;0;1;803698,1365;5826380,817;13,47530374;52,50278991
139339;11;2;2020202;2200208;2020;6;19;4;3;0;2;0;1;1;0;0;0;0;0;797941,3924;5825259,318;13,38974208;52,49591087
139340;11;6;6020302;6200312;2020;6;15;2;2;0;2;0;0;1;0;0;0;1;0;794842,9631;5819317,941;13,33898333;52,44433257
139341;11;1;1033201;1300834;2020;6;16;2;3;1;5;0;0;1;0;0;0;0;0;797786,1455;5830514,591;13,39216645;52,54310262
139342;11;7;7030303;7300619;2020;6;19;4;3;5;2;0;1;0;0;1;0;0;0;795808,4616;5822504,63;13,35597093;52,47237747
139343;11;4;4031032;4500938;2020;6;17;4;3;5;2;0;1;1;0;0;0;0;0;791912,7224;5824773,162;13,30076687;52,49481048
139344;11;7;7030303;7300619;2020;6;16;5;3;5;2;0;1;1;0;0;0;0;1;795246,6494;5822270,144;13,34751624;52,47057941
139345;11;4;4041133;4400725;2020;6;18;1;3;5;7;0;1;1;0;0;0;0;0;790563,6261;5825204,939;13,28132764;52,49940129
139346;11;5;5010314;5100316;2020;5;16;1;3;3;2;0;0;1;0;0;0;0;0;784979,5514;5829499,331;13,20297079;52,54084963
139347;11;2;2020205;2200211;2020;6;19;4;3;5;2;0;1;1;0;0;0;0;0;798254,3038;5824521,598;13,39367728;52,48912721
139348;11;1;1011401;1100414;2020;6;8;4;3;5;2;0;1;1;0;0;0;0;0;797424,0578;5829329,401;13,38578208;52,53267661
139349;11;6;6020410;6200422;2020;6;10;4;3;1;5;0;1;1;0;0;0;0;0;793963,3613;5817015,737;13,32405469;52,42416767
139350;11;8;8030831;8301037;2020;6;6;4;2;2;6;0;0;1;0;0;0;0;0;804155,233;5817820,294;13,47421569;52,42580927
139351;11;6;6020409;6200421;2020;6;18;7;3;0;1;0;0;0;0;1;0;0;1;794099,8806;5818685,753;13,32752548;52,43906542
139352;11;4;4030623;4300622;2020;6;9;3;3;1;5;0;1;1;0;0;0;0;0;793678,9845;5826128,306;13,32790395;52,50601122
139353;11;4;4031032;4500937;2020;6;6;4;3;5;7;0;0;1;0;1;0;0;0;791589,4204;5825441,389;13,2966032;52,50097389
139354;11;6;6030606;6300630;2020;6;12;2;3;5;2;0;0;1;0;1;0;0;0;793670,1714;5819157,254;13,32163642;52,4435232
139355;11;8;8010510;8100521;2020;5;23;1;3;5;3;2;0;1;0;0;0;0;0;803463,1016;5822050,728;13,46791008;52,46411075
139356;11;11;11051229;11501238;2020;6;17;6;3;5;3;0;1;0;0;0;0;0;0;803736,9271;5826209,997;13,47571766;52,50123731
139357;11;1;1011303;1100310;2020;6;22;4;3;5;2;2;0;1;0;0;0;0;0;799245,0365;5828468,812;13,41177322;52,52396607
139358;11;9;9020802;9200819;2020;6;15;4;2;6;4;0;0;1;1;0;0;0;0;810452,8934;5819924,861;13,56849386;52,44113324
139359;11;8;8010404;8100417;2020;6;14;7;3;0;7;0;1;0;0;0;0;0;0;802188,4676;5823357,515;13,4503888;52,47653002
139360;11;8;8010404;8100415;2020;5;19;1;3;5;7;0;0;1;0;0;0;0;0;801569,7785;5823589,945;13,4415172;52,4789553
139361;11;6;6030605;6300629;2020;6;22;4;2;0;1;2;1;0;0;0;0;0;0;791873,8068;5819135,037;13,29526271;52,44428585
139362;11;12;12103219;12100204;2020;6;19;4;3;2;6;0;0;1;0;0;0;0;0;793816,523;5832719,856;13,3357521;52,56502659
139363;11;2;2040701;2400623;2020;6;14;3;2;0;6;0;1;0;0;0;0;0;0;800621,7462;5827235,588;13,43088989;52,51215506
139364;11;11;11040926;11400928;2020;6;19;4;3;5;7;0;1;1;0;0;0;0;0;804050,0046;5826307,591;13,4804048;52,50193767
139365;11;3;3040513;3400620;2020;6;19;1;3;4;6;0;1;1;0;0;0;0;0;797167,663;5833579,157;13,38581696;52,57091036
139366;11;7;7010104;7100205;2020;5;19;1;3;5;3;0;1;1;0;0;0;0;0;796355,9797;5825093,333;13,3663095;52,49528614
139367;11;9;9041402;9401432;2020;6;19;4;2;3;6;0;1;1;0;0;0;0;0;812246,3717;5820068,177;13,59492795;52,44139655
139368;11;2;2010101;2100101;2020;6;18;4;2;5;3;0;0;1;0;0;0;0;0;797373,6674;5826183,353;13,38222916;52,50450343
139369;11;1;1033201;1300834;2020;6;9;4;3;0;3;0;1;0;0;1;0;0;0;797972,2761;5830852,291;13,39520592;52,54602789
139370;11;11;11030721;11300725;2020;6;18;4;2;5;3;0;0;1;0;1;0;0;0;804959,8712;5827935,818;13,4952593;52,51602294
139371;11;2;2030302;2300316;2020;6;16;3;3;5;2;0;1;0;0;0;0;0;0;801241,0056;5826205,578;13,43905541;52,50258126
139372;11;7;7050505;7501134;2020;6;12;4;2;4;6;0;0;1;0;0;0;0;0;799659,9511;5819025,737;13,40938321;52,43909486
139373;11;3;3040818;3400829;2020;6;12;2;3;2;7;0;0;1;0;0;0;0;0;799666,6965;5832767,678;13,42184756;52,5622668
139374;11;7;7050505;7501134;2020;5;17;1;3;0;1;0;0;0;0;1;0;0;0;798993,5684;5819077,134;13,39965504;52,43992029
139375;11;8;8010508;8100520;2020;6;13;6;3;0;2;0;1;1;0;0;0;0;0;803003,3237;5822810,57;13,46185303;52,47117634
139376;11;9;9020702;9200717;2020;6;11;4;3;5;3;0;1;1;0;0;0;0;0;809364,6466;5819655,819;13,55228564;52,4393388
139377;11;1;1011303;1100310;2020;6;15;4;3;2;6;0;0;0;0;1;0;1;0;799212,9932;5828465,147;13,41129903;52,52395081
139378;11;3;3040512;3400619;2020;6;23;7;3;5;3;2;1;1;0;0;0;0;0;796296,9332;5835140,563;13,37440244;52,58538128
139379;11;8;8041037;8401243;2020;6;10;4;3;5;7;0;1;1;0;0;0;0;0;805477,5624;5817215,158;13,49305023;52,41964903
139380;11;10;10020622;10200629;2020;6;12;7;3;5;2;0;0;1;0;0;0;0;0;810380,3036;5827953,764;13,57490155;52,5131263
139381;11;10;10040933;10400941;2020;6;10;4;3;5;3;0;1;1;0;0;0;0;0;813024,6327;5824671,263;13,61065688;52,48220064
139382;11;3;3040512;3400619;2020;6;19;3;2;5;7;0;0;1;0;0;0;0;0;795813,2721;5835200,271;13,36733775;52,58617969
139383;11;6;6040804;6400838;2020;6;8;4;3;5;3;0;0;1;0;0;0;0;0;788149,1865;5818734,107;13,24026887;52,44266685
139384;11;12;12214527;12200515;2020;6;19;7;3;1;5;0;1;1;0;0;0;0;0;790404,0582;5835314,135;13,28782227;52,59011507
139385;11;7;7020201;7200307;2020;6;18;2;3;0;5;0;1;1;0;0;0;0;0;794957,1533;5824156,386;13,34493526;52,48764477
139386;11;12;12103219;12100204;2020;6;17;4;3;2;6;0;0;1;0;0;0;0;0;794422,0502;5832537,414;13,34449786;52,56306401
139387;11;2;2020204;2200210;2020;6;16;2;3;5;3;0;1;1;0;0;0;0;0;798533,8248;5824758,256;13,39799384;52,49109577
139388;11;9;9030901;9300920;2020;6;13;3;3;8;1;0;0;1;0;0;0;0;0;808016,219;5816995,798;13,53006145;52,4162603
139389;11;5;5040936;5400943;2020;6;18;4;3;5;2;0;1;1;0;0;0;0;0;780520,7842;5820690,843;13,12997758;52,46417976
139390;11;9;9010202;9100203;2020;6;18;2;3;5;3;0;0;1;0;1;0;0;0;803960,3503;5823452,472;13,47648395;52,47639792
139391;11;6;6040804;6400838;2020;5;19;1;2;7;7;1;0;0;0;1;0;0;0;788490,2503;5821210,432;13,24741221;52,46468867
139392;11;1;1011303;1100310;2020;6;10;6;2;9;1;0;0;1;0;0;0;0;0;799437,971;5828842,603;13,41494506;52,52721061
139393;11;3;3050923;3500934;2020;6;16;4;3;1;5;0;1;1;0;0;0;0;0;800691,9551;5831934,529;13,43617214;52,55423395
139394;11;5;5010208;5100210;2020;6;13;4;2;0;2;0;0;1;0;1;0;0;0;783729,0181;5830615,648;13,18553481;52,55151129
139395;11;7;7010103;7100204;2020;6;18;7;3;1;5;0;1;1;0;0;0;0;1;795107,9879;5824769,802;13,34769347;52,49306212
139396;11;11;11010310;11100309;2020;6;16;4;3;2;6;0;0;1;0;0;0;0;0;805312,7959;5833220,901;13,50530037;52,56319231
139397;11;12;12103115;12100103;2020;6;15;4;3;2;6;0;0;1;0;0;0;0;0;795749,1291;5833621,41;13,3649851;52,57206172
139398;11;7;7010102;7100102;2020;6;15;3;3;1;5;0;1;1;0;0;0;0;0;795139,3003;5825599,023;13,34888807;52,50047857
139399;11;1;1011101;1100101;2020;5;18;1;3;4;6;1;1;0;0;1;0;0;0;794590,5529;5826146,69;13,34131204;52,50568458
139400;11;3;3061430;3601450;2020;6;15;4;3;2;6;0;0;1;0;0;0;1;0;802339,2738;5829200,473;13,45790756;52,52881699
139401;11;2;2020205;2200211;2020;6;16;2;3;5;2;0;1;1;0;0;0;0;0;798555,5863;5824513,796;13,39809438;52,4888926
139402;11;6;6020411;6200423;2020;5;17;1;3;2;7;0;0;1;0;0;0;0;0;793346,6511;5816264,586;13,31435256;52,41776471
139403;11;6;6030504;6300528;2020;6;15;4;3;5;7;0;0;1;0;1;0;0;0;790079,0548;5815807,409;13,26604402;52,41540761
139404;11;9;9051901;9501939;2020;6;17;5;2;5;3;0;1;1;0;0;0;0;1;811001,4405;5821743,693;13,57823141;52,45712117
139405;11;9;9010302;9100306;2020;6;17;1;3;0;1;0;1;0;0;0;0;0;0;804550,4646;5820091,606;13,48207953;52,44594671
139406;11;3;3051022;3501038;2020;5;17;1;3;1;5;0;1;1;0;0;0;0;0;803305,7786;5831549,149;13,47425513;52,54933066
139407;11;9;9010202;9100203;2020;6;14;4;3;5;7;0;0;1;0;0;0;0;0;803889,7893;5823175,166;13,47519557;52,47395175
139408;11;12;12301203;12500930;2020;6;15;4;3;5;2;0;1;1;0;0;0;0;0;792844,8139;5835127,368;13,32358387;52,58713224
139409;11;2;2010102;2100102;2020;6;17;4;3;1;5;0;1;1;0;0;0;0;0;798142,8949;5826223,553;13,39356466;52,50444399
139410;11;1;1011101;1100101;2020;6;14;4;3;3;6;0;1;1;0;0;0;0;0;794963,855;5825958,603;13,34662948;52,50379681
139411;11;6;6010102;6100102;2020;6;12;7;3;5;2;0;1;1;0;0;0;0;0;793732,6268;5821047,727;13,32421537;52,4604371
139412;11;5;5020524;5200528;2020;5;13;1;3;2;6;0;0;1;0;0;0;0;0;783900,4739;5826594,016;13,18462152;52,51536346
139413;11;8;8020622;8200727;2020;6;14;4;3;6;4;0;0;1;1;0;0;0;0;802248,4661;5819059,119;13,44737836;52,43796971
139414;11;11;11020513;11200512;2020;6;14;4;3;5;7;0;0;1;0;0;0;1;0;803173,8392;5830371,395;13,47124035;52,5388482
139415;11;2;2040701;2400623;2020;6;18;4;2;5;3;0;1;1;0;0;0;0;0;800593,0012;5827054,91;13,43030441;52,51055143
139416;11;12;12301205;12500928;2020;6;16;7;3;1;5;0;1;1;0;0;0;0;0;792260,499;5837441,002;13,31702576;52,60818711
139417;11;10;10010310;10100313;2020;6;14;4;3;5;3;0;0;1;0;0;0;1;0;809227,6721;5831404,66;13,56118018;52,54470672
139418;11;3;3050923;3500934;2020;6;6;3;3;5;3;0;0;1;0;0;0;1;0;800420,7688;5832298,613;13,4325138;52,55764696
139419;11;2;2050802;2500834;2020;6;14;4;3;5;3;0;1;1;0;0;0;0;0;802550,4763;5826711,739;13,45874823;52,5063935
139420;11;12;12103117;12100101;2020;6;15;2;2;5;2;0;0;1;0;1;0;0;0;796373,6861;5832793,082;13,37343371;52,56429697
139421;11;5;5010313;5100315;2020;5;13;1;2;5;2;0;0;1;0;1;0;0;0;784665,788;5829707,58;13,19853527;52,5428808
139422;11;2;2050601;2500726;2020;6;11;4;1;5;2;0;1;0;0;0;1;0;0;801992,5903;5828251,977;13,45195128;52,52050778
139423;11;2;2010102;2100102;2020;6;17;4;3;5;3;0;1;1;0;0;0;0;0;797971,3841;5826082,886;13,39091939;52,50327677
139424;11;2;2010102;2100102;2020;6;16;5;3;5;3;0;0;1;0;1;0;0;1;798070,4619;5826355,713;13,39261899;52,50566822
139425;11;1;1022101;1200517;2020;6;17;1;3;1;5;0;0;1;0;0;0;1;0;793272,0611;5828544,631;13,32405573;52,52789141
139426;11;9;9051801;9501838;2020;5;12;1;3;5;7;0;1;1;0;0;0;0;0;819450,9123;5819880,073;13,70038514;52,43555071
139427;11;7;7060604;7601340;2020;6;14;4;3;2;2;0;0;1;0;0;0;1;0;796571,3437;5815881,756;13,36129168;52,41259512
139428;11;8;8041037;8401243;2020;6;13;4;3;5;2;0;0;1;0;0;0;0;0;805092,7968;5817916,852;13,48804974;52,42615274
139429;11;8;8041037;8401243;2020;6;10;4;3;5;2;0;0;1;0;0;0;0;0;805543,2917;5818561,593;13,49524362;52,43167994
139430;11;7;7060604;7601339;2020;6;13;4;3;5;2;0;1;1;0;0;0;0;0;795525,3937;5816092,174;13,34614414;52,41504707
139431;11;1;1011203;1100206;2020;6;8;3;3;5;3;0;0;1;0;1;0;0;0;798035,6309;5827401,341;13,39304363;52,51505999
139432;11;5;5010311;5100313;2020;6;11;4;3;0;6;0;0;1;0;0;0;1;0;785401,3472;5830332,932;13,20988961;52,54810281
139433;11;6;6040808;6400842;2020;6;8;2;3;5;2;0;1;1;0;0;0;0;0;790013,9828;5819787,241;13,26854219;52,4511227
139434;11;5;5020417;5200420;2020;5;12;1;3;5;2;0;1;1;0;0;0;0;0;781905,1165;5828691,401;13,157073;52,53520472
139435;11;3;3061228;3601245;2020;6;10;3;3;5;3;0;0;1;0;0;0;1;0;800185,478;5830935,652;13,42782127;52,54556015
139436;11;2;2020204;2200210;2020;6;12;3;3;2;6;0;0;1;0;1;0;0;0;798445,9068;5824771,655;13,39671477;52,49126395
139437;11;2;2020204;2200210;2020;6;9;2;3;0;4;0;1;0;1;0;0;0;0;798292,8201;5824822,864;13,39451255;52,49180665
139438;11;8;8010118;8100104;2020;5;10;1;3;2;6;0;0;1;0;1;0;0;0;800765,484;5822748,034;13,42895083;52,4718525
139439;11;2;2020203;2200208;2020;6;9;3;2;3;6;0;1;0;0;0;0;0;0;797339,6058;5824886,656;13,38057118;52,49289853
139440;11;10;10010206;10100209;2020;6;16;4;3;5;3;0;1;1;0;0;0;0;0;809294,1682;5831945,947;13,5626617;52,54951979
139441;11;1;1011201;1100207;2020;6;18;4;3;5;2;0;1;1;0;0;0;0;0;797902,3162;5826578,031;13,3903479;52,50775286
139442;11;6;6040809;6400843;2020;6;18;1;3;5;3;0;0;1;0;0;0;0;0;791533,8897;5819563,866;13,29064989;52,44831167
139443;11;1;1011201;1100205;2020;5;17;1;3;5;3;0;1;1;0;0;0;0;0;797158,6193;5826452,623;13,37931052;52,50703431
139444;11;4;4030931;4501042;2020;6;21;3;3;6;4;1;1;0;1;0;0;0;0;794327,9316;5825949,05;13,33727918;52,50405459
139445;11;3;3010102;3100103;2020;6;19;3;3;5;2;0;1;1;0;0;0;0;0;804237,1912;5841130,874;13,49674947;52,63468662
139446;11;2;2040502;2400521;2020;6;8;4;3;5;2;0;1;1;0;0;0;0;0;800415,7378;5828046,205;13,42859526;52,51953437
139447;11;6;6040701;6400735;2020;6;19;3;2;5;2;0;1;0;0;0;0;0;0;784466,6035;5816997,24;13,18475762;52,42902187
139448;11;1;1033201;1300834;2020;6;12;7;2;6;7;0;1;0;1;0;0;0;0;797899,3623;5830330,293;13,39366573;52,54138874
139449;11;6;6040808;6400842;2020;6;15;3;3;5;3;0;1;1;0;0;0;0;0;790552,2382;5821756,026;13,27815414;52,46848741
139450;11;1;1011204;1100207;2020;6;19;3;3;6;7;0;0;1;1;0;0;0;0;797837,5016;5826969,187;13,38974575;52,51129449
139451;11;2;2020205;2200211;2020;6;20;2;3;5;7;0;1;1;0;0;0;0;0;797806,6369;5824595,977;13,38717005;52,49003833
139452;11;2;2020206;2200213;2020;5;5;1;2;4;7;0;0;1;0;0;0;0;0;799407,6478;5824952,229;13,4109999;52,49235589
139453;11;9;9020802;9200819;2020;6;18;6;3;5;3;0;1;1;0;0;0;0;0;809839,7654;5819988,25;13,55956115;52,44204904
139454;11;2;2020204;2200210;2020;6;16;3;3;5;2;0;1;1;0;0;0;0;0;798570,7375;5825153,25;13,39888986;52,49461618
139455;11;5;5020419;5200423;2020;6;14;4;3;5;2;0;0;1;0;0;0;0;0;780873,5084;5828323,787;13,14159314;52,53244112
139456;11;2;2020205;2200211;2020;6;11;7;3;6;7;0;1;0;1;0;0;0;0;798329,2187;5824099,987;13,39439996;52,48530707
139457;11;9;9051702;9501737;2020;6;12;3;2;3;6;0;1;1;0;0;0;0;0;814797,4928;5821269,478;13,63346861;52,45069882
139458;11;9;9020502;9200512;2020;6;18;3;3;1;5;0;1;1;0;0;0;0;0;807914,4489;5822039,694;13,53321625;52,46152178
139459;11;1;1044202;1401047;2020;6;18;3;3;1;5;0;1;1;0;0;0;0;0;795450,7341;5830649,054;13,35794886;52,54557937
139460;11;1;1044201;1401043;2020;6;17;6;3;2;6;0;0;1;0;0;0;1;1;795975,4686;5831253,539;13,36620312;52,55071316
139461;11;7;7010104;7100205;2020;6;18;3;3;5;2;0;1;1;0;0;0;0;0;796016,734;5824976,293;13,36122302;52,49442106
139462;11;5;5030730;5300736;2020;6;15;4;2;5;2;0;0;1;0;1;0;0;0;786097,5613;5829140,785;13,21910233;52,53704912
139463;11;8;8010404;8100415;2020;6;22;7;3;5;7;2;1;1;0;0;0;0;0;801387,8047;5823754,66;13,43899471;52,48053213
139464;11;1;1011303;1100310;2020;6;16;3;3;2;6;0;0;1;0;0;0;0;0;799274,9238;5828508,348;13,412248;52,52430405
139465;11;6;6030608;6300632;2020;6;16;3;3;0;4;0;0;0;1;0;0;1;0;792658,8324;5817306,082;13,30517869;52,42746987