OBJECTID;LAND;BEZ;LOR;LOR_ab_2021;UJAHR;UMONAT;USTUNDE;UWOCHENTAG;UKATEGORIE;UART;UTYP1;ULICHTVERH;IstRad;IstPKW;IstFuss;IstKrad;IstGkfz;IstSonstige;USTRZUSTAND;LINREFX;LINREFY;XGCSWGS84;YGCSWGS84
139860;11;3;3030715;3300516;2020;6;17;2;2;5;3;0;1;0;0;1;0;0;0;801158,0063;5833193,038;13,44416746;52,56525655
139861;11;2;2040502;2400521;2020;6;12;6;3;0;7;0;0;1;1;0;0;0;0;800927,1145;5828516,858;13,43653502;52,52347098
139862;11;4;4051652;4501149;2020;6;18;7;3;2;7;0;0;1;0;1;0;0;1;793938,3657;5824451,786;13,33023497;52,49084237
139863;11;12;12103219;12100204;2020;6;14;4;3;0;5;0;0;1;0;0;0;1;0;795386,7433;5832478,164;13,35863544;52,56201038
139864;11;4;4051655;4501153;2020;6;14;5;3;6;7;0;1;0;1;0;0;0;0;793987,6973;5824062,064;13,33061565;52,48732213
139865;11;4;4020311;4200309;2020;6;9;3;3;3;6;0;0;1;0;1;0;0;0;788786,4164;5827307,842;13,25704455;52,51919799
139866;11;1;1022104;1200520;2020;6;23;6;3;2;2;2;1;1;0;0;0;0;0;794573,1698;5828722,096;13,34333697;52,52878077
139867;11;2;2020206;2200213;2020;6;10;3;3;2;6;0;0;1;0;0;0;0;0;800277,4554;5824785,16;13,42362228;52,4903806
139868;11;4;4030828;4300624;2020;6;18;6;3;0;6;0;0;1;0;0;0;1;0;793513,9806;5826085,425;13,32544204;52,5057156
139869;11;12;12301203;12500926;2020;6;14;5;3;2;2;0;1;1;0;0;0;0;0;793409,619;5836082,397;13,33274274;52,5953891
139870;11;7;7050501;7501029;2020;6;14;6;3;0;3;0;1;1;0;0;0;0;1;796996,8981;5819494,368;13,37073823;52,44474841
139871;11;9;9051801;9501838;2020;6;15;2;3;3;6;0;1;0;0;0;0;1;0;821016,5744;5818281,953;13,72180372;52,42031542
139872;11;3;3061227;3601244;2020;6;21;6;3;0;2;1;1;1;0;0;0;0;0;800157,9352;5831671,39;13,42808133;52,55216994
139873;11;4;4041343;4400834;2020;6;14;3;3;5;2;0;1;1;0;0;0;0;0;792668,555;5823055,776;13,3103603;52,47900976
139874;11;9;9010101;9100101;2020;6;19;6;3;0;1;0;1;0;0;0;0;0;1;802605,2039;5824486,523;13,4575307;52,48641861
139875;11;4;4041344;4400835;2020;6;10;5;3;2;6;0;0;1;0;0;0;1;0;792759,7948;5821814,512;13,31061046;52,46783321
139876;11;10;10010204;10100206;2020;6;15;6;2;5;3;0;1;1;0;0;0;0;0;810058,5262;5833176,451;13,57504761;52,56011239
139877;11;9;9020802;9200819;2020;6;17;2;3;4;6;0;1;0;0;0;0;0;0;810507,7312;5819991,585;13,56936004;52,44170008
139878;11;4;4051652;4501149;2020;6;19;6;3;1;5;1;0;1;0;1;0;0;1;793696,3642;5824497,552;13,32672125;52,4913829
139879;11;1;1011302;1100309;2020;6;21;4;3;2;6;1;0;1;0;1;0;0;0;798029,8284;5828917,878;13,39431725;52,52865697
139880;11;9;9051702;9501737;2020;6;14;5;3;2;6;0;0;1;0;0;0;0;0;815201,5017;5824376,866;13,64232859;52,47831055
139881;11;9;9010201;9100202;2020;6;7;3;2;2;6;0;0;1;0;0;0;0;0;803523,6957;5823549,279;13,47016263;52,47750841
139882;11;7;7040403;7400823;2020;6;19;2;3;2;6;0;0;1;0;0;0;0;0;797273,326;5820992,838;13,37612713;52,45803054
139883;11;1;1044201;1401045;2020;6;19;6;3;4;3;0;1;0;0;0;0;1;1;796704,6178;5831646,66;13,3772767;52,55384037
139884;11;8;8010405;8100418;2020;6;11;4;3;6;4;0;0;1;1;0;0;0;0;802126,4842;5823668,876;13,44976104;52,47935508
139885;11;1;1044202;1401047;2020;6;19;5;3;5;2;0;1;1;0;0;0;0;0;795521,6608;5830728,955;13,35906284;52,54625714
139886;11;2;2040701;2400623;2020;6;13;2;3;0;1;0;1;0;0;0;0;0;0;800621,2885;5827232,356;13,43088025;52,51212635
139887;11;7;7050501;7501029;2020;6;18;6;3;5;2;0;1;1;0;0;0;0;0;797709,9657;5819218,644;13,38095312;52,44188906
139888;11;9;9010302;9100306;2020;6;15;4;2;2;6;0;0;1;0;1;0;0;0;805100,4549;5820627,442;13,49063616;52,45044261
139889;11;9;9030901;9300920;2020;6;17;3;3;5;3;0;1;0;0;0;0;1;0;807837,2589;5816224,143;13,52672877;52,40944521
139890;11;2;2050801;2500830;2020;6;18;4;3;5;2;0;1;1;0;0;0;0;0;802440,972;5827416,69;13,45778028;52,51277266
139891;11;10;10010311;10100316;2020;6;6;3;3;0;2;0;1;1;0;0;0;0;0;810690,9509;5832009,971;13,58325523;52,54929873
139892;11;11;11020513;11200512;2020;6;10;2;2;5;2;0;0;1;0;1;0;0;0;803105,059;5830493,811;13,470341;52,53998365
139893;11;8;8010301;8100311;2020;6;18;6;3;2;6;0;0;1;0;0;0;0;0;800507,887;5824452,781;13,42670623;52,48727457
139894;11;6;6030503;6300526;2020;6;9;4;3;5;2;0;0;1;0;0;0;1;0;789557,7216;5817363,343;13,25974677;52,42963333
139895;11;2;2030302;2300315;2020;6;18;5;3;3;6;0;1;0;0;0;0;0;0;800378,4341;5825781,191;13,42600313;52,49925285
139896;11;3;3071536;3701554;2020;6;21;1;3;0;7;1;1;1;0;0;0;0;0;798938,9523;5829961,273;13,4086172;52,53751169
139897;11;4;4010103;4100102;2020;6;17;6;3;3;6;0;0;1;0;0;1;0;1;791195,7012;5829044,731;13,29397334;52,53348784
139898;11;4;4051445;4500939;2020;6;13;4;3;5;2;0;0;1;0;1;0;0;0;792438,4892;5824111,484;13,3079085;52,48859723
139899;11;11;11020513;11200512;2020;6;19;3;2;3;6;0;1;0;0;0;1;0;0;803171,3855;5831344,956;13,47209277;52,54757534
139900;11;7;7070704;7601545;2020;6;18;2;3;6;4;0;0;1;1;0;0;0;0;800447,502;5814110,961;13,41652219;52,39460884
139901;11;3;3050924;3500935;2020;6;17;6;3;1;5;0;1;1;0;0;0;0;0;801523,6754;5831339,254;13,44786198;52,5484387
139902;11;2;2030302;2300315;2020;6;15;7;3;5;3;0;1;1;0;0;0;0;1;800678,2831;5825795,004;13,43041946;52,49921153
139903;11;1;1033101;1300731;2020;6;15;2;2;6;7;0;0;0;1;0;0;1;0;797075,7594;5832300,513;13,38331994;52,55949906
139904;11;2;2010103;2100104;2020;6;16;6;3;5;2;0;1;1;0;0;0;0;1;799291,8485;5826221,011;13,41043947;52,50379219
139905;11;3;3020209;3200205;2020;6;15;7;3;5;2;0;1;1;0;0;0;0;1;798131,6167;5835469,495;13,40169824;52,58732737
139906;11;10;10010310;10100314;2020;6;8;4;3;5;2;0;0;1;0;0;0;0;0;809024,81;5830220,01;13,55709648;52,53420537
139907;11;3;3050923;3500934;2020;6;16;5;3;6;4;0;0;1;1;0;0;0;0;800246,3686;5831947,069;13,42963102;52,55459218
139908;11;9;9020701;9200715;2020;6;14;1;2;5;2;0;0;1;0;0;0;0;0;807658,1275;5819376,412;13,52700246;52,43779733
139909;11;2;2020203;2200209;2020;6;19;3;3;5;2;0;1;1;0;0;0;0;0;797094,148;5824482,434;13,37660602;52,48940876
139910;11;3;3061227;3601244;2020;6;11;1;2;5;3;0;1;1;0;0;0;0;0;800056,2914;5831261,545;13,42621635;52,54855239
139911;11;6;6010208;6100208;2020;6;14;3;3;2;6;0;0;1;0;0;0;0;0;794267,3442;5820307,579;13,33141051;52,45351434
139912;11;7;7070701;7601442;2020;6;12;5;3;2;7;0;1;1;0;0;0;1;0;799591,3771;5814693,08;13,40449823;52,40029572
139913;11;6;6040810;6400844;2020;6;15;6;3;1;5;0;1;1;0;0;0;0;1;791034,1927;5819944,909;13,28364996;52,45199401
139914;11;6;6010209;6100209;2020;6;17;2;3;5;2;0;1;1;0;0;0;0;0;794697,3542;5821611,07;13,33887096;52,46496778
139915;11;4;4030620;4300619;2020;6;16;6;2;6;4;0;0;1;1;0;0;0;0;792554,0484;5827370,371;13,31246892;52,51775034
139916;11;3;3040614;3400724;2020;6;14;7;3;0;2;0;0;1;0;1;0;0;1;799992,7048;5834944,148;13,4286113;52,58159548
139917;11;1;1033202;1300835;2020;6;22;4;2;0;1;2;1;0;0;0;0;0;0;797711,6265;5829672,264;13,39031612;52,53559296
139918;11;9;9020702;9200716;2020;6;15;5;3;0;3;0;0;1;0;1;0;0;0;809133,4257;5818827,397;13,54812885;52,43204526
139919;11;8;8010214;8100209;2020;6;10;1;3;5;7;0;1;1;0;0;0;0;0;801994,4169;5822418,239;13,44669;52,46821849
139920;11;1;1011302;1100309;2020;6;9;3;3;2;2;0;0;1;0;1;0;0;0;797912,1047;5828327,431;13,39205802;52,52342871
139921;11;8;8010211;8100206;2020;6;7;4;3;0;7;0;0;1;0;0;0;0;0;801096,2452;5823594,025;13,4345694;52,47925315
139922;11;7;7040405;7400927;2020;6;20;5;2;1;5;0;0;1;0;1;0;0;0;799267,3327;5821748,969;13,40606464;52,46372004
139923;11;2;2010104;2100106;2020;6;20;1;3;2;6;0;0;1;0;0;0;0;0;799254,924;5825632,16;13,40936794;52,49853425
139924;11;8;8020620;8200624;2020;6;11;3;3;3;6;0;0;1;0;0;0;0;0;800997,6216;5820582,427;13,43040521;52,45231354
139925;11;5;5020523;5200527;2020;6;13;6;3;6;7;0;1;0;1;0;0;0;0;782816,7371;5827120,383;13,16914105;52,52064614
139926;11;10;10020413;10200420;2020;6;13;3;3;6;4;0;1;0;1;0;0;0;0;811823,5896;5830765,893;13,59873758;52,53750324
139927;11;2;2030302;2300315;2020;6;15;6;3;5;2;0;1;1;0;0;0;0;1;800788,1933;5825815,481;13,43205219;52,49933451
139928;11;6;6040810;6400844;2020;6;8;5;3;5;2;0;1;0;0;0;0;1;0;792659,6966;5821780,114;13,30911097;52,46757847
139929;11;1;1022206;1200628;2020;6;14;6;3;5;2;0;1;1;0;0;0;0;0;795466,2009;5827764,898;13,35561255;52,519717
139930;11;3;3040818;3400827;2020;6;6;2;3;0;5;0;0;0;0;1;0;1;0;799650,4311;5831868,927;13,42079691;52,55421995
139931;11;7;7060604;7601340;2020;6;14;6;3;5;3;0;1;1;0;0;0;0;0;796462,494;5815476,907;13,35933749;52,4090249
139932;11;3;3061227;3601244;2020;6;19;4;3;5;3;0;0;1;0;1;0;0;0;800054,814;5831273,526;13,42620545;52,54866059
139933;11;8;8010301;8100310;2020;6;18;1;3;0;5;0;1;0;0;0;0;1;0;800561,5485;5825112,333;13,42808903;52,49315683
139934;11;4;4020311;4200310;2020;6;7;3;3;2;6;0;0;1;0;0;0;0;0;789490,4149;5826609,632;13,26678356;52,5125651
139935;11;11;11030720;11300721;2020;6;11;2;3;2;6;0;0;1;0;1;0;0;0;806113,7925;5830141,763;13,51424201;52,53514677
139936;11;6;6030502;6300525;2020;6;14;6;3;5;3;0;1;1;0;0;0;0;0;790289,1603;5814823,079;13,26827109;52,40647135
139937;11;6;6030607;6300631;2020;6;11;4;3;9;1;0;0;0;0;1;0;0;0;792521,1735;5816455,833;13,30241636;52,41992105
139938;11;4;4030931;4501042;2020;6;11;2;3;3;6;0;1;0;0;0;0;1;0;794037,358;5826212,945;13,33324361;52,50657693
139939;11;4;4030519;4300518;2020;6;14;6;3;5;3;0;0;1;0;0;0;0;0;791337,8783;5828707,921;13,29576828;52,5303924
139940;11;1;1011301;1100308;2020;6;11;4;3;0;1;0;1;0;0;0;0;0;0;797508,4603;5828784,196;13,38653479;52,52774345
139941;11;4;4051655;4501153;2020;6;13;6;3;0;1;0;0;0;0;1;0;0;0;794341,8541;5823921,828;13,33569253;52,48587417
139942;11;5;5010314;5100317;2020;6;14;2;3;0;1;0;0;0;0;1;0;0;0;785346,5025;5828611,763;13,20760469;52,53269976
139943;11;9;9020802;9200819;2020;6;13;6;2;0;2;0;0;1;0;0;0;1;0;810076,2062;5820412,743;13,56342251;52,44571923
139944;11;12;12214422;12200310;2020;6;17;4;2;5;3;0;0;1;0;1;0;0;0;792304,6645;5833695,042;13,3143705;52,57458257
139945;11;1;1044101;1400937;2020;6;19;1;3;5;3;0;1;1;0;0;0;0;0;793819,5418;5831769,373;13,33495493;52,5565045
139946;11;8;8041035;8401241;2020;6;17;3;3;1;5;0;1;1;0;0;0;0;0;804228,1443;5819180,61;13,47652233;52,43796105
139947;11;1;1011303;1100310;2020;6;9;2;3;0;1;0;1;0;0;0;0;0;0;799592,2688;5828711,3;13,4170944;52,52594892
139948;11;4;4010103;4100102;2020;6;10;6;3;0;1;0;0;0;0;1;0;0;0;791132,13;5829138,44;13,29312086;52,53436188
139949;11;11;11010310;11100309;2020;6;13;7;3;3;6;0;0;0;0;1;1;0;1;805493,9738;5833375,904;13,50810761;52,56447986
139950;11;3;3071639;3701660;2020;6;9;4;3;6;7;0;1;0;1;0;0;0;0;800752,66;5829482,211;13,43484462;52,53221989
139951;11;6;6010208;6100208;2020;6;18;5;3;0;6;0;0;1;0;1;0;0;0;794734,2573;5820096,157;13,33807519;52,45136749
139952;11;9;9051801;9501838;2020;6;15;1;3;5;2;0;1;1;0;0;0;0;0;818407,6881;5820624,738;13,68580035;52,44283129
139953;11;9;9031001;9301025;2020;6;10;6;3;5;3;0;0;1;0;0;1;0;0;809888,2428;5815220,841;13,55585693;52,39929674
139954;11;7;7010102;7100103;2020;6;12;4;3;3;6;0;1;0;0;0;0;0;0;795733,3139;5825649,092;13,35765787;52,5006058
139955;11;4;4030621;4300620;2020;6;19;5;3;1;7;0;0;1;0;1;0;0;0;793365,6457;5827871,415;13,32483738;52,52180599
139956;11;3;3010102;3100102;2020;6;14;2;3;0;3;0;0;1;0;1;0;0;0;804671,926;5841372,532;13,50337629;52,63660869
139957;11;11;11030721;11300722;2020;6;9;6;3;3;6;0;1;1;0;0;0;0;0;803851,894;5828355,952;13,47936522;52,52040686
139958;11;2;2040703;2400625;2020;6;14;4;3;2;6;0;0;1;0;0;0;0;0;801558,0786;5826339,817;13,44383408;52,50360933
139959;11;9;9041601;9401635;2020;6;16;3;3;2;3;0;1;1;0;0;0;1;0;817046,3864;5817053,964;13,66245465;52,41162625
139960;11;6;6030608;6300632;2020;6;21;2;2;0;1;1;0;0;0;1;0;0;0;791586,6001;5816746,366;13,28896569;52,42302446
139961;11;1;1044101;1400938;2020;6;7;6;3;6;4;0;0;1;1;0;0;0;0;794262,9064;5831248,37;13,34101403;52,55159469
139962;11;7;7010101;7100101;2020;6;11;7;3;0;7;0;0;0;1;0;0;1;0;794638,338;5825746,104;13,34165955;52,50206777
139963;11;12;12214125;12200412;2020;6;7;4;2;0;7;0;0;1;0;0;0;0;0;789408,4371;5833411,246;13,27150476;52,57358621
139964;11;3;3050924;3500935;2020;6;20;5;3;7;7;0;1;0;0;0;0;0;0;801532,1666;5831429,64;13,4480689;52,54924413
139965;11;9;9020802;9200819;2020;6;17;1;2;0;1;0;1;0;0;0;0;0;0;810694,8457;5819390,939;13,57154575;52,43621102
139966;11;11;11020412;11200411;2020;6;12;3;2;5;7;0;0;1;0;0;1;0;0;806155,0313;5831393,953;13,51600193;52,54634598
139967;11;2;2010103;2100105;2020;6;10;7;3;1;5;0;1;1;0;0;0;0;1;799173,2864;5825864,112;13,40837728;52,50065812
139968;11;7;7050503;7501031;2020;6;14;3;3;2;6;0;0;1;0;0;0;0;0;799060,9709;5819774,175;13,40126752;52,44613154
139969;11;12;12214421;12200307;2020;6;11;5;3;0;1;0;0;0;0;1;0;0;0;793092,3373;5833868,503;13,32611378;52,57571394
139970;11;4;4030827;4300623;2020;6;16;6;3;0;6;0;0;1;0;0;0;1;0;792184,897;5826116,572;13,30594324;52,50670824
139971;11;7;7050501;7501030;2020;6;19;3;2;1;7;0;0;1;0;0;0;0;0;797939,1857;5819777,009;13,38481338;52,44676937
139972;11;8;8041037;8401243;2020;6;13;5;3;5;3;0;1;1;0;0;0;0;0;805598,9398;5817084,818;13,4947105;52,41841308
139973;11;10;10040933;10400941;2020;6;17;6;3;5;3;0;0;1;0;1;0;0;0;813348,1312;5824981,687;13,61569679;52,48479684
139974;11;9;9020502;9200511;2020;6;18;2;3;1;5;0;1;1;0;0;0;0;0;807047,8902;5821926,841;13,52039787;52,46099794
139975;11;1;1011105;1100102;2020;6;6;6;3;5;2;0;0;1;0;1;0;0;0;796574,0148;5826871,85;13,37109583;52,51111037
139976;11;7;7040402;7400822;2020;6;13;7;3;1;5;0;0;1;0;1;0;0;1;796564,8466;5821140,435;13,36586172;52,45973853
139977;11;1;1044202;1401047;2020;6;0;4;3;5;3;2;0;1;0;0;0;0;0;795638,2896;5830644,623;13,36070269;52,5454379
139978;11;1;1033203;1300836;2020;6;16;5;3;6;2;0;0;1;1;0;0;0;0;796850,3294;5830637,318;13,37851727;52,54471338
139979;11;1;1011306;1100313;2020;6;11;3;3;5;3;0;1;1;0;0;0;0;0;800084,639;5826454,44;13,42229486;52,50544908
139980;11;9;9041501;9401534;2020;6;11;6;3;0;1;0;1;0;0;0;0;0;0;810871,5887;5820662,935;13,57532055;52,44750974
139981;11;1;1011103;1100103;2020;6;12;3;3;5;3;0;0;1;0;0;0;0;0;795327,7074;5826172,701;13,35216437;52,50551922
139982;11;8;8041038;8401244;2020;6;12;6;3;2;6;0;0;1;0;0;0;0;0;806267,7986;5816345,167;13,50383825;52,41141008
139983;11;12;12301203;12500926;2020;6;12;5;3;1;5;0;0;1;0;0;0;0;0;792933,0083;5835316,546;13,32504921;52,58878063
139984;11;6;6030610;6300634;2020;6;14;6;3;5;3;0;0;1;0;0;0;0;1;791963,9447;5818450,881;13,29598741;52,43810427
139985;11;6;6020410;6200422;2020;6;15;2;3;2;6;0;0;1;0;0;0;0;0;794080,5156;5817435,716;13,32614189;52,42786969
139986;11;5;5010311;5100313;2020;6;12;6;3;5;2;0;1;1;0;0;0;0;0;785398,1884;5830310,024;13,20982347;52,54789907
139987;11;6;6010205;6100205;2020;6;19;4;3;5;7;0;0;1;0;1;0;0;0;795266,2001;5819989,061;13,34578553;52,45012037
139988;11;11;11020411;11200410;2020;6;12;7;3;5;3;0;1;1;0;0;0;0;0;805181,3238;5832380,875;13,5025944;52,55573742
139989;11;3;3030715;3300516;2020;6;16;2;3;1;6;0;1;1;0;0;0;0;0;801340,8542;5833162,676;13,44682932;52,56488324
139990;11;6;6030610;6300634;2020;6;11;6;3;5;2;0;0;1;0;0;0;1;0;792085,85;5818855,442;13,29812923;52,44166606
139991;11;6;6030501;6300524;2020;6;22;4;3;5;2;2;1;0;0;1;0;0;0;788268,2782;5817568,494;13,24101089;52,43215362
139992;11;6;6020408;6200420;2020;6;14;5;3;2;6;0;0;1;0;0;0;0;0;792561,9714;5815880,191;13,30251134;52,41473864
139993;11;1;1033201;1300834;2020;6;8;3;3;5;2;0;1;1;0;0;0;0;0;798072,6223;5829989,312;13,39590704;52,53823756
139994;11;8;8010303;8100314;2020;6;22;2;3;5;2;2;1;1;0;0;0;0;0;801012,4212;5823904,006;13,43361869;52,48207781
139995;11;10;10030724;10300731;2020;6;17;5;3;0;2;0;1;1;0;0;0;0;0;809564,6989;5828021,702;13,56298448;52,51419861
139996;11;1;1011304;1100311;2020;6;19;4;3;5;2;0;1;1;0;0;0;0;0;799583,3827;5828042,773;13,41636163;52,5199615
139997;11;9;9020802;9200819;2020;6;16;5;3;3;6;0;0;1;0;0;0;0;0;810531,797;5820020,868;13,56974017;52,44194883
139998;11;1;1044202;1401047;2020;6;13;2;3;5;3;0;0;1;0;0;0;1;0;795859,9106;5830445,786;13,36378422;52,54353522
139999;11;2;2010103;2100104;2020;6;1;5;3;0;1;2;1;0;0;0;0;0;1;799294,065;5826223,749;13,41047449;52,50381551
140000;11;9;9010301;9100304;2020;6;16;4;3;0;1;0;0;0;0;1;0;0;0;804230,8846;5822829,186;13,47988647;52,47066095
140001;11;3;3040614;3400721;2020;6;17;3;3;2;1;0;1;1;0;0;0;0;0;798340,4606;5833050,675;13,40259519;52,56553176
140002;11;4;4030623;4300622;2020;6;8;2;3;5;7;0;0;1;0;1;0;0;0;793261,289;5827381,291;13,32287161;52,51746838
140003;11;6;6040805;6400839;2020;6;15;5;3;0;7;0;1;0;0;0;0;0;0;789232,3178;5818410,235;13,25587976;52,43919135
140004;11;3;3020209;3200206;2020;6;7;3;3;5;3;0;1;0;0;0;0;0;0;798327,108;5834826,443;13,40399636;52,58145621
140005;11;4;4051445;4500939;2020;6;10;2;3;5;3;0;1;1;0;0;0;0;0;792509,0939;5824501,51;13,30928776;52,4920559
140006;11;9;9041403;9401433;2020;6;21;5;2;0;7;1;1;0;0;0;0;0;0;812161,3444;5819879,059;13,59350445;52,43975033
140007;11;7;7050505;7501134;2020;6;10;4;3;8;1;0;0;1;1;0;0;0;0;799441,343;5817763,036;13,40504591;52,42789612
140008;11;6;6040703;6400737;2020;6;18;5;3;1;5;0;1;1;0;0;0;0;0;784562,8939;5817340,087;13,1864618;52,43204587
140009;11;4;4041134;4400726;2020;6;21;1;3;1;5;1;1;1;0;0;0;0;0;790507,2519;5824007,879;13,27945564;52,48869953
140010;11;2;2050801;2500830;2020;6;19;5;3;0;1;0;1;0;0;0;0;0;0;802434,0011;5827420,084;13,45768096;52,51280694
140011;11;2;2010103;2100104;2020;6;13;4;2;8;1;0;0;0;0;0;0;1;0;799319,091;5826181,092;13,41080374;52,50341943
140012;11;2;2020205;2200211;2020;6;11;7;3;6;4;0;1;1;1;0;0;0;0;798216,2333;5824527,784;13,39312378;52,48920347
140013;11;5;5010206;5100208;2020;6;16;3;3;2;2;0;0;1;0;0;0;0;0;782178,7012;5830088,646;13,16228266;52,5475914
140014;11;11;11010206;11100205;2020;6;8;2;3;5;2;0;0;1;0;1;0;0;0;805757,4694;5833789,282;13,51236384;52,56803673
140015;11;3;3061332;3601348;2020;6;19;5;3;5;3;0;1;1;0;0;0;0;0;799838,4615;5830805,76;13,42260201;52,54458697
140016;11;3;3061332;3601348;2020;6;5;7;3;1;5;0;1;1;0;0;0;0;0;799719,1248;5830506,27;13,42057729;52,5419682
140017;11;3;3010102;3100103;2020;6;15;4;3;5;3;0;1;1;0;0;0;0;0;804246,247;5840161,609;13,49599061;52,6259947
140018;11;4;4030929;4501040;2020;6;21;5;3;5;2;1;0;1;0;0;0;0;0;792706,8192;5825392,081;13,31297428;52,49993362
140019;11;4;4030417;4300414;2020;6;5;7;3;3;6;1;1;1;0;0;0;0;0;791791,4904;5827052,536;13,30098395;52,51530956
140020;11;6;6020305;6200316;2020;6;8;4;3;1;5;0;0;1;0;0;0;1;0;796132,8096;5817730,945;13,35649965;52,42940926
140021;11;3;3020307;3200308;2020;6;17;5;3;1;5;0;0;1;0;0;0;0;0;798952,9289;5837498,859;13,41561722;52,60506654
140022;11;12;12302107;12601236;2020;6;14;1;3;5;2;0;1;1;0;0;0;0;0;794406,3491;5836250,61;13,34756487;52,59635833
140023;11;9;9041301;9401329;2020;6;5;4;3;6;6;0;1;0;1;0;0;0;0;811776,9197;5819741,667;13,58773912;52,43873837
140024;11;5;5020625;5200629;2020;6;15;3;3;5;2;0;1;1;0;0;0;0;0;784552,2602;5828177,377;13,19555544;52,52922028
140025;11;1;1033102;1300733;2020;6;12;5;3;6;4;0;1;0;1;0;0;0;0;797156,5919;5831919,572;13,38416776;52,55604029
140026;11;3;3061126;3601141;2020;6;19;6;3;0;7;0;1;0;1;0;0;0;0;798708,5415;5831483,411;13,40659894;52,55128177
140027;11;7;7040405;7400927;2020;6;17;2;3;5;7;0;1;1;0;0;0;0;0;798031,2214;5822213,853;13,38833885;52,46856281
140028;11;1;1022106;1200522;2020;6;19;5;3;5;3;0;1;1;0;0;0;0;0;794210,3806;5828308,753;13,33763875;52,52527133
140029;11;2;2040502;2400521;2020;6;3;7;2;5;2;2;0;1;0;0;0;0;1;801249,6412;5827834,186;13,44065624;52,517174
140030;11;4;4041344;4400835;2020;6;22;4;3;6;7;2;0;1;1;0;0;0;0;792803,4052;5821857,872;13,31128866;52,46819855
140031;11;5;5020627;5200632;2020;6;16;5;3;5;2;0;0;1;0;1;0;0;0;785948,7119;5828005,478;13,21593702;52,52694832
140032;11;2;2030302;2300316;2020;6;9;3;3;5;7;0;1;1;0;0;0;0;0;801217,821;5826223,356;13,43873096;52,50275341
140033;11;2;2050802;2500834;2020;6;17;3;3;3;6;0;0;0;0;0;1;1;0;801992,1216;5826986,67;13,45079605;52,50916706
140034;11;11;11010205;11100204;2020;6;18;5;3;5;2;0;1;1;0;0;0;0;0;806305,1363;5833901,131;13,52052225;52,56873126
140035;11;7;7060604;7601341;2020;6;11;3;3;5;3;0;1;1;0;0;0;0;0;797967,2175;5815773,748;13,38165785;52,41086894
140036;11;2;2020204;2200210;2020;6;18;5;3;5;2;0;1;1;0;0;0;0;0;798293,1112;5824779,31;13,39447783;52,49141608
140037;11;6;6040703;6400737;2020;6;13;3;3;0;6;0;1;1;0;0;0;0;0;784670,2232;5816663,919;13,18746065;52,42592731
140038;11;2;2010102;2100103;2020;6;19;5;3;2;6;0;1;1;0;0;0;0;0;798553,1434;5825560,64;13,3989966;52,49827753
140039;11;6;6020305;6200316;2020;6;8;5;3;0;1;0;1;0;0;0;0;0;0;796065,3823;5817492,188;13,35529946;52,42730546
140040;11;9;9020802;9200819;2020;6;15;6;3;0;1;0;0;0;0;1;0;0;1;810491,5221;5820151,582;13,56927099;52,44314312
140041;11;2;2040701;2400521;2020;6;17;2;2;5;2;0;1;1;0;0;0;0;0;800718,0131;5827873,272;13,43288046;52,51781772
140042;11;1;1011201;1100205;2020;6;17;5;3;2;2;0;0;1;0;0;0;1;0;797461,0302;5826823,687;13,38408466;52,51019567
140043;11;6;6040702;6400736;2020;6;19;4;2;0;1;1;1;0;0;0;0;0;0;787518,9744;5816927,711;13,22946882;52,42680285
140044;11;1;1011201;1100205;2020;6;13;5;3;1;5;0;0;1;0;1;0;0;0;797134,1928;5826468,713;13,37896604;52,50719184
140045;11;12;12103218;12100205;2020;6;18;3;3;3;6;0;1;1;0;0;0;0;0;795416,5344;5833377,251;13,35987428;52,57005369
140046;11;4;4051654;4501150;2020;6;11;2;3;4;2;0;1;1;0;0;0;0;0;793680,7367;5823812,666;13,32588819;52,4852516
140047;11;10;10040933;10400941;2020;6;17;5;3;5;3;0;1;1;0;0;0;0;0;812399,9581;5824300,541;13,60114074;52,47923623
140048;11;11;11030618;11300618;2020;6;11;4;3;2;6;0;0;1;0;0;0;1;0;802456,256;5828875,556;13,4593312;52,5258399
140049;11;2;2020203;2200209;2020;6;19;5;3;6;7;0;1;0;1;0;0;0;0;797347,6408;5824751,613;13,38056867;52,49168364
140050;11;1;1011103;1100103;2020;6;13;2;3;2;6;0;1;0;0;0;0;0;0;795284,7803;5826044,349;13,35141991;52,50439188
140051;11;2;2020204;2200210;2020;6;16;5;3;5;3;0;0;1;0;0;0;0;0;798169,3534;5824809,389;13,39268736;52,49175331
140052;11;4;4010102;4100101;2020;6;15;4;3;0;3;0;0;1;0;0;0;1;0;792062,2323;5829754,868;13,30733615;52,53939037
140053;11;1;1011104;1100104;2020;6;22;4;3;6;7;2;1;0;1;0;0;0;0;796465,8701;5825893,442;13,36863564;52,50239867
140054;11;3;3061332;3601348;2020;6;14;6;3;5;3;0;1;1;0;0;0;0;0;799842,6555;5830809,576;13,42266712;52,54461887
140055;11;1;1022206;1200628;2020;6;14;2;3;2;6;0;0;1;0;0;1;0;0;795457,814;5827747,902;13,35547421;52,51956919
140056;11;4;4030620;4300619;2020;6;16;5;3;6;7;0;0;1;1;0;0;0;0;792274,0228;5827248,345;13,30824662;52,51680656