OBJECTID;LAND;BEZ;LOR;LOR_ab_2021;UJAHR;UMONAT;USTUNDE;UWOCHENTAG;UKATEGORIE;UART;UTYP1;ULICHTVERH;IstRad;IstPKW;IstFuss;IstKrad;IstGkfz;IstSonstige;USTRZUSTAND;LINREFX;LINREFY;XGCSWGS84;YGCSWGS84
140057;11;1;1011302;1100309;2020;6;17;4;3;1;5;0;1;1;0;0;0;0;0;798269,665;5828394,072;13,39737237;52,52383058
140058;11;6;6030501;6300524;2020;6;5;3;3;1;1;0;0;1;0;0;0;1;0;788889,1456;5816189,832;13,24892711;52,41946559
140059;11;5;5010209;5100211;2020;6;9;2;3;0;7;0;1;0;0;0;0;1;0;783432,0689;5829184,455;13,17994559;52,53883357
140060;11;12;12302110;12601235;2020;6;16;5;2;1;5;0;0;1;0;1;0;0;0;795197,2326;5835882,434;13,35887914;52,59262926
140061;11;4;4010102;4100101;2020;6;9;4;3;5;3;0;0;1;0;0;0;1;0;792256,3046;5830681,955;13,3110052;52,54759736
140062;11;12;12214423;12200308;2020;6;17;5;3;2;6;0;0;1;0;0;0;0;0;792558,8956;5833885,978;13,31827981;52,57615762
140063;11;1;1011102;1100102;2020;6;16;1;2;0;1;0;1;0;0;0;0;0;0;796464,9453;5827442,919;13,37000215;52,51628873
140064;11;9;9020602;9100409;2020;6;15;5;3;2;7;0;1;0;0;0;0;1;0;806414,7726;5821089,826;13,51034028;52,45385163
140065;11;7;7010102;7100102;2020;6;13;4;3;2;6;0;0;1;0;1;0;0;0;794977,342;5825686,468;13,34658653;52,50135003
140066;11;2;1011306;1100313;2020;6;15;3;3;1;7;0;0;1;0;0;0;1;0;799768,4823;5826305,604;13,41751676;52,50428879
140067;11;4;4010102;4100101;2020;6;17;3;2;5;3;0;0;0;0;1;0;1;0;793328,6035;5829772,251;13,32597021;52,538866
140068;11;4;4051656;4501151;2020;6;19;2;3;6;7;0;1;0;1;0;0;0;0;793478,671;5823075,998;13,32227249;52,4787563
140069;11;5;5020524;5200528;2020;6;15;5;3;5;3;0;0;1;0;0;0;1;0;783369,5105;5826754,942;13,17695494;52,51708251
140070;11;4;4010101;4100101;2020;6;1;7;3;0;1;2;0;1;0;0;0;0;1;791291,7104;5830670,599;13,29681029;52,54801219
140071;11;4;4020311;4200310;2020;6;8;4;3;1;5;0;0;1;0;0;1;0;0;789215,6858;5826696,383;13,26282192;52,51348859
140072;11;4;4051445;4500939;2020;6;16;5;3;5;2;0;1;1;0;0;0;0;0;792518,9649;5824497,52;13,30942923;52,49201483
140073;11;4;4051655;4501153;2020;6;12;1;2;6;7;0;0;1;1;0;0;0;0;793931,566;5823198,453;13,32902988;52,47961048
140074;11;9;9020702;9200716;2020;6;18;7;3;0;1;0;0;0;0;1;0;0;1;809089,165;5819477,767;13,54808116;52,43789886
140075;11;4;4051655;4501153;2020;6;14;3;3;1;5;0;1;1;0;0;0;0;0;794022,9238;5823767,476;13,33087307;52,48466233
140076;11;7;7010102;7100102;2020;6;17;7;3;5;2;0;1;1;0;0;0;0;1;795426,2802;5825756,126;13,35324285;52,50173158
140077;11;12;12304313;12500825;2020;6;14;3;3;5;2;0;0;1;0;0;0;0;0;792350,5542;5835059,02;13,31624881;52,58678538
140078;11;9;9051702;9501737;2020;6;12;5;3;0;1;0;1;0;0;0;0;0;0;814202,7736;5821337,075;13,62480958;52,45164666
140079;11;8;8010508;8100520;2020;6;17;6;3;3;6;0;0;1;0;0;0;0;0;802957,7214;5822844,054;13,46121413;52,47150174
140080;11;8;8041037;8401243;2020;6;17;2;3;0;3;0;1;1;0;0;0;0;0;805613,7255;5817783,317;13,49556525;52,42466522
140081;11;10;10020620;10200627;2020;6;8;5;3;6;7;0;0;1;1;0;0;0;0;811298,1461;5829749,83;13,59006392;52,52869839
140082;11;1;1011306;1100313;2020;6;22;4;3;0;1;2;1;0;0;0;0;0;0;800497,1481;5826845,872;13,42870754;52,50873057
140083;11;7;7050505;7501134;2020;6;15;5;3;0;7;0;1;0;0;0;0;1;0;798981,2231;5818152,551;13,39864706;52,43163928
140084;11;11;11010103;11100102;2020;7;10;7;2;1;5;0;1;1;0;0;0;0;0;809304,8121;5834521,654;13,56521881;52,57259611
140085;11;2;2020206;2200212;2020;6;13;2;3;2;3;0;1;1;0;0;0;0;0;799688,895;5824621,293;13,41483236;52,4892352
140086;11;8;8010212;8100207;2020;6;0;1;3;0;1;2;1;0;0;0;0;0;0;800736,0838;5823421,671;13,4291267;52,47790673
140087;11;6;6020409;6200421;2020;7;21;5;3;0;2;0;1;0;0;1;0;0;0;793718,937;5818291,507;13,32159099;52,43573585
140088;11;1;1011204;1100207;2020;7;8;4;3;3;6;0;1;1;0;0;0;0;0;797985,0481;5826879,91;13,39183352;52,51041365
140089;11;2;2030401;2300417;2020;7;18;6;3;6;4;0;0;1;1;0;0;0;0;800645,7364;5825683,893;13,42984115;52,49823354
140090;11;6;6010103;6100103;2020;6;13;2;2;2;7;0;0;1;0;0;0;0;0;793764,3454;5821182,701;13,32479966;52,46163004
140091;11;2;2030302;2300315;2020;6;20;3;3;5;2;0;1;1;0;0;0;0;0;800162,0157;5825745,573;13,42279248;52,49905266
140092;11;4;4030828;4300624;2020;6;13;1;3;3;5;0;0;1;0;1;0;0;1;793509,1862;5826085,562;13,32537173;52,50571941
140093;11;11;11030721;11300722;2020;7;19;1;3;1;5;0;1;1;0;0;0;0;1;804030,4035;5827732,61;13,48141842;52,51472057
140094;11;11;11020514;11200513;2020;6;9;3;3;2;6;0;0;0;0;1;0;1;0;804475,6121;5830946,161;13,49090181;52,5432738
140095;11;2;2030402;2300419;2020;6;14;1;3;0;7;0;0;1;1;0;0;0;0;801531,39;5825733,098;13,44289273;52,49818597
140096;11;9;9041301;9401329;2020;7;9;7;3;5;2;0;1;1;0;0;0;0;0;812410,5895;5819583,434;13,59688302;52,43695883
140097;11;1;1011402;1100416;2020;6;19;2;2;0;1;0;1;0;0;0;0;0;0;798622,1633;5829351,207;13,4034122;52,532217
140098;11;1;1011304;1100311;2020;6;14;1;3;2;6;0;0;1;0;0;0;0;1;799685,9442;5827852,773;13,41769751;52,5182021
140099;11;2;2050803;2500835;2020;7;16;4;3;1;5;0;0;1;0;0;0;1;0;803048,173;5825842,801;13,46526792;52,4983291
140100;11;11;11020412;11200411;2020;7;13;6;3;5;3;0;0;1;0;0;1;0;0;805980,743;5831932,88;13,51393628;52,55127388
140101;11;7;7030301;7300515;2020;6;16;3;3;5;2;0;1;1;0;0;0;0;0;793952,6489;5822252,57;13,32850575;52,47111971
140102;11;9;9051702;9501737;2020;7;1;1;2;0;1;2;0;0;0;1;0;0;0;815404,0859;5821898,659;13,64295937;52,45598714
140103;11;1;1044101;1400938;2020;6;19;3;3;2;3;0;1;1;0;0;0;0;0;794225,5968;5831190,956;13,34041447;52,55110017
140104;11;4;4030726;4500936;2020;7;16;1;2;1;5;0;1;0;0;0;0;1;0;791551,3337;5825587,045;13,29617124;52,50230003
140105;11;2;2050801;2500831;2020;6;8;3;3;5;3;0;1;1;0;0;0;0;0;803268,2505;5827413,432;13,46993059;52,51228414
140106;11;9;9031001;9301025;2020;6;14;1;3;5;3;0;1;1;0;0;0;0;1;811099,2936;5815583,931;13,57393706;52,40186412
140107;11;1;1022101;1200517;2020;7;14;5;3;1;5;0;1;1;0;0;0;0;0;793374,5772;5829065,95;13,32602262;52,53250962
140108;11;1;1011204;1100207;2020;7;17;7;3;6;4;0;0;1;1;0;0;0;0;798905,2907;5827340,457;13,4057666;52,51403834
140109;11;9;9030901;9300920;2020;6;11;2;3;1;5;0;1;1;0;0;0;0;0;808453,6922;5817317,174;13,53676978;52,41889417
140110;11;2;2010102;2100103;2020;6;16;1;3;1;1;0;1;1;0;0;0;0;0;798400,9008;5826325,069;13,39744558;52,50521291
140111;11;4;4031032;4500937;2020;7;23;4;2;6;4;2;0;0;1;0;0;1;1;791013,153;5824979,753;13,28773432;52,49714295
140112;11;5;5020419;5200423;2020;7;12;6;3;5;3;0;1;1;0;0;0;0;0;782094,573;5828075,94;13,15933644;52,52958819
140113;11;7;7060601;7601236;2020;6;15;3;3;5;3;0;0;1;0;0;0;0;0;796576,7048;5816224,222;13,36167371;52,41566218
140114;11;4;4030929;4501040;2020;7;17;7;3;2;6;0;1;0;0;0;0;0;0;792708,1473;5825494,824;13,31308409;52,50085397
140115;11;5;5020626;5200631;2020;6;21;2;3;5;3;1;1;1;0;0;0;0;0;784596,0451;5827970,8;13,19602231;52,52734525
140116;11;6;6030501;6300524;2020;6;14;1;2;5;3;0;1;1;0;0;0;0;1;787530,9406;5817379,927;13,23003314;52,43085103
140117;11;9;9010101;9100101;2020;7;20;5;3;5;2;0;1;1;0;0;0;0;0;802522,6897;5824573,27;13,45639795;52,48724185
140118;11;11;11010310;11100309;2020;7;0;5;3;2;6;2;0;1;0;0;0;0;0;805522,4621;5833369,702;13,50852088;52,56440829
140119;11;5;5020627;5200632;2020;7;13;6;3;1;5;0;0;1;0;0;0;0;0;786065,2247;5827969,861;13,21761915;52,52656786
140120;11;5;5010314;5100316;2020;6;17;2;3;3;6;0;0;1;0;1;0;0;0;785047,2615;5829478,788;13,20394885;52,54063002
140121;11;9;9020602;9200614;2020;6;12;1;3;5;3;0;0;1;0;1;0;0;0;808195,0258;5820919,231;13,53629876;52,45132196
140122;11;9;9010101;9100101;2020;6;16;2;3;0;1;0;1;0;0;0;0;0;1;802617,3681;5824473,691;13,45769765;52,48629685
140123;11;11;11041027;11401034;2020;6;12;1;3;5;3;0;1;1;0;0;0;0;0;807403,2768;5827435,076;13,53069189;52,51016365
140124;11;3;3030711;3300514;2020;7;8;5;3;5;3;0;1;1;0;0;0;0;0;800852,4365;5836051,076;13,44226662;52,59104225
140125;11;9;9020701;9200715;2020;7;15;7;3;5;3;0;1;1;0;0;0;0;0;807414,3941;5818310,966;13,52244863;52,42838555
140126;11;1;1044203;1401049;2020;6;17;2;3;5;2;0;1;0;0;0;0;1;0;795903,7152;5831932,123;13,3657528;52,55683498
140127;11;6;6030605;6300629;2020;6;12;1;3;0;3;0;0;1;0;1;0;0;0;791950,781;5820018,212;13,2971639;52,45216241
140128;11;2;2020204;2200210;2020;7;14;4;3;1;1;0;1;1;0;1;0;0;1;798746,6044;5825125,742;13,40144796;52,49427339
140129;11;8;8010301;8100312;2020;7;11;6;3;6;7;0;0;1;1;0;0;0;0;801156,0606;5824093,254;13,43589843;52,48369489
140130;11;4;4051549;4501146;2020;6;6;3;3;3;6;0;0;1;0;0;0;0;0;792481,41;5824012,384;13,30845185;52,48768582
140131;11;2;2020204;2200210;2020;7;19;7;3;0;1;0;1;0;0;0;0;0;0;798483,2868;5825230,359;13,39767464;52,4953552
140132;11;5;5020627;5200632;2020;6;12;2;3;5;2;0;1;0;0;1;0;0;0;785386,3703;5827903,854;13,20758313;52,52633185
140133;11;9;9051901;9501941;2020;6;14;7;3;0;1;0;1;0;0;0;0;0;0;811375,7458;5821162,663;13,58318065;52,45170118
140134;11;12;12302110;12601235;2020;7;20;5;3;5;2;0;0;1;0;1;0;0;0;794466,6869;5836245,106;13,3484482;52,59627632
140135;11;11;11030721;11300722;2020;7;15;4;2;0;1;0;0;0;0;1;0;0;1;803917,4586;5828026,471;13,48002756;52,5174173
140136;11;5;5020625;5200629;2020;7;20;6;3;5;2;0;1;1;0;0;0;0;0;784458,7074;5828663,485;13,19459608;52,53362758
140137;11;10;10010309;10100312;2020;6;16;2;3;5;2;0;1;1;0;0;0;0;1;807934,6072;5829198,169;13,54012811;52,52566473
140138;11;2;2020205;2200211;2020;7;8;4;3;6;4;0;0;0;1;1;0;0;0;797923,4425;5824577,621;13,38886889;52,48981006
140139;11;11;11040926;11400931;2020;6;11;7;3;0;5;0;1;1;0;0;0;0;0;806640,0845;5827212,439;13,51927648;52,50859785
140140;11;2;2030401;2300418;2020;6;11;3;3;5;3;0;1;0;0;0;0;0;0;801290,6258;5825361,445;13,43902063;52,49498774
140141;11;6;6020408;6200420;2020;7;10;4;2;5;2;0;1;0;0;0;1;0;0;792722,0839;5816229,728;13,30516451;52,41778661
140142;11;7;7050506;7501135;2020;6;13;3;3;2;2;0;0;1;0;0;0;0;0;798798,3572;5817328,341;13,39522896;52,42435111
140143;11;2;2020204;2200210;2020;7;3;7;3;1;5;2;0;1;0;0;0;1;0;798248,9864;5824790,739;13,39384009;52,49154263
140144;11;9;9020701;9200715;2020;6;10;2;3;5;2;0;1;1;0;0;0;0;0;807700,9642;5818375,048;13,52670912;52,42879879
140145;11;10;10020412;10200417;2020;6;14;7;3;3;6;0;0;1;0;1;0;0;0;811319,5718;5831960,444;13,59244976;52,54849604
140146;11;1;1011103;1100103;2020;7;20;5;3;1;5;0;1;1;0;0;0;0;0;795320,7019;5825844,519;13,35177037;52,50258111
140147;11;2;2040701;2400521;2020;7;18;4;2;5;3;0;1;1;0;0;0;0;0;800719,0921;5827883,722;13,43290576;52,51791079
140148;11;5;5020625;5200629;2020;7;17;6;3;2;2;0;0;1;0;0;0;0;0;784615,8881;5828427,799;13,19670527;52,53143235
140149;11;10;10040829;10400836;2020;6;16;2;3;0;2;0;1;1;0;0;0;0;1;811232,08;5827786,675;13,58725653;52,51114364
140150;11;5;5010314;5100316;2020;6;21;3;3;5;2;0;0;0;0;1;0;1;0;785055,4292;5829464,649;13,20405683;52,54049898
140151;11;11;11040926;11400929;2020;6;13;7;3;0;6;0;1;1;0;0;0;0;0;804605,8734;5826411,592;13,48866379;52,50255978
140152;11;9;9020502;9200511;2020;7;17;1;3;6;4;0;1;0;1;0;0;0;0;806626,6594;5822731,083;13,51495628;52,46844232
140153;11;4;4020314;4200311;2020;6;8;3;3;2;6;0;0;1;0;0;0;0;0;790403,9643;5825398,056;13,27915062;52,50121759
140154;11;12;12214527;12200515;2020;6;13;7;3;0;1;0;0;0;0;1;0;0;0;789879,4621;5835736,011;13,28046934;52,594177
140155;11;8;8020619;8200623;2020;7;18;7;3;5;2;0;0;1;0;0;0;0;1;802273,9424;5820668,954;13,44920841;52,45238485
140156;11;2;2030302;2300316;2020;6;16;2;3;0;5;0;1;1;0;0;0;0;1;800989,4907;5826374,121;13,43551354;52,50423075
140157;11;7;7050503;7501031;2020;6;13;7;3;5;3;0;1;1;0;0;0;0;0;798752,2066;5819878,185;13,39683099;52,44723266
140158;11;12;12214422;12200310;2020;6;13;7;3;0;6;0;1;0;0;0;0;0;0;791456,965;5833063,817;13,30134221;52,56937845
140159;11;4;4030930;4501041;2020;7;11;7;3;0;1;0;0;0;0;1;0;0;0;793382,5078;5825428,098;13,32293138;52,49989365
140160;11;7;7070705;7601546;2020;6;15;2;3;5;2;0;1;1;0;0;0;0;1;798540,263;5814419,291;13,38885039;52,39841547
140161;11;2;2010104;2100106;2020;6;13;7;3;6;4;0;1;0;1;0;0;0;0;799617,1032;5825650,274;13,41470356;52,49849789
140162;11;5;5030731;5300737;2020;7;16;4;3;2;6;0;0;1;0;0;0;0;0;787886,2601;5830054,532;13,24619372;52,54429929
140163;11;3;3061228;3601245;2020;7;14;6;3;0;2;0;1;0;0;0;0;1;0;800290,111;5831558,771;13,42992307;52,55108766
140164;11;5;5040936;5400943;2020;6;9;2;3;0;7;0;0;1;0;0;0;0;0;781371,5959;5819763,919;13,14168685;52,45543077
140165;11;7;7040404;7400826;2020;6;18;3;3;0;2;0;0;1;1;0;0;0;0;796524,384;5819864,013;13,36413451;52,44831843
140166;11;6;6040703;6400737;2020;7;14;1;3;5;2;0;1;1;0;0;0;0;0;784910,5098;5817540,307;13,19173167;52,43366014
140167;11;4;4030417;4300414;2020;6;8;3;2;0;1;0;0;0;0;0;0;1;0;791504,7534;5826842,836;13,29658668;52,51358296
140168;11;4;4041240;4400831;2020;6;13;7;2;0;1;0;1;0;0;0;0;0;0;790807,5093;5822571,114;13,282612;52,47565894
140169;11;7;7040403;7400823;2020;7;12;5;3;5;2;0;1;1;0;0;0;0;0;797323,8263;5822170,231;13,37791706;52,46855722
140170;11;9;9052001;9502043;2020;7;16;7;3;2;6;0;0;1;0;0;0;0;0;811381,8443;5822802,694;13,58479971;52,46639479
140171;11;2;2050802;2500833;2020;6;15;2;3;5;2;0;1;1;0;0;0;0;0;802039,7419;5827167,294;13,45165949;52,51075963
140172;11;12;12214125;12200412;2020;6;13;7;3;2;2;0;0;1;0;0;0;1;0;788335,8959;5832037,429;13,25452798;52,56183883
140173;11;12;12301203;12500930;2020;7;18;4;3;5;3;0;0;1;0;0;0;0;0;793603,0074;5835192,831;13,33480111;52,58731039
140174;11;10;10030724;10300731;2020;7;11;6;3;3;6;0;0;1;0;0;0;0;0;809641,7742;5829282,709;13,56529037;52,52545552
140175;11;3;3030715;3300516;2020;6;14;3;2;6;4;0;0;1;1;0;0;0;0;800628,5775;5834227,516;13,43731786;52,57482129
140176;11;1;1011301;1100308;2020;7;16;4;3;6;7;0;0;1;1;0;0;0;0;797550,0932;5828339,689;13,38674894;52,52373626
140177;11;7;7050501;7501029;2020;7;13;6;3;3;2;0;0;1;0;0;1;0;0;797735,9752;5819105,101;13,38123349;52,4408571
140178;11;10;10020517;10200524;2020;6;16;3;3;5;5;0;0;1;0;0;0;0;0;812820,2011;5830435,346;13,61307268;52,5339701
140179;11;5;5010311;5100313;2020;7;20;1;3;5;3;1;0;1;0;1;0;0;1;785369,9297;5830607,014;13,20966309;52,55057664
140180;11;1;1022104;1200520;2020;6;20;2;2;5;7;0;0;1;0;1;0;0;0;794545,2628;5828996,064;13,34316952;52,53125178
140181;11;4;4030621;4300620;2020;6;20;7;3;5;2;0;1;1;0;0;0;0;0;793880,8199;5826960,315;13,33160376;52,51336106
140182;11;1;1011102;1100102;2020;7;6;5;3;0;2;0;1;1;0;0;0;0;0;796511,0354;5827618,716;13,37083606;52,51783952
140183;11;12;12301204;12500927;2020;7;7;6;3;0;6;0;1;0;0;0;1;0;0;792456,279;5835894,389;13,31854242;52,59421723
140184;11;7;7030301;7300516;2020;6;17;2;3;6;4;0;1;0;1;0;0;0;0;794001,861;5821554,115;13,32861271;52,46483188
140185;11;8;8010406;8100419;2020;6;12;7;3;1;5;0;0;1;0;0;0;0;0;802333,5277;5824075,374;13,45316901;52,48288396
140186;11;7;7010104;7100205;2020;7;11;4;3;5;2;0;0;1;0;0;0;0;1;796008,5618;5824976,943;13,36110358;52,49443132
140187;11;10;10040933;10400940;2020;6;14;3;2;3;6;0;0;1;0;1;0;0;0;813077,725;5827138,91;13,61375481;52,50428294
140188;11;2;2030401;2300418;2020;7;19;7;3;5;3;0;0;1;0;0;0;0;0;801074,1579;5824984,217;13,43550083;52,491726
140189;11;12;12214424;12200309;2020;6;12;2;3;6;4;0;0;1;1;0;0;0;0;792743,0532;5832761,514;13,31999707;52,56597832
140190;11;4;4061757;4200207;2020;6;11;7;2;8;1;0;1;0;0;0;0;0;0;785230,6864;5821534,006;13,19983941;52,46930126
140191;11;9;9051901;9501940;2020;7;19;5;3;1;5;0;1;1;0;0;0;0;0;810970,2737;5821366,381;13,57742283;52,45375761
140192;11;3;3061228;3601245;2020;7;14;4;3;5;2;0;1;1;0;0;0;0;0;800751,7375;5831299,931;13,43647644;52,54851295
140193;11;4;4030828;4300624;2020;7;22;7;3;1;5;2;1;1;0;0;0;0;0;793032,9801;5826100,206;13,31838856;52,50610666
140194;11;9;9052001;9502043;2020;6;14;2;3;5;3;0;1;1;0;0;0;0;0;809219,9293;5823018,485;13,55327709;52,46955645
140195;11;1;1022206;1200628;2020;6;12;7;3;5;2;0;0;1;0;0;0;1;0;795703,6772;5828178,082;13,35946963;52,52329211
140196;11;11;11030721;11300722;2020;7;18;5;3;5;2;0;1;1;0;0;0;0;0;803829,0183;5828649,134;13,47929691;52,52304731
140197;11;11;11041128;11401137;2020;7;13;4;3;6;4;0;0;1;1;0;0;0;0;806847,5608;5825730,147;13,52095812;52,49519662
140198;11;1;1044201;1401044;2020;7;21;6;3;0;3;1;1;1;0;0;0;0;0;796203,9777;5830765,192;13,36912784;52,54621143
140199;11;1;1022204;1200626;2020;6;9;2;3;5;2;0;1;1;0;0;0;0;0;794831,2371;5828304,542;13,34675991;52,5248982
140200;11;3;3040614;3400725;2020;7;9;4;3;0;6;0;0;1;0;1;0;0;0;799274,3883;5835198,528;13,41827126;52,58427114
140201;11;11;11020514;11200513;2020;7;8;6;3;5;2;0;1;1;0;0;0;0;0;804684,0201;5830718,426;13,49375662;52,54111624
140202;11;8;8020620;8200725;2020;6;12;3;3;3;6;0;0;1;0;1;0;0;0;801109,9199;5819581,334;13,43115044;52,44327853
140203;11;8;8010302;8100313;2020;7;14;7;3;1;5;0;1;1;0;0;0;0;0;801807,2513;5824383,092;13,44572128;52,48593322
140204;11;12;12301204;12500927;2020;6;7;2;3;2;6;0;0;1;0;0;0;0;0;792457,4692;5835353,57;13,31808243;52,58936841
140205;11;12;12302212;12601032;2020;6;12;7;3;2;6;0;0;1;0;0;0;0;0;792934,4303;5837544,152;13,32704097;52,60874903
140206;11;4;4030620;4300619;2020;7;18;5;3;2;6;0;0;1;0;0;0;0;0;792404,1708;5827209,052;13,31012462;52,51638455
140207;11;8;8010117;8100102;2020;7;17;4;3;6;4;0;0;1;1;0;0;0;0;800426,0558;5823534,813;13,42467745;52,47909149
140208;11;1;1011101;1100101;2020;7;17;6;3;2;2;0;0;1;0;0;0;0;0;795251,528;5826624,567;13,35144604;52,5096111
140209;11;5;5010339;5100317;2020;6;7;2;3;5;2;0;0;0;0;1;0;1;0;786804,4713;5828196,085;13,2286812;52,5282077
140210;11;5;5030730;5300736;2020;7;7;6;3;5;2;0;1;1;0;0;0;0;0;785881,1762;5829234,819;13,21600158;52,53800577
140211;11;11;11020513;11200512;2020;6;19;3;2;5;7;0;1;1;0;0;0;0;0;804412,5598;5830953,052;13,48998123;52,5433708
140212;11;2;2050801;2500832;2020;7;20;6;3;0;1;0;1;0;0;0;0;0;0;803652,055;5827409,017;13,47556479;52,51203106
140213;11;4;4030931;4501042;2020;6;6;2;3;3;6;0;0;1;0;0;0;1;0;794058,881;5825944,668;13,33332285;52,50416037
140214;11;6;6030504;6300528;2020;7;7;6;2;3;6;0;0;1;0;1;0;0;0;790186,0373;5815264,881;13,26714229;52,41048694
140215;11;11;11030618;11300617;2020;6;6;3;3;2;6;0;0;1;0;0;0;1;0;802579,0668;5829329,246;13,46154879;52,52983813
140216;11;10;10040830;10400837;2020;6;12;7;3;3;6;0;1;1;0;0;0;0;0;810875,6064;5826992,833;13,58127941;52,50423294
140217;11;5;5040936;5400943;2020;7;0;1;3;6;4;2;0;1;1;0;0;0;0;779589,1929;5820468,604;13,11611451;52,46266445
140218;11;7;7060604;7601341;2020;6;10;3;3;0;2;0;0;1;0;0;0;1;0;796717,029;5815817,952;13,36337079;52,41194423
140219;11;7;7050505;7501134;2020;6;11;7;3;2;6;0;0;1;0;0;0;1;0;799619,2149;5819029,016;13,40878866;52,43914657
140220;11;9;9030901;9300920;2020;7;10;7;2;5;2;0;0;1;0;1;0;0;0;807758,3913;5817905,695;13,52711924;52,42456004
140221;11;2;2010104;2100106;2020;6;6;2;3;2;6;0;0;1;0;0;0;0;0;799192,3841;5825623,296;13,40844144;52,49848908
140222;11;1;1011202;1100206;2020;6;11;7;3;6;7;0;0;0;1;0;0;1;0;798123,4725;5828035,925;13,39490293;52,52070021
140223;11;8;8010406;8100419;2020;7;16;4;3;5;3;0;1;1;0;0;0;0;1;801917,3401;5824160,81;13,44713629;52,48388001
140224;11;10;10030727;10300734;2020;7;14;6;3;5;2;0;0;1;0;0;0;0;0;809552,7319;5826695,56;13,56157554;52,50232095
140225;11;1;1044102;1400939;2020;7;5;6;3;0;7;0;0;0;0;1;0;0;1;794374,7929;5831817,199;13,34316385;52,55663337
140226;11;11;11030619;11300620;2020;6;17;3;3;5;3;0;1;0;0;0;0;0;0;803771,0572;5829206,082;13,47895399;52,52807134
140227;11;5;5030731;5300737;2020;7;11;1;3;5;2;0;1;1;0;0;0;0;0;787853,3523;5829367,088;13,24511415;52,53815344
140228;11;9;9051901;9501941;2020;6;7;3;3;2;6;0;0;1;0;0;0;0;0;812062,7841;5821328,434;13,5934129;52,45279498
140229;11;11;11010205;11100204;2020;6;10;7;3;2;2;0;0;1;0;1;0;0;0;806158,8927;5833334,271;13,51784813;52,56373326
140230;11;12;12214424;12200309;2020;7;10;5;3;2;7;0;0;1;0;0;0;1;0;793528,8756;5832397,036;13,33123498;52,56228787
140231;11;3;3061126;3601141;2020;7;16;7;3;5;2;0;1;1;0;0;0;0;0;799241,9914;5831771,592;13,41470285;52,55357206
140232;11;1;1011302;1100309;2020;7;16;1;3;5;2;0;1;1;0;0;0;0;0;798940,1649;5828396,485;13,40722794;52,52348501
140233;11;3;3050925;3500936;2020;6;8;3;3;5;3;0;1;1;0;0;0;0;0;802315,1223;5831336,714;13,45949614;52,5479773
140234;11;8;8010214;8100209;2020;6;10;7;3;2;6;0;0;1;0;0;0;0;0;801803,8749;5821976,923;13,44349442;52,46436818
140235;11;9;9020701;9200715;2020;7;14;5;2;5;3;0;0;1;0;1;0;0;0;807644,0885;5819361,563;13,52678292;52,43767214
140236;11;11;11020516;11200515;2020;7;15;7;3;3;6;0;0;1;0;0;0;0;0;806081,2843;5830214,481;13,5138312;52,53581675
140237;11;11;11041022;11401032;2020;6;16;2;3;2;6;0;0;1;0;0;0;1;0;806576,1378;5827786,159;13,51886568;52,51377559
140238;11;7;7040406;7400928;2020;6;9;7;3;5;3;0;1;1;0;0;0;0;0;800267,118;5821555,114;13,42056242;52,46143396
140239;11;6;6030610;6300634;2020;7;16;4;3;5;2;0;0;1;0;0;0;0;1;792935,2116;5817748,043;13,30961905;52,43128408
140240;11;8;8010211;8100206;2020;7;13;6;3;3;6;0;1;1;0;0;0;0;0;800624,2526;5823776,338;13,42780479;52,48114731
140241;11;1;1033202;1300835;2020;7;2;6;2;8;1;2;0;1;0;0;0;0;0;797155,7214;5830370,888;13,38276913;52,54215867
140242;11;11;11041023;11401033;2020;6;15;3;3;5;2;0;1;1;0;0;0;0;0;806961,9482;5827805,253;13,5245508;52,51372973
140243;11;8;8020727;8200832;2020;7;19;7;3;0;1;0;1;0;0;0;0;0;0;801627,9166;5817408,879;13,43678866;52,42352065
140244;11;11;11030721;11300722;2020;6;20;2;2;1;1;0;0;1;0;1;0;0;0;803918,1529;5828010,68;13,48002333;52,51727538
140245;11;9;9051901;9501939;2020;6;18;7;3;0;7;0;1;0;0;0;0;0;0;810044,3654;5821629,006;13,5640845;52,45663711
140246;11;1;1011304;1100311;2020;7;17;5;3;5;2;0;1;1;0;0;0;0;0;799967,9036;5827437,724;13,42146627;52,51432684
140247;11;10;10030724;10300731;2020;7;10;5;3;2;3;0;0;1;0;0;0;0;0;809599,8913;5828514,712;13,56396016;52,51859681
140248;11;6;6020301;6200311;2020;7;10;6;1;5;2;0;1;0;0;0;1;0;0;795867,2346;5818165,554;13,3529895;52,43344893
140249;11;7;7070703;7601544;2020;6;15;2;3;0;2;0;1;1;0;0;0;0;1;799767,265;5813974,952;13,4064333;52,39376236
140250;11;6;6040805;6400839;2020;6;18;7;3;1;5;0;1;1;0;0;0;0;0;788903,8485;5818242,597;13,25091608;52,43786201
140251;11;4;4030725;4300416;2020;7;9;4;3;5;2;0;1;0;0;0;0;1;0;791288,644;5826062,583;13,29272821;52,5067035
140252;11;12;12224229;12400616;2020;6;17;2;2;5;3;0;1;1;0;0;0;0;0;786534,4738;5834683,694;13,23031301;52,58651513