OBJECTID;LAND;BEZ;LOR;LOR_ab_2021;UJAHR;UMONAT;USTUNDE;UWOCHENTAG;UKATEGORIE;UART;UTYP1;ULICHTVERH;IstRad;IstPKW;IstFuss;IstKrad;IstGkfz;IstSonstige;USTRZUSTAND;LINREFX;LINREFY;XGCSWGS84;YGCSWGS84
140646;11;2;2010102;2100102;2020;7;23;4;3;5;7;2;0;1;0;0;0;0;1;798092,6749;5826491,569;13,39306694;52,50687387
140647;11;5;5010206;5100208;2020;7;23;1;3;2;6;2;0;1;0;1;0;0;0;781951,6986;5830597,583;13,15937601;52,55227228
140648;11;7;7060604;7601339;2020;7;11;5;3;5;2;0;1;1;0;0;0;0;0;795658,1524;5816070,127;13,34807098;52,41477774
140649;11;2;2020204;2200210;2020;7;13;2;3;5;3;0;0;1;0;0;0;0;0;798172,3991;5824835,599;13,39275554;52,49198659
140650;11;4;4051549;4501146;2020;7;17;2;3;3;6;0;1;0;0;0;0;0;0;793310,327;5823826,451;13,32046108;52,48557429
140651;11;2;2030401;2300417;2020;7;19;5;3;0;7;0;0;0;0;1;0;0;1;800064,582;5825416,94;13,42106542;52,49616057
140652;11;4;4030415;4300412;2020;7;9;4;2;2;6;0;0;1;0;0;0;0;0;791530,742;5827497,729;13,29754241;52,5194401
140653;11;1;1022206;1200628;2020;7;15;3;2;5;3;0;1;0;0;0;0;1;0;795519,0125;5828218,136;13,35679132;52,52375128
140654;11;3;3050919;3500932;2020;7;10;2;3;0;4;0;0;0;1;0;0;1;0;802059,5263;5832763,44;13,45703635;52,56090669
140655;11;5;5030731;5300737;2020;7;17;3;3;5;2;0;0;1;0;0;1;0;0;786960,6125;5829592,804;13,23218252;52,54064797
140656;11;10;10020517;10200524;2020;7;11;6;3;6;7;0;0;1;1;0;0;0;0;812580,8585;5830343,707;13,60946941;52,53328623
140657;11;4;4051550;4501043;2020;7;22;1;3;5;2;2;1;1;0;0;0;0;0;792860,7475;5824321,136;13,31429389;52,49025034
140658;11;1;1033102;1300733;2020;7;15;5;3;0;6;0;0;0;0;1;0;1;1;797670,5747;5831880,62;13,3916918;52,55541045
140659;11;6;6020303;6200313;2020;7;10;2;3;1;5;0;0;1;0;0;0;0;0;795132,8555;5818252,602;13,34229541;52,434626
140660;11;2;2020203;2200209;2020;7;18;4;3;5;2;0;1;1;0;0;0;0;0;797101,5385;5824476,476;13,37670923;52,48935133
140661;11;4;4030828;4300624;2020;7;16;4;3;6;4;0;1;0;1;0;0;0;1;793064,5502;5826099,255;13,31885153;52,50608118
140662;11;8;8010404;8100415;2020;7;9;2;3;5;2;0;1;1;0;0;0;0;0;801231,6928;5823675,361;13,43663126;52,47990749
140663;11;12;12214421;12200307;2020;7;11;3;3;5;3;0;0;1;0;0;0;0;0;793139,2066;5833868,013;13,326803;52,5756843
140664;11;4;4030417;4300414;2020;7;11;6;3;2;6;0;0;1;0;1;0;0;1;791682,0508;5827486,86;13,29975654;52,51926174
140665;11;11;11040926;11400931;2020;7;11;4;3;2;6;0;0;1;0;0;0;0;1;806597,7205;5827345,35;13,51877665;52,50981283
140666;11;6;6020303;6200313;2020;7;9;6;3;6;2;0;0;0;1;0;0;1;1;795347,5186;5818440,34;13,34560976;52,43619309
140667;11;6;6010206;6100206;2020;7;21;4;3;0;1;0;0;1;0;0;0;0;0;794709,6334;5819920,922;13,33755927;52,44980986
140668;11;1;1011401;1100415;2020;7;14;3;3;3;2;0;1;1;0;0;0;0;0;797506,1496;5829187,783;13,38686199;52,53136238
140669;11;1;1033102;1300733;2020;7;9;6;3;5;3;0;0;1;0;0;0;0;1;797150,2016;5831887,944;13,38404547;52,55576027
140670;11;8;8010214;8100209;2020;7;9;2;3;5;3;0;0;1;0;0;0;0;0;801473,0209;5822057,988;13,43871233;52,46527743
140671;11;4;4030931;4501042;2020;7;22;2;3;5;3;2;1;1;0;0;0;0;0;793522,9808;5825456,863;13,32502017;52,50007598
140672;11;12;12214527;12200515;2020;7;8;6;3;5;3;0;1;1;0;0;0;0;1;790313,7352;5835441,089;13,28660397;52,59130141
140673;11;9;9020601;9200613;2020;7;13;5;2;2;6;0;0;1;0;1;0;0;1;806952,7701;5821076,314;13,51822032;52,4534287
140674;11;8;8010404;8100417;2020;7;8;2;3;5;3;0;0;1;0;1;0;0;0;802353,0808;5822750,585;13,45225499;52,47099896
140675;11;4;4051448;4501045;2020;7;17;4;3;5;2;0;1;1;0;0;0;0;0;793477,628;5824923,423;13,32388395;52,4953183
140676;11;9;9010302;9100306;2020;7;15;4;3;5;2;0;0;1;0;0;0;1;1;804217,628;5821057,045;13,47807671;52,45478503
140677;11;3;3061332;3601347;2020;7;13;2;3;5;7;0;1;1;0;0;0;0;0;799715,0305;5830883,903;13,42085781;52,54535531
140678;11;6;6020302;6200312;2020;7;9;3;3;2;6;0;1;1;0;0;0;0;0;794374,5094;5819071,751;13,33189397;52,44237798
140679;11;7;7020202;7200308;2020;7;8;6;3;5;3;0;1;1;0;0;0;0;1;795008,4371;5823599,073;13,3451951;52,48262112
140680;11;2;2050601;2500726;2020;7;13;2;3;0;1;0;1;0;0;0;0;0;0;801948,9743;5829057,758;13,45204199;52,52775416
140681;11;4;4041134;4400726;2020;7;8;2;3;5;7;0;1;1;0;0;0;0;0;791230,3498;5824451,383;13,2904628;52,49229026
140682;11;7;7070705;7601546;2020;7;8;6;3;5;3;0;1;1;0;0;0;0;1;798607,4321;5813326,196;13,38886073;52,3885804
140683;11;3;3050919;3500932;2020;7;4;5;3;1;7;1;0;1;0;0;0;0;0;801698,0347;5832998,675;13,45193375;52,5632155
140684;11;9;9051702;9501737;2020;7;12;2;3;1;5;0;1;1;0;0;0;0;0;814895,308;5821586,882;13,63520247;52,45348669
140685;11;10;10010310;10100313;2020;7;12;2;3;5;3;0;0;1;0;0;0;0;0;807809,5497;5830770,046;13,53974611;52,53982238
140686;11;1;1022104;1200520;2020;7;10;2;3;0;6;0;1;1;0;0;0;0;0;794584,5868;5828536,343;13,3433402;52,52710946
140687;11;3;3050923;3500934;2020;7;6;6;2;0;7;0;0;1;0;1;0;0;1;801057,909;5832023,83;13,4416345;52,55483221
140688;11;9;9020501;9200510;2020;7;11;5;3;3;6;0;0;1;0;0;1;0;0;806013,905;5823040,72;13,50624805;52,47156097
140689;11;7;7020201;7200307;2020;7;8;2;3;5;2;0;1;1;0;0;0;0;0;794523,7973;5824648,013;13,33900603;52,49228588
140690;11;2;2040701;2400623;2020;7;15;4;3;5;3;0;1;1;0;0;0;0;0;800458,7417;5827593,735;13,42881853;52,51545505
140691;11;9;9041601;9401635;2020;7;12;4;2;4;6;0;0;1;0;0;0;0;0;818785,1926;5816638,509;13,68753721;52,40689402
140692;11;1;1011303;1100310;2020;7;7;2;3;0;7;0;0;0;0;1;0;0;1;798670,1982;5828142,497;13,40303256;52,5213563
140693;11;9;9010302;9100306;2020;7;7;3;3;5;3;0;1;1;0;0;0;0;0;804946,3155;5820717,098;13,48845687;52,45133217
140694;11;3;3061131;3601142;2020;7;5;6;3;2;1;0;0;1;0;0;0;0;1;798882,3328;5830383,32;13,40816453;52,54132577
140695;11;5;5030731;5300737;2020;7;7;2;3;5;2;0;1;0;0;0;1;0;0;787278,1489;5829423,64;13,23670547;52,53896399
140696;11;1;1011302;1100309;2020;7;0;2;3;6;2;2;0;1;1;0;0;0;0;798481,7995;5829056,736;13,40108467;52,52965436
140697;11;4;4051652;4501149;2020;7;17;5;3;5;5;0;1;1;0;0;0;0;0;793452,701;5824395,857;13,32305315;52,49060229
140698;11;5;5010101;5100101;2020;7;7;5;3;5;3;0;0;1;0;1;0;0;0;785475,5708;5833385,672;13,2136077;52,57543414
140699;11;10;10030726;10300733;2020;7;10;4;3;2;6;0;0;1;0;0;0;0;0;809522,3267;5827208,814;13,56160615;52,50693782
140700;11;9;9020501;9200510;2020;7;15;3;3;2;6;0;0;1;0;0;0;0;0;806366,639;5822233,698;13,51068384;52,46413044
140701;11;5;5010314;5100316;2020;7;14;4;3;2;6;0;0;1;0;0;0;0;0;784789,3011;5828840,122;13,19960811;52,53503865
140702;11;9;9020501;9200510;2020;7;9;4;3;5;3;0;1;1;0;0;0;0;1;806407,802;5822969,093;13,51196312;52,47069823
140703;11;2;2010102;2100102;2020;7;7;2;3;5;3;0;1;1;0;0;0;0;0;798311,1025;5825621,423;13,39549612;52,49895473
140704;11;2;2050801;2500832;2020;7;21;3;3;2;6;1;1;1;0;0;0;0;0;803425,2335;5826919,6;13,47178656;52,50777073
140705;11;8;8010404;8100415;2020;7;16;5;2;5;3;0;1;1;0;0;0;0;1;801363,8907;5823775,676;13,43866264;52,48073371
140706;11;8;8010211;8100206;2020;7;16;1;3;0;5;0;0;1;0;1;0;0;0;800388,3764;5824102,925;13,42463617;52,48420444
140707;11;12;12304314;12500824;2020;7;18;5;3;2;6;0;0;1;0;0;0;1;1;790205,4158;5835860,48;13,28537693;52,59511901
140708;11;6;6030502;6300525;2020;7;5;2;3;5;3;0;0;1;0;0;0;0;0;789712,2603;5815436,33;13,26034477;52,41227499
140709;11;4;4031032;4500937;2020;7;17;2;3;5;7;0;0;1;0;1;0;0;0;791636,3889;5825118,69;13,29701059;52,49805583
140710;11;7;7020203;7200409;2020;7;16;2;2;5;2;0;0;1;0;0;0;0;0;795224,335;5824372,504;13,34905018;52,4894377
140711;11;4;4030623;4300622;2020;7;15;4;3;6;2;0;0;1;1;0;0;0;0;793327,3405;5826642,987;13,32319141;52,51081429
140712;11;8;8030831;8301036;2020;7;16;2;3;3;6;0;1;1;0;0;0;0;0;804016,4883;5817810,199;13,47217229;52,42579589
140713;11;2;2010102;2100102;2020;7;5;4;3;0;1;0;0;0;0;1;0;0;0;798174,5113;5826505,535;13,39428164;52,50695433
140714;11;6;6040809;6400843;2020;7;15;3;3;2;6;0;0;1;0;0;0;0;0;792077,0879;5820265,24;13,29923336;52,45430952
140715;11;4;4031032;4500937;2020;7;22;1;3;0;7;2;0;1;0;1;0;0;1;791660,6224;5825125,53;13,29737255;52,49810419
140716;11;1;1011306;1100313;2020;7;15;2;3;4;6;0;1;0;0;0;0;0;0;800420,2533;5826571,847;13,42733065;52,50631675
140717;11;4;4030620;4300619;2020;7;14;5;3;0;1;0;1;0;0;0;0;0;1;791986,6889;5827395,238;13,3041531;52,51827734
140718;11;5;5030731;5300737;2020;7;15;5;3;0;1;0;0;0;0;1;0;0;1;788028,6908;5829418,832;13,24773708;52,5385247
140719;11;6;6010205;6100205;2020;7;20;1;2;0;1;0;0;0;0;1;0;0;0;796192,5062;5819606,049;13,3590367;52,44618588
140720;11;3;3061332;3601348;2020;7;16;3;3;3;6;0;1;0;0;0;0;1;0;799920,0706;5830702,822;13,4237089;52,54361939
140721;11;4;4030931;4501042;2020;7;18;6;3;3;5;0;1;1;0;0;0;0;0;793868,2382;5825525,025;13,33015186;52,5005012
140722;11;11;11030618;11300618;2020;7;10;6;3;5;2;0;1;1;0;0;0;0;0;802830,7796;5828742,557;13,46471375;52,52443995
140723;11;5;5010311;5100313;2020;7;20;6;3;0;6;1;0;1;0;1;0;0;0;786118,7327;5830511,089;13,22059394;52,54932378
140724;11;1;1011203;1100206;2020;7;12;2;3;5;5;0;1;1;0;0;0;0;0;797844,9574;5827461,943;13,39029632;52,51570736
140725;11;6;6020303;6200313;2020;7;9;6;3;0;4;0;0;0;1;0;0;1;0;795253,6036;5818638,715;13,34440747;52,43802211
140726;11;8;8020619;8200623;2020;7;18;1;3;5;3;0;1;1;0;0;0;0;1;801880,7888;5821131,345;13,44385845;52,45674661
140727;11;6;6010101;6100101;2020;7;18;1;3;1;6;0;1;1;0;0;0;1;0;792948,5934;5820919,639;13,31259629;52,45970969
140728;11;12;12103117;12100101;2020;7;9;6;3;5;2;0;1;1;0;0;0;0;0;796378,199;5832792,759;13,37349981;52,56429162
140729;11;10;10030724;10300731;2020;7;8;4;3;0;5;0;0;1;0;0;0;0;0;809055,0397;5828800,088;13,55622098;52,52146331
140730;11;4;4030417;4300414;2020;7;17;7;3;5;3;0;1;1;0;0;0;0;0;791538,0664;5826830,343;13,29706524;52,51345316
140731;11;7;7040401;7400721;2020;7;8;6;3;5;2;0;1;1;0;0;0;0;0;797749,1749;5822532,348;13,38448334;52,47157156
140732;11;5;5010207;5100209;2020;7;11;3;3;5;2;0;0;1;0;1;0;0;0;783319,5945;5830773,807;13,1796475;52,5531425
140733;11;8;8010303;8100314;2020;7;14;6;3;2;7;0;0;0;0;1;0;1;0;800682,131;5824253,52;13,42908489;52,4853926
140734;11;2;2040502;2400521;2020;7;0;6;3;0;2;2;1;0;0;0;0;1;0;800940,41;5828520,517;13,43673371;52,52349643
140735;11;8;8010301;8100312;2020;7;11;2;3;0;2;0;1;0;0;0;0;1;0;801464,7982;5823891,046;13,44024833;52,4817121
140736;11;6;6010205;6100205;2020;7;17;5;3;2;6;0;0;1;0;0;0;0;0;795810,0472;5819681,99;13,35349298;52,44707369
140737;11;9;9041501;9401534;2020;7;6;5;2;0;3;0;1;0;0;0;0;0;1;810869,961;5820326,084;13,57498327;52,44449194
140738;11;9;9051901;9501939;2020;7;20;1;3;0;1;1;0;0;0;1;0;0;1;810888,6884;5821463,641;13,57631661;52,45467561
140739;11;4;4010102;4100101;2020;7;20;7;3;3;6;0;0;1;0;0;0;0;0;793353,7475;5829676,97;13,32625577;52,53799833
140740;11;2;2030302;2300315;2020;7;13;3;3;5;2;0;0;0;0;1;0;1;0;800668,7062;5825803,961;13,43028689;52,49929709
140741;11;3;3071536;3701554;2020;7;18;5;2;6;4;0;0;1;1;0;0;0;0;798885,3165;5829865,227;13,40774237;52,5366802
140742;11;1;1022106;1200522;2020;7;13;1;3;0;2;0;1;1;0;0;0;0;1;794316,3126;5828379,579;13,33925836;52,52584907
140743;11;11;11020514;11200513;2020;7;17;1;3;5;3;0;1;1;0;0;0;0;0;804671,701;5830737,516;13,49359304;52,54129422
140744;11;12;12214527;12200515;2020;7;12;3;3;2;6;0;0;1;0;0;0;0;0;790596,5127;5834497,364;13,28993886;52,58269005
140745;11;6;6040703;6400737;2020;7;13;7;2;3;6;0;1;0;0;0;0;0;0;784502,9318;5817255,592;13,18551031;52,43131944
140746;11;5;5010209;5100211;2020;7;16;5;3;1;5;0;1;1;0;0;0;0;0;782792,3898;5829570,473;13,17086764;52,54262707
140747;11;5;5010313;5100315;2020;7;10;3;2;5;3;0;0;1;0;1;0;0;0;784675,792;5829706,006;13,19868104;52,54286146
140748;11;1;1033102;1300733;2020;7;2;6;3;1;5;2;0;1;0;0;0;0;0;797426,7818;5831866,827;13,38809411;52,55542001
140749;11;8;8010214;8100209;2020;7;12;5;3;2;7;0;0;1;0;0;0;1;0;801635,4789;5822320,404;13,44133366;52,46753986
140750;11;1;1011201;1100205;2020;7;16;2;3;5;2;0;1;1;0;0;0;0;1;797471,0465;5826799,263;13,38420998;52,50997128
140751;11;7;7050503;7501031;2020;7;16;5;3;2;2;0;1;1;0;0;0;0;0;799105,2361;5819853,049;13,4019875;52,44681433
140752;11;1;1022202;1200624;2020;7;20;4;3;5;2;0;0;1;0;0;0;0;0;795665,6085;5829739,16;13,36029855;52,53730643
140753;11;7;7030301;7300517;2020;7;18;1;3;3;6;0;0;0;0;1;0;1;1;794411,7596;5822341,188;13,33532344;52,47166688
140754;11;8;8010404;8100417;2020;7;17;7;3;5;3;0;1;1;0;0;0;0;0;802589,5286;5823076,161;13,45602066;52,4737862
140755;11;1;1033102;1300733;2020;7;19;3;3;5;2;0;1;1;0;0;0;0;0;796999,2298;5831504,466;13,38148209;52,5524052
140756;11;3;3050924;3500935;2020;7;18;6;2;4;6;0;1;0;0;0;0;0;0;801304,8827;5831326,022;13,44463306;52,54844115
140757;11;2;2010103;2100104;2020;7;12;5;3;2;6;0;0;1;0;0;0;0;1;798895,1305;5826272,151;13,40465802;52,50446805
140758;11;8;8010301;8100312;2020;7;20;6;3;5;3;0;0;1;0;1;0;0;0;801400,0503;5824136,456;13,43951964;52,4839475
140759;11;9;9041501;9401534;2020;7;7;3;3;5;3;0;1;1;0;0;0;0;0;810885,6831;5820660,769;13,57552526;52,44748231
140760;11;2;2030401;2300417;2020;7;13;6;3;5;3;0;1;1;0;0;0;0;0;800649,095;5825682,122;13,42988888;52,49821581
140761;11;6;6020409;6200421;2020;7;15;5;3;1;5;0;1;1;0;0;0;0;1;794121,3887;5817678,721;13,32695502;52,43002618
140762;11;10;10010308;10100311;2020;7;10;7;3;5;2;0;1;1;0;0;0;0;0;806558,5524;5829131,585;13,5198472;52,52584343
140763;11;3;3050924;3500935;2020;7;15;5;3;6;4;0;0;1;1;0;0;0;0;801401,7618;5831491,949;13,44620807;52,54987477
140764;11;10;10010308;10100311;2020;7;15;3;3;5;2;0;1;1;0;0;0;0;0;807456,2066;5829172,146;13,53307461;52,52570149
140765;11;5;5040938;5400945;2020;7;21;6;2;0;7;2;1;0;0;0;0;0;0;780764,2661;5819204,889;13,13230243;52,45073036
140766;11;2;2050801;2500830;2020;7;14;5;3;5;3;0;1;0;0;0;0;1;0;802437,2194;5827409,939;13,45771902;52,51271422
140767;11;10;10010203;10100205;2020;7;14;2;3;0;2;0;0;1;0;1;0;0;0;808295,8278;5832814,543;13,54879143;52,55786985
140768;11;4;4030931;4501042;2020;7;18;4;2;1;5;0;1;1;0;0;0;0;0;794490,9866;5825875,014;13,33960903;52,50330292
140769;11;2;2050801;2500830;2020;7;22;7;3;0;1;2;0;0;0;1;0;0;0;802145,725;5827550,494;13,45356431;52,51413556
140770;11;10;10010311;10100316;2020;7;11;7;3;5;2;0;0;1;0;0;0;1;0;810317,8554;5831796,408;13,57757095;52,54759755
140771;11;11;11030720;11300721;2020;7;18;3;2;0;1;0;1;0;0;0;0;0;0;805387,8834;5830017,438;13,50345882;52,53443974
140772;11;4;4051655;4501153;2020;7;15;6;3;1;5;0;1;1;0;0;0;0;0;793972,4364;5823100,278;13,3295434;52,47870839
140773;11;8;8020620;8200624;2020;7;14;5;3;5;2;0;0;1;0;1;0;0;0;800515,2589;5820540,588;13,42329063;52,4522039
140774;11;2;2010101;2100101;2020;7;7;6;3;4;6;0;1;0;0;0;0;0;0;797420,4778;5825955,332;13,38271311;52,50243397
140775;11;8;8010301;8100312;2020;7;17;2;3;1;5;0;1;1;0;0;0;0;0;801139,656;5824124,809;13,43568609;52,48398678
140776;11;3;3061429;3601449;2020;7;3;6;3;0;1;2;1;0;0;0;0;0;1;801106,6919;5830757,956;13,44120406;52,54345911
140777;11;10;10040933;10400940;2020;7;21;1;3;5;2;2;1;1;0;0;0;0;1;812350,801;5823795,872;13,59994663;52,47474188
140778;11;8;8041035;8401241;2020;7;3;1;3;1;5;2;1;1;0;0;0;0;0;804580,2503;5818621,214;13,4811765;52,43275134
140779;11;2;2040503;2400522;2020;7;14;5;3;5;3;0;1;1;0;0;0;0;0;801916,7566;5827967,945;13,45057923;52,51800399
140780;11;2;2020205;2200211;2020;7;10;4;3;5;2;0;1;1;0;0;0;0;0;798311,1941;5824424,635;13,39442588;52,48822698
140781;11;6;6040702;6400736;2020;7;18;7;3;5;3;0;1;1;0;0;0;0;0;787190,9899;5817117,859;13,22482163;52,42867995
140782;11;5;5030731;5300737;2020;7;13;2;3;2;6;0;0;1;0;0;1;0;0;787973,1149;5829368,786;13,24687654;52,53810539
140783;11;2;2030302;2300315;2020;7;1;1;3;1;5;2;0;1;0;0;0;0;1;800476,5631;5825949,796;13,42759646;52,50071009
140784;11;8;8010405;8100418;2020;7;16;4;3;1;7;0;0;1;0;0;0;0;0;802173,839;5823487,581;13,45029192;52,47770392
140785;11;11;11051229;11501238;2020;7;19;7;3;5;2;0;1;1;0;0;0;0;0;804093,5443;5826004,085;13,48076713;52,49919317
140786;11;11;11020411;11200410;2020;7;17;3;3;5;3;0;1;1;0;0;0;0;0;806503,1383;5832280,088;13,52193729;52,5540919
140787;11;1;1044203;1401049;2020;7;16;6;3;1;5;0;1;1;0;0;0;0;0;795956,4211;5831941,184;13,36653605;52,55688756
140788;11;2;2040501;2400520;2020;7;13;5;2;0;1;0;1;0;0;0;0;0;1;801277,7093;5828758,853;13,44190616;52,52544641
140789;11;3;3020209;3200205;2020;7;14;6;2;6;2;0;0;1;1;0;0;0;1;798131,716;5835469,517;13,40169972;52,58732752
140790;11;10;10040830;10400837;2020;7;12;2;2;0;7;0;1;0;0;0;0;0;0;810885,7044;5827048,474;13,58147966;52,50472581
140791;11;1;1022103;1200517;2020;7;16;5;3;0;1;0;1;0;0;0;0;0;0;793613,9084;5829862,365;13,33024443;52,53952018
140792;11;7;7010102;7100102;2020;7;16;1;3;3;6;0;0;1;0;0;0;0;0;794987,2237;5825148,029;13,34625478;52,49651794
140793;11;6;6040703;6400737;2020;7;18;1;2;5;7;0;1;1;0;0;0;0;0;785359,9969;5817763,44;13,19851593;52,43542646
140794;11;3;3061131;3601142;2020;7;13;5;3;0;3;0;1;1;0;0;0;0;0;798657,3485;5831006,064;13,40541685;52,54703112
140795;11;1;1011401;1100415;2020;7;6;4;3;2;6;0;0;0;0;0;0;1;0;797467,1553;5829187,319;13,38628842;52,5313795
140796;11;12;12103219;12100204;2020;7;16;7;3;0;3;0;1;1;0;0;0;0;0;795627,1599;5833003,112;13,36263953;52,56658555
140797;11;1;1011301;1100308;2020;7;13;5;3;6;4;0;1;0;1;0;0;0;0;797005,9883;5828589,794;13,37897612;52,52627483
140798;11;8;8030829;8300934;2020;7;10;3;3;2;6;0;0;1;0;1;0;0;0;802862,918;5818693,257;13,45605848;52,43435055
140799;11;1;1044101;1400938;2020;7;13;6;3;2;2;0;0;1;0;1;0;1;0;794018,7827;5830174,785;13,33647346;52,54210253
140800;11;9;9041501;9401534;2020;7;13;5;3;2;6;0;0;0;0;1;0;1;0;811255,8513;5820186,811;13,58051288;52,44302433
140801;11;1;1011204;1100207;2020;7;12;5;3;1;5;0;1;0;0;0;1;0;0;797877,2312;5826728,041;13,39011363;52,50911122
140802;11;1;1011103;1100103;2020;7;12;3;3;5;3;0;0;1;0;1;0;0;0;795325,0878;5826174,963;13,3521279;52,50554092
140803;11;12;12103220;12100206;2020;7;15;6;2;5;5;0;0;1;0;1;0;0;0;794248,1792;5833682,373;13,34295592;52,57342171
140804;11;1;1011401;1100415;2020;7;11;5;3;0;6;0;1;0;0;1;0;0;1;797755,896;5829256,267;13,39059421;52,53183989
140805;11;7;7050501;7501030;2020;7;16;2;3;6;7;0;0;1;1;0;0;0;0;797931,226;5819775,786;13,38469551;52,44676274
140806;11;6;6040703;6400737;2020;7;19;5;2;5;2;0;1;1;0;0;0;0;0;787125,0529;5817227,561;13,2239487;52,42969813
140807;11;8;8020727;8200832;2020;7;18;5;3;5;3;0;1;1;0;0;0;0;0;801515,51;5817619,325;13,43533027;52,4254689
140808;11;1;1011302;1100309;2020;7;14;5;3;2;7;0;1;1;0;0;0;0;0;798529,4484;5828982,191;13,40171806;52,52896008
140809;11;3;3050925;3500936;2020;7;10;1;3;1;7;0;0;1;0;0;0;0;0;801827,9111;5831249;13,4522531;52,54746128
140810;11;12;12214125;12200414;2020;7;13;1;3;2;6;0;1;0;0;0;0;0;0;791824,5105;5831341,524;13,30523515;52,55374168
140811;11;6;6040805;6400839;2020;7;14;3;3;2;6;0;0;1;0;0;0;0;0;789394,577;5818103,344;13,25799444;52,4363541
140812;11;7;7040402;7400822;2020;7;12;7;2;3;6;0;1;1;0;0;0;0;0;796819,0085;5822133,248;13,37047452;52,46850021
140813;11;8;8010404;8100415;2020;7;11;5;2;5;2;0;0;0;0;0;0;1;0;802024,4712;5823488,291;13,44809993;52,4777929
140814;11;9;9041301;9401329;2020;7;9;3;3;5;3;0;0;1;0;0;0;0;0;812382,9334;5819052,851;13,59598177;52,43221988
140815;11;2;2040703;2400625;2020;7;1;6;3;0;1;2;1;0;0;0;0;0;0;801915,5415;5826638,064;13,44935494;52,50608487
140816;11;7;7010102;7100102;2020;7;11;5;3;5;7;0;0;1;0;0;0;0;0;795206,0707;5825597,881;13,34986784;52,50043221
140817;11;9;9030901;9300920;2020;7;15;2;3;1;5;0;1;1;0;0;0;0;0;808325,3494;5817709,856;13,53525036;52,42248575
140818;11;1;1022203;1200625;2020;7;15;5;2;3;6;0;1;0;0;0;0;0;0;794614,5267;5828452,629;13,34370609;52,52634284
140819;11;8;8020622;8200726;2020;7;19;4;3;2;6;0;0;1;0;0;0;0;0;801283,4675;5819671,532;13,4337774;52,44399142
140820;11;2;2030301;2300314;2020;7;19;7;3;2;6;0;0;1;0;0;0;0;0;800168,4718;5825863,702;13,42299377;52,50010795
140821;11;6;6040701;6400735;2020;7;14;7;3;0;2;0;1;1;0;0;0;0;0;782020,7302;5815649,328;13,14774305;52,41820189
140822;11;11;11010103;11100102;2020;7;8;2;3;2;2;0;0;1;0;0;0;1;0;808268,8423;5834029,883;13,54952372;52,56877669
140823;11;3;3030715;3300516;2020;7;16;5;3;2;6;0;0;1;0;0;0;1;0;800686,7403;5833720,398;13,43771374;52,57024381
140824;11;7;7010102;7100102;2020;7;20;4;3;5;2;1;0;1;0;0;0;0;0;794958,1529;5825654,926;13,34627672;52,50107765
140825;11;6;6030504;6300528;2020;7;19;1;3;0;7;0;0;0;0;1;0;0;1;790187,3129;5815256,251;13,26715351;52,41040889
140826;11;2;2030402;2300419;2020;7;20;7;2;5;3;0;1;0;0;0;0;1;0;801591,9381;5825954,805;13,44398272;52,5001397
140827;11;2;2020203;2200208;2020;7;23;3;3;6;4;2;1;0;1;0;0;0;0;797811,2215;5824934,355;13,38753981;52,49306899
140828;11;6;6010207;6100207;2020;7;4;7;3;1;5;2;0;1;0;1;0;0;0;794236,0264;5820216,631;13,33087084;52,45271588
140829;11;12;12214424;12200309;2020;7;11;5;2;5;2;0;1;1;0;0;0;0;0;793036,6788;5832664,426;13,32423092;52,56495
140830;11;5;5020625;5200629;2020;7;8;3;3;6;4;0;1;0;1;0;0;0;0;784635,6023;5828404,908;13,19697551;52,53121681
140831;11;4;4030828;4300624;2020;7;20;6;2;0;1;1;0;0;0;0;0;1;0;792984,3447;5826086,81;13,31766225;52,50601269
140832;11;6;6010103;6100103;2020;7;11;5;3;4;6;0;1;1;0;0;0;0;1;793945,5804;5821357,973;13,3276139;52,46310382
140833;11;7;7010102;7100102;2020;7;13;2;3;5;3;0;0;1;0;1;0;0;0;794959,1946;5825403,756;13,34606956;52,49882551
140834;11;9;9010302;9100306;2020;7;12;2;3;3;2;0;0;1;0;0;1;0;0;803060,824;5820924,993;13,46098489;52,45424406
140835;11;8;8010213;8100208;2020;7;17;4;3;0;1;0;1;0;0;0;0;0;0;801402,4822;5822966,922;13,43849825;52,47346335
140836;11;3;3030711;3300514;2020;7;19;7;3;2;7;0;0;1;0;0;0;0;0;801682,7762;5836309,715;13,4547224;52,5929005
140837;11;1;1022201;1200623;2020;7;18;3;3;0;6;0;1;1;0;0;0;0;0;795464,9483;5829564,399;13,35719326;52,53584868
140838;11;1;1011401;1100414;2020;7;18;6;3;0;7;0;1;1;0;0;0;0;0;796992,9053;5829725,459;13,37979846;52,53646191
140839;11;4;4031032;4500937;2020;7;11;5;3;5;3;0;1;0;0;0;0;1;2;791177,0452;5824965,719;13,29012946;52,49692972
140840;11;1;1044201;1401043;2020;7;5;6;2;6;4;0;1;0;1;0;0;0;0;795537,6467;5830766,839;13,35933161;52,54658806
140841;11;2;2030402;2300419;2020;7;19;3;3;0;7;0;0;1;0;1;0;0;0;801821,7058;5825758,631;13,44717951;52,49825435
140842;11;8;8030830;8300935;2020;7;13;6;3;2;6;0;0;1;0;0;0;0;0;802797,7722;5817492,377;13,45401586;52,42362299