OBJECTID;LAND;BEZ;LOR;LOR_ab_2021;UJAHR;UMONAT;USTUNDE;UWOCHENTAG;UKATEGORIE;UART;UTYP1;ULICHTVERH;IstRad;IstPKW;IstFuss;IstKrad;IstGkfz;IstSonstige;USTRZUSTAND;LINREFX;LINREFY;XGCSWGS84;YGCSWGS84
140843;11;6;6020303;6200313;2020;7;10;5;2;0;6;0;0;1;0;0;0;1;0;795262,0185;5818622,911;13,34451695;52,4378759
140844;11;8;8010211;8100206;2020;7;15;6;3;6;4;0;1;0;1;0;0;0;0;800428,9752;5823783,073;13,424944;52,48131515
140845;11;1;1011303;1100310;2020;7;6;3;2;6;2;0;0;1;1;0;0;0;0;799494,1095;5828789,989;13,41572271;52,52670818
140846;11;6;6020409;6200421;2020;7;12;6;2;5;7;0;0;1;0;1;0;0;0;793301,4657;5816498,829;13,31389536;52,41988887
140847;11;4;4030623;4300622;2020;7;21;1;2;5;3;2;0;1;0;0;0;0;0;792928,6891;5826976,535;13,31762764;52,51401865
140848;11;10;10030724;10300731;2020;7;11;1;3;6;4;0;0;1;1;0;0;0;0;809082,5947;5829194,068;13,55699193;52,52497842
140849;11;12;12214421;12200307;2020;7;11;7;3;5;2;0;0;1;0;1;0;0;0;793392,2921;5833166,407;13,32990627;52,56925845
140850;11;12;12214424;12200411;2020;7;14;4;3;3;6;0;0;1;0;0;1;0;0;793146,4235;5832268,172;13,32549527;52,56133872
140851;11;3;3061227;3601243;2020;7;19;7;3;6;4;0;1;0;1;0;0;0;0;799844,9959;5831531,572;13,42335339;52,55108907
140852;11;3;3030711;3300514;2020;7;16;3;2;5;3;0;0;1;0;1;0;0;0;800750,5255;5836079,254;13,44079234;52,59135117
140853;11;8;8020728;8200833;2020;7;16;6;3;2;6;0;0;1;0;0;0;0;0;801982,2607;5817617,513;13,44217221;52,42519526
140854;11;7;7030301;7300517;2020;7;8;5;3;5;2;0;0;1;0;0;0;0;0;794238,9553;5822031,68;13,33251376;52,4689854
140855;11;8;8010510;8100521;2020;7;17;6;3;5;3;0;0;1;0;0;0;1;0;803804,5564;5821740,949;13,47263875;52,46114451
140856;11;1;1033102;1300733;2020;7;16;2;3;1;7;0;1;1;1;0;0;0;1;797382,1414;5831869,969;13,38744042;52,55547255
140857;11;2;2030302;2300315;2020;7;23;5;3;5;2;2;1;1;0;0;0;0;0;800672,3508;5825803,538;13,43034003;52,49929129
140858;11;12;12103115;12100103;2020;7;3;7;3;1;7;2;0;1;0;0;0;0;0;795901,1169;5833743,973;13,36733058;52,57307776
140859;11;9;9020701;9200715;2020;7;14;1;3;5;2;0;0;1;0;0;0;0;0;807699,3469;5818374,531;13,52668493;52,42879506
140860;11;2;2030401;2300418;2020;7;17;1;3;5;2;0;1;1;0;0;0;0;0;801281,2633;5825356,544;13,4388787;52,49494898
140861;11;12;12214423;12200308;2020;7;12;2;3;0;1;0;1;0;0;0;0;0;0;792900,8207;5833860,759;13,32328886;52,57574763
140862;11;4;4051551;4501148;2020;7;10;6;3;2;2;0;0;1;0;0;0;0;0;792827,328;5823219,015;13,31283484;52,48038805
140863;11;12;12214125;12200412;2020;7;9;7;3;5;7;0;0;1;0;1;0;0;0;790760,5623;5833707,498;13,29166042;52,57552139
140864;11;4;4041344;4400835;2020;7;18;1;3;6;7;0;0;1;1;0;0;0;0;793120,3541;5821759,64;13,3158548;52,46714797
140865;11;9;9051701;9501736;2020;7;18;1;3;0;1;0;1;0;0;0;0;0;1;813669,452;5820759,782;13,61644516;52,44677975
140866;11;1;1022207;1200629;2020;7;8;5;3;5;2;0;1;1;0;0;0;0;0;794403,0998;5827614,109;13,33985635;52,51894026
140867;11;9;9041501;9401534;2020;7;9;4;3;5;3;0;1;1;0;0;0;0;0;811356,7199;5819895,27;13,58172052;52,44035426
140868;11;12;12301203;12500930;2020;7;17;7;3;5;3;0;1;1;0;0;0;0;0;792873,2325;5835190,572;13,32405801;52,58768353
140869;11;1;1044202;1401046;2020;7;8;5;3;5;2;0;1;0;0;0;0;1;0;794611,1323;5829879,014;13,34492045;52,5391312
140870;11;4;4030931;4501042;2020;7;11;3;3;5;3;0;1;1;0;0;0;0;0;794545,9071;5825993,978;13,34052105;52,50433972
140871;11;8;8010404;8100415;2020;7;14;6;3;2;6;0;0;1;0;0;0;0;0;801564,431;5823820,792;13,44164748;52,48102738
140872;11;9;9020802;9200819;2020;7;7;5;3;0;1;0;0;0;0;1;0;0;1;809772,3109;5820506,485;13,55905234;52,44673157
140873;11;7;7050505;7501134;2020;7;9;2;2;5;3;0;0;1;0;0;0;0;0;798775,1514;5819078,846;13,39645287;52,440055
140874;11;4;4030415;4300412;2020;7;17;5;3;5;2;0;0;1;0;1;0;0;0;790754,2166;5827560,697;13,28618531;52,52041919
140875;11;4;4010101;4100101;2020;7;8;7;2;6;2;0;0;1;1;0;0;0;0;791214,1779;5829723,933;13,29484017;52,53956692
140876;11;9;9010202;9100203;2020;7;10;5;3;6;4;0;0;1;1;0;0;0;0;803949,451;5823442,02;13,47631444;52,4763103
140877;11;1;1011401;1100415;2020;7;6;1;2;5;3;0;0;1;0;0;0;0;0;798311,4466;5829383,168;13,39887381;52,53267363
140878;11;7;7060604;7601340;2020;7;21;7;2;5;3;1;0;1;0;0;0;1;0;796590,1858;5815876,452;13,36156319;52,41253737
140879;11;3;3030716;3300517;2020;7;12;3;3;4;6;0;1;1;0;0;0;0;0;802853,6508;5834301,506;13,47011954;52,57425086
140880;11;9;9030901;9300920;2020;7;10;7;3;5;3;0;1;1;0;0;0;0;0;809033,8824;5816420,528;13,54444635;52,41053112
140881;11;6;6030503;6300526;2020;7;7;5;2;5;3;0;0;1;0;1;0;0;1;789349,5175;5817285,641;13,25662578;52,42904685
140882;11;12;12214527;12200515;2020;7;16;3;2;5;3;0;1;0;0;1;0;0;0;790138,1877;5835796,224;13,28433092;52,59457883
140883;11;1;1022206;1200628;2020;7;22;4;2;0;1;2;1;0;0;0;0;0;0;796122,3043;5828444,847;13,36585941;52,52545622
140884;11;3;3030715;3300516;2020;7;15;7;2;3;6;0;1;1;0;0;0;0;0;800737,7976;5833604,627;13,43835985;52,56917794
140885;11;7;7010102;7100102;2020;7;7;5;3;1;5;0;1;0;0;0;1;0;1;795580,208;5825122,775;13,35494184;52,49597073
140886;11;1;1011303;1100310;2020;7;10;3;3;5;3;0;1;1;0;0;0;0;0;799573,9461;5828456,553;13,41659564;52,52367558
140887;11;2;2030401;2300418;2020;7;3;6;2;0;7;2;0;1;0;0;0;0;0;801554,6884;5825238,558;13,44278722;52,49374045
140888;11;2;2020202;2200208;2020;7;7;5;3;5;2;0;1;1;0;0;0;0;1;797918,4937;5825263,185;13,38940923;52,49595803
140889;11;3;3071536;3701554;2020;7;1;2;3;0;7;2;1;1;0;0;0;0;0;799031,1542;5829254,465;13,40933667;52,53112564
140890;11;3;3061126;3601141;2020;7;16;5;3;5;2;0;1;1;0;0;0;0;0;799242,2395;5831771,564;13,41470647;52,55357167
140891;11;2;2010103;2100104;2020;7;5;7;3;5;3;0;1;1;0;0;0;0;0;799343,1557;5826192,384;13,41116737;52,50350744
140892;11;12;12231102;12400721;2020;7;20;4;2;0;1;0;1;0;0;0;0;0;0;791200,695;5839957,962;13,30363574;52,63131956
140893;11;6;6030503;6300526;2020;7;19;1;3;2;6;0;0;1;0;0;0;0;1;789467,409;5817466,019;13,25851103;52,43060165
140894;11;2;2050801;2500830;2020;7;18;7;3;1;1;0;1;1;0;0;0;0;0;802632,893;5827374,783;13,46056165;52,51229061
140895;11;9;9020502;9200511;2020;7;20;3;3;5;3;0;0;1;0;0;0;0;0;806821,4353;5821995,77;13,51713858;52,46174288
140896;11;3;3040818;3400831;2020;7;1;7;2;0;1;2;1;0;0;0;0;0;0;800005,8466;5833873,563;13,42783592;52,57199236
140897;11;3;3020307;3200309;2020;7;5;5;3;5;3;0;1;0;0;0;0;1;1;800429,0854;5836239,601;13,43620696;52,592966
140898;11;6;6030608;6300632;2020;7;14;6;3;5;3;0;0;1;0;0;0;1;0;791450,0559;5816678,18;13,28690396;52,42248591
140899;11;10;10030727;10300734;2020;7;8;3;3;5;2;0;1;1;0;0;0;0;0;809547,1361;5826906,024;13,56168901;52,50421024
140900;11;8;8010118;8100104;2020;7;13;6;3;1;5;0;1;1;0;0;0;0;0;800919,3277;5822358,643;13,4308577;52,46827752
140901;11;4;4030931;4501042;2020;7;4;5;3;9;1;1;0;1;0;0;0;0;0;794274,8881;5825953,64;13,33650401;52,50412435
140902;11;2;2010101;2100101;2020;7;13;2;3;5;7;0;0;1;0;1;0;0;0;797750,4103;5826078,091;13,3876692;52,50335443
140903;11;8;8010213;8100208;2020;7;22;1;3;5;3;2;0;1;0;0;0;0;0;801200,6129;5822628,491;13,4352296;52,47054125
140904;11;2;2050801;2500830;2020;7;21;6;3;2;6;1;0;1;0;1;0;0;0;802407,8844;5827432,8;13,45730884;52,5129354
140905;11;4;4030827;4300623;2020;7;22;5;3;6;4;2;1;0;1;0;0;0;0;792714,5985;5826110,342;13,31371998;52,50636844
140906;11;9;9010401;9100407;2020;7;14;2;3;3;6;0;0;1;0;1;0;0;0;806290,0871;5820915,429;13,50835117;52,45235849
140907;11;10;10040830;10400837;2020;7;18;4;3;0;7;0;1;0;0;0;0;0;0;810868,5858;5826954,149;13,5811402;52,50389028
140908;11;4;4051448;4501045;2020;7;21;7;3;5;7;1;0;1;0;0;0;0;0;793492,5236;5825172,986;13,32432262;52,49754752
140909;11;10;10040932;10400939;2020;7;12;7;3;0;2;0;1;1;0;0;0;0;0;812933,0756;5827910,044;13,61235551;52,51127608
140910;11;9;9051702;9501737;2020;7;18;3;3;5;3;0;0;1;0;1;0;0;0;813910,4879;5821809,487;13,62096661;52,45604786
140911;11;1;1011304;1100311;2020;7;23;6;3;1;5;2;0;1;0;0;0;1;0;800024,5976;5828524,07;13,42327897;52,52403297
140912;11;1;1011202;1100206;2020;7;21;5;3;5;2;1;1;1;0;0;0;0;0;797159,8237;5827689,563;13,38043272;52,51812145
140913;11;3;3040512;3400619;2020;7;16;6;3;0;1;0;0;0;0;1;0;0;1;795962,6181;5835563,736;13,36986037;52,58935653
140914;11;10;10030727;10300734;2020;7;5;3;3;5;3;0;0;1;0;1;0;0;0;809111,7095;5825589,517;13,55407257;52,49265884
140915;11;12;12214528;12400619;2020;7;11;6;3;5;3;0;1;1;0;0;0;0;0;787919,328;5836251,735;13,25206066;52,59984189
140916;11;4;4020311;4200309;2020;7;10;6;3;5;2;0;0;1;0;0;0;0;0;788873,4982;5827199,956;13,2582307;52,51818463
140917;11;9;9041301;9401329;2020;7;19;1;3;0;3;0;0;1;0;1;0;0;0;812091,175;5818053,654;13,59077187;52,42343216
140918;11;1;1011302;1100310;2020;7;6;1;3;3;6;0;1;0;0;0;0;0;0;799075,0648;5828998,867;13,40975213;52,52881049
140919;11;1;1011204;1100207;2020;7;12;6;2;1;5;0;1;1;0;0;0;0;0;798829,3692;5826714,237;13,40408887;52,50846676
140920;11;4;4030827;4300623;2020;7;13;4;3;2;6;0;1;1;0;0;0;0;0;792230,4737;5826493,25;13,30694354;52,51006066
140921;11;12;12103219;12100204;2020;7;18;7;3;5;2;0;1;1;0;0;0;0;0;795066,5877;5832477,612;13,35392567;52,56217902
140922;11;4;4041137;4400727;2020;7;12;3;3;5;3;0;0;1;0;0;0;0;0;791511,2266;5823581,944;13,29382759;52,48434586
140923;11;1;1011302;1100309;2020;7;15;6;3;5;2;0;1;1;0;0;0;0;0;798133,4497;5828443,544;13,39541493;52,52434853
140924;11;1;1011101;1100101;2020;7;16;4;3;0;1;0;1;0;0;0;0;0;0;794933,5245;5826295,791;13,34648263;52,50683587
140925;11;3;3071537;3701555;2020;7;19;7;3;5;3;0;0;1;0;0;0;0;0;799809,3768;5830027,621;13,42147221;52,53762825
140926;11;2;2020206;2200212;2020;7;17;3;3;5;2;0;1;0;0;0;0;0;0;799059,0948;5824559,656;13,40552904;52,48902808
140927;11;8;8041036;8401242;2020;7;17;6;3;2;3;0;1;1;0;0;0;0;0;805254,7614;5817233,271;13,48980066;52,41993568
140928;11;1;1033201;1300834;2020;7;20;5;3;5;3;0;1;1;0;0;0;0;0;798216,3143;5830906,31;13,39884256;52,54637857
140929;11;8;8041036;8401242;2020;7;14;6;2;5;2;0;0;1;0;1;0;0;0;805049,3204;5817550,26;13,48707803;52,42289132
140930;11;1;1011305;1100312;2020;7;19;2;2;2;6;0;1;0;0;0;0;0;0;799522,8682;5826727,281;13,41428834;52,50820337
140931;11;12;12214423;12200308;2020;7;6;6;3;5;3;0;1;1;0;0;0;0;0;792601,3772;5833866,226;13,31888748;52,57595771
140932;11;8;8020625;8200730;2020;7;17;1;3;5;2;0;1;1;0;0;0;0;1;801370,7945;5819267,283;13,43469379;52,44031987
140933;11;6;6030503;6300526;2020;7;18;1;3;5;3;0;0;1;0;1;0;0;0;789264,725;5818036,844;13,25603205;52,43582659
140934;11;5;5020626;5200631;2020;7;20;5;3;2;7;0;1;0;0;0;0;0;0;784762,2095;5826724,971;13,19739839;52,51608835
140935;11;4;4030931;4501042;2020;7;16;4;3;0;5;0;1;1;0;0;0;0;0;793784,7801;5825694,256;13,32907522;52,50206321
140936;11;1;1011105;1100102;2020;7;16;7;3;2;6;0;0;1;0;0;0;1;0;796587,7938;5826852,028;13,37128061;52,51092519
140937;11;12;12224230;12400617;2020;7;20;5;3;0;7;0;0;1;0;0;0;1;0;786217,9251;5836946,249;13,2276091;52,60696688
140938;11;3;3020209;3200205;2020;7;11;3;3;5;3;0;1;1;0;0;0;0;0;798127,4011;5835468,548;13,40163534;52,58732119
140939;11;8;8030829;8300934;2020;7;14;6;3;5;3;0;1;1;0;0;0;0;0;803571,985;5818133,528;13,46594855;52,42894068
140940;11;4;4030827;4300623;2020;7;19;5;3;2;7;0;1;1;0;0;0;0;0;792437,1246;5826118,224;13,30965036;52,5065879
140941;11;9;9020702;9200716;2020;7;9;2;2;3;6;0;1;0;0;0;0;0;0;809176,6521;5819268,801;13,54917082;52,43597667
140942;11;3;3040508;3400618;2020;7;17;5;3;5;3;0;1;0;0;0;0;0;0;796582,3768;5836107,299;13,3794687;52,59389135
140943;11;5;5010103;5100105;2020;7;16;6;3;0;6;0;0;0;0;1;0;1;1;784439,6522;5831822,437;13,19702166;52,5619607
140944;11;2;2010102;2100102;2020;7;6;5;3;0;6;0;0;1;0;1;0;0;1;798315,9156;5825613,142;13,3955594;52,49887787
140945;11;6;6030502;6300525;2020;7;18;5;3;5;2;0;1;1;0;0;0;0;0;790224,2763;5815013,047;13,26748459;52,40820888
140946;11;1;1011101;1100101;2020;7;11;2;3;5;2;0;1;1;0;0;0;0;0;794591,6924;5826066,984;13,34125825;52,50496945
140947;11;4;4030416;4300413;2020;7;15;5;3;5;2;0;1;0;0;0;0;1;0;790886,276;5827024,514;13,28765732;52,5155419
140948;11;2;2020204;2200210;2020;7;18;5;2;5;3;0;1;1;0;0;0;0;0;798696,8405;5824704,463;13,40033947;52,49052441
140949;11;5;5020419;5200423;2020;7;15;5;3;2;2;0;0;1;0;0;0;0;0;781987,0458;5828469,109;13,15808909;52,53316917
140950;11;7;7060603;7601238;2020;7;11;1;3;0;3;0;1;0;0;1;0;0;1;798325,1697;5815893,801;13,38701184;52,41175015
140951;11;1;1044101;1400938;2020;7;14;1;3;2;6;0;0;1;0;0;0;0;0;794401,7018;5830547,591;13,34243391;52,54523771
140952;11;7;7040401;7400721;2020;7;15;3;3;0;6;0;1;1;0;0;0;0;0;798764,6133;5823944,033;13,40065303;52,48367107
140953;11;4;4051655;4501153;2020;7;13;7;3;0;6;0;1;1;0;0;0;0;0;794453,3433;5823551,447;13,33700249;52,48249379
140954;11;3;3020307;3200310;2020;7;18;5;3;5;3;0;0;1;0;0;0;0;1;799989,6482;5838595,71;13,43187452;52,6143267
140955;11;5;5030730;5300736;2020;7;10;3;3;5;2;0;1;0;0;0;0;1;0;786208,0065;5829122,45;13,22071048;52,53682674
140956;11;11;11030619;11300620;2020;7;1;6;2;5;3;2;1;1;0;0;0;0;0;804147,6277;5829804,826;13,48503563;52,53322768
140957;11;2;2020206;2200213;2020;7;18;5;3;6;4;0;1;0;1;0;0;0;0;800270,5047;5824593,571;13,42334758;52,48866713
140958;11;11;11020412;11200411;2020;7;15;2;3;2;6;0;0;1;0;0;1;0;1;805973,5285;5831929,003;13,51382663;52,55124318
140959;11;6;6030608;6300632;2020;7;16;5;2;1;7;0;0;1;0;0;0;0;0;792048,6968;5817467,405;13,29637155;52,42924216
140960;11;1;1033203;1300836;2020;7;20;4;3;5;5;0;0;1;0;0;0;1;0;796399,8295;5830560,491;13,37182493;52,54426998
140961;11;7;7010101;7100101;2020;7;18;1;3;5;2;0;1;1;0;0;0;0;1;794499,5704;5825476,588;13,33938276;52,49972664
140962;11;3;3061429;3601449;2020;7;15;7;3;2;6;0;0;1;0;1;0;0;0;801684,9787;5830115,885;13,44912263;52,53738433
140963;11;2;2010103;2100104;2020;7;19;3;2;5;3;0;1;0;0;0;0;1;0;799235,4559;5826246,153;13,40963372;52,50404848
140964;11;8;8010211;8100206;2020;7;17;6;3;0;7;0;0;1;0;1;0;0;0;800603,6424;5823836,658;13,4275566;52,48169933
140965;11;4;4051656;4501151;2020;7;17;5;3;1;5;0;0;1;0;0;0;0;0;793363,0896;5823411,245;13,32087047;52,48182377
140966;11;9;9041501;9401534;2020;7;19;1;3;0;6;0;0;1;0;1;0;0;1;811208,5074;5820250,299;13,5798777;52,44362023
140967;11;7;7020201;7200307;2020;7;21;7;3;1;5;1;1;1;0;0;0;0;0;794454,2896;5824204,613;13,3375934;52,48834856
140968;11;9;9020501;9200510;2020;7;13;3;3;3;6;0;1;1;0;0;1;0;0;806546,439;5822362,6;13,51344055;52,46518487
140969;11;10;10020518;10200525;2020;7;10;7;3;4;2;0;1;0;0;0;0;0;0;813302,9497;5829897,589;13,61965972;52,52887405
140970;11;4;4051549;4501146;2020;7;16;5;3;5;2;0;0;1;0;1;0;0;0;792215,7497;5823886,973;13,30444054;52,48670379
140971;11;10;10030724;10300731;2020;7;8;3;3;5;3;0;0;1;0;0;0;1;0;809189,4615;5830203,878;13,55950119;52,53396742
140972;11;1;1011304;1100310;2020;7;20;6;3;2;7;0;0;1;0;1;0;0;0;799523,6858;5828116,105;13,41555047;52,5206516
140973;11;7;7010102;7100102;2020;7;16;5;2;3;6;0;0;1;0;1;0;0;0;795000,3203;5825638,436;13,34688151;52,50090703
140974;11;11;11030720;11300721;2020;7;13;2;3;5;3;0;1;1;0;0;0;0;0;804919,0199;5829941,714;13,49649833;52,53402357
140975;11;4;4041136;4400728;2020;7;14;2;3;5;3;0;0;1;0;0;0;1;0;790151,3799;5823157,75;13,27348912;52,48126722
140976;11;6;6010205;6100205;2020;7;15;6;3;5;3;0;1;1;0;0;0;0;0;795844,8952;5819910,47;13,35420659;52,449103
140977;11;4;4031032;4500937;2020;7;17;4;3;1;5;0;1;1;0;0;0;0;0;791141,3238;5825044,874;13,28967394;52,4976584
140978;11;2;2040703;2400625;2020;7;20;7;3;6;4;0;0;1;1;0;0;0;0;801793,8877;5826568,388;13,44750483;52,50552767
140979;11;3;3030715;3300516;2020;7;18;3;3;2;6;0;0;1;0;0;0;0;0;801042,1811;5833828,745;13,44304075;52,57101848
140980;11;9;9031101;9301126;2020;7;19;6;3;5;3;0;1;0;0;0;0;0;0;811452,7953;5817464,425;13,58086565;52,41851544
140981;11;10;10040933;10400940;2020;7;15;5;3;5;5;0;0;1;0;0;0;0;0;812319,5881;5824695,339;13,60033097;52,48282007
140982;11;11;11020514;11200513;2020;7;14;6;3;2;6;0;0;1;0;0;0;0;0;804362,5931;5830835,635;13,48913912;52,54234636
140983;11;10;10010308;10100311;2020;7;16;2;3;0;1;0;1;0;0;0;0;0;1;806845,6034;5830340,443;13,52518088;52,53651587
140984;11;6;6020302;6200312;2020;7;10;6;3;5;3;0;1;1;0;0;0;0;0;794256,8437;5819374,903;13,3304348;52,44515894
140985;11;2;2040703;2400625;2020;7;23;1;3;0;1;2;1;0;0;0;0;0;1;801200,4633;5826536,06;13,43875889;52,50556582
140986;11;10;10040828;10400835;2020;7;14;6;3;1;5;0;0;1;0;0;0;0;0;812640,0422;5828631,764;13,60872969;52,51791148
140987;11;9;9010301;9100304;2020;7;7;3;3;0;2;0;0;1;0;1;0;0;0;804753,894;5822294,975;13,48707439;52,46558149
140988;11;10;10040830;10400837;2020;7;12;6;3;5;3;0;0;1;0;1;0;0;0;810585,965;5825285,309;13,57543385;52,48909588
140989;11;4;4020311;4200309;2020;7;12;2;3;2;7;0;0;0;0;1;0;1;0;789060,6533;5827151,55;13,26093917;52,51765149
140990;11;7;7030301;7300517;2020;7;2;1;3;0;1;2;1;0;0;0;0;0;0;794708,234;5822791,329;13,34007326;52,47554227
140991;11;9;9020701;9200715;2020;7;15;4;3;2;6;0;0;1;0;0;0;0;0;808380,1092;5818927,839;13,53717608;52,4333706
140992;11;9;9010101;9100101;2020;7;14;7;3;5;3;0;0;1;0;0;0;0;0;802082,4647;5825007,757;13,4503282;52,49137994
140993;11;8;8020625;8200730;2020;7;17;3;2;2;6;0;0;1;0;0;0;0;0;801387,0721;5819251,466;13,43491827;52,44016912
140994;11;9;9051701;9501736;2020;7;16;6;3;2;6;0;0;1;0;0;0;0;0;813069,2537;5821437,389;13,60827782;52,45319589
140995;11;3;3040614;3400724;2020;7;15;5;3;0;1;0;0;0;0;1;0;0;1;799993,4714;5834479,687;13,42820225;52,57743201
140996;11;12;12231101;12400722;2020;7;12;6;3;2;6;0;0;1;0;0;0;0;1;790692,873;5837433,352;13,2939343;52,60895913
140997;11;10;10010308;10100311;2020;7;17;2;3;0;1;0;0;0;0;1;0;0;1;807325,4253;5828452,893;13,53048838;52,51932925
140998;11;4;4030930;4501041;2020;7;16;5;3;0;2;0;0;1;0;1;0;0;0;792950,971;5825359,856;13,31653237;52,49951372
140999;11;8;8020727;8200832;2020;7;16;1;3;5;7;0;0;1;0;1;0;0;0;801573,7545;5817483,097;13,43606146;52,42421574
141000;11;8;8010118;8100105;2020;7;17;1;3;0;1;0;0;1;0;0;0;0;0;800974,1123;5821932,135;13,43127707;52,46442441
141001;11;11;11041128;11401136;2020;7;20;4;3;5;3;0;1;1;0;0;0;0;0;806050,9742;5826595,752;13,51005651;52,50340171
141002;11;4;4020311;4200310;2020;7;15;7;3;2;3;0;1;1;0;0;0;0;0;789489,6066;5826782,993;13,2669225;52,51411975
141003;11;12;12103117;12100101;2020;7;11;4;3;5;2;0;0;1;0;1;0;0;0;795783,1215;5832578,444;13,36455523;52,56269411
141004;11;2;2020206;2200213;2020;7;19;1;3;3;6;0;0;1;0;0;0;0;0;799975,0903;5824734,558;13,41913675;52,49009327
141005;11;7;7040403;7400823;2020;7;19;4;3;5;2;0;1;1;0;0;0;0;0;797340,3363;5821934,689;13,37794949;52,46643684
141006;11;12;12214125;12200412;2020;7;9;4;3;2;6;0;0;1;0;0;0;1;0;789232,8985;5833657,268;13,26913634;52,57588514
141007;11;10;10020413;10200418;2020;7;18;7;3;5;3;0;1;1;0;0;0;0;0;811373,2928;5831554,111;13,59285854;52,54482409
141008;11;7;7020203;7200409;2020;7;14;4;3;0;1;0;0;0;0;1;0;0;1;795164,4977;5823909,711;13,34776159;52,48532144
141009;11;7;7010102;7100102;2020;7;12;3;3;1;5;0;1;1;0;0;0;0;0;794972,9848;5825117,021;13,34601819;52,49624767
141010;11;4;4030726;4500936;2020;7;13;6;3;5;3;0;1;1;0;0;0;0;0;792208,8578;5825357,506;13,30562911;52,49989054
141011;11;2;2020204;2200210;2020;7;8;4;3;5;3;0;0;1;0;0;0;0;0;798314,6976;5825380,183;13,39533287;52,49679036
141012;11;11;11051229;11501238;2020;7;15;2;3;6;2;0;0;1;1;0;0;0;0;803707,3067;5826242,175;13,47531198;52,5015422
141013;11;1;1033202;1300835;2020;7;18;5;3;5;2;0;1;1;0;0;0;0;0;797763,4432;5829744,481;13,39114252;52,53621198
141014;11;8;8010301;8100311;2020;7;18;5;3;2;6;0;1;1;0;0;0;0;0;800788,2731;5824398,307;13,43077396;52,4866319
141015;11;3;3030405;3300411;2020;7;11;5;3;5;3;0;1;0;0;0;0;1;0;804032,431;5839547,065;13,49227643;52,62060664
141016;11;2;2050801;2500830;2020;7;10;1;3;0;1;0;1;0;0;0;0;0;1;802232,122;5827518,38;13,45480444;52,51379986
141017;11;5;5010207;5100209;2020;7;9;7;3;2;6;0;0;1;0;0;0;0;0;783265,1172;5830285,696;13,17842971;52,54879434
141018;11;3;3071537;3701555;2020;7;12;3;3;0;7;0;0;0;0;0;0;1;0;799756,3197;5829900,022;13,42057718;52,53651372
141019;11;11;11030720;11300721;2020;7;12;7;3;2;6;0;0;1;0;0;0;1;0;804162,904;5829854,361;13,48530548;52,53366313
141020;11;4;4041241;4400832;2020;7;15;4;3;5;2;0;0;1;0;0;0;0;1;791867,5823;5822380,148;13,29800855;52,47338149
141021;11;5;5010209;5100211;2020;7;9;3;3;5;2;0;0;1;0;1;0;0;0;781905,797;5829565,512;13,15782467;52,54304205
141022;11;4;4030621;4300620;2020;7;20;6;3;5;3;1;1;0;0;0;0;0;0;793025,7734;5827607,898;13,31961027;52,51962642
141023;11;4;4051655;4501153;2020;7;22;4;2;5;3;2;0;1;0;0;0;0;1;794185,8265;5823111,427;13,33268623;52,47869342
141024;11;5;5020625;5200629;2020;7;15;2;2;2;6;0;0;1;0;1;0;0;1;784678,0365;5828604,33;13,19777018;52,53298267
141025;11;10;10030727;10300734;2020;7;10;3;3;0;3;0;0;0;0;0;0;1;0;809552,3521;5826713,988;13,56158709;52,50248631
141026;11;9;9020702;9200717;2020;7;2;6;3;0;6;2;1;1;0;0;0;0;0;809552,204;5819791,349;13,55516159;52,44044728
141027;11;1;1011302;1100309;2020;7;12;4;3;5;3;0;1;1;0;0;0;0;1;798548,4178;5828984,286;13,40199874;52,52896846
141028;11;8;8041035;8401241;2020;7;6;2;3;5;3;0;1;1;0;0;0;0;0;804634,7835;5818533,582;13,48189633;52,43193554
141029;11;1;1011305;1100312;2020;7;16;5;3;2;6;0;0;1;0;0;0;0;0;799696,6511;5827239,87;13,41730279;52,51270249
141030;11;4;4020311;4200310;2020;7;8;4;3;8;1;0;0;0;0;1;0;0;0;789632,0421;5826488,722;13,26875947;52,51140593
141031;11;11;11030619;11300620;2020;7;19;1;3;5;2;0;1;1;0;0;0;0;0;803553,4438;5829762,155;13,47626377;52,53317647
141032;11;1;1044203;1401048;2020;7;17;7;3;6;4;0;0;1;1;0;0;0;0;795636,8569;5830962,79;13,36096484;52,54829075
141033;11;8;8010213;8100208;2020;7;20;3;3;1;5;1;1;1;0;0;0;0;0;801192,836;5822657,536;13,43514167;52,47080588
141034;11;8;8030831;8301037;2020;7;4;7;3;5;3;2;0;1;0;0;0;0;0;804707,7973;5817806,569;13,48230459;52,42537883
141035;11;6;6020408;6200420;2020;7;22;4;3;0;7;2;0;0;0;1;0;0;1;792344,4538;5815579,797;13,29905987;52,41216183
141036;11;4;4030417;4300414;2020;7;8;3;3;5;2;0;1;1;0;0;0;0;0;790946,2615;5826751,524;13,28830012;52,51306255
141037;11;6;6040810;6400844;2020;7;13;6;3;1;7;0;1;1;0;0;0;0;0;790494,517;5819747,699;13,27555913;52,45051305
141038;11;2;2030302;2300316;2020;7;21;4;3;5;3;2;0;1;0;0;0;1;1;800625,1184;5826266,814;13,43006455;52,5034698
141039;11;6;6010206;6100206;2020;7;13;2;3;2;6;0;1;0;0;0;0;1;0;794721,1656;5820034,393;13,33782859;52,45082086