OBJECTID;LAND;BEZ;LOR;LOR_ab_2021;UJAHR;UMONAT;USTUNDE;UWOCHENTAG;UKATEGORIE;UART;UTYP1;ULICHTVERH;IstRad;IstPKW;IstFuss;IstKrad;IstGkfz;IstSonstige;USTRZUSTAND;LINREFX;LINREFY;XGCSWGS84;YGCSWGS84
141040;11;8;8010212;8100207;2020;7;17;1;3;5;3;0;1;1;0;1;0;0;0;801327,2854;5823578,964;13,43794748;52,47899072
141041;11;7;7040403;7400823;2020;7;16;4;3;5;3;0;1;1;0;0;0;0;0;797317,1761;5821758,523;13,37745261;52,4648703
141042;11;4;4051551;4501148;2020;7;19;7;3;5;2;0;0;1;0;0;0;1;0;793342,0288;5823072,075;13,32026283;52,47879455
141043;11;5;5030730;5300735;2020;7;15;5;3;5;3;0;0;1;0;0;0;0;0;786520,4196;5831496,91;13,22735264;52,55795116
141044;11;2;2050802;2500833;2020;7;19;4;3;1;5;0;1;1;0;0;0;0;0;802586,8277;5827015,103;13,45955793;52,50909238
141045;11;9;9020701;9200715;2020;7;22;7;3;0;1;2;1;0;0;0;0;0;0;807850,7948;5818443,146;13,52896854;52,42932481
141046;11;3;3050919;3500932;2020;7;14;7;3;5;2;0;1;1;0;0;0;0;0;802071,217;5832781,147;13,4572244;52,56105891
141047;11;4;4030930;4501041;2020;7;19;3;3;5;2;0;1;1;0;0;0;0;0;792951,8768;5825360,004;13,3165458;52,49951456
141048;11;8;8010214;8100209;2020;7;19;6;3;5;3;0;1;0;0;0;0;1;0;801802,5238;5821957,171;13,44345673;52,46419188
141049;11;2;2010102;2100102;2020;7;19;4;3;5;7;1;1;0;0;0;0;1;0;798029,7748;5825787,266;13,39151251;52,50059502
141050;11;7;7040401;7400721;2020;7;12;6;3;2;7;0;0;1;0;1;0;0;0;797297,0932;5823228,539;13,37846793;52,47805843
141051;11;6;6020304;6200314;2020;7;6;3;3;0;3;0;0;0;0;1;1;0;0;794861,8757;5817928,115;13,33803472;52,43186327
141052;11;2;2020203;2200209;2020;7;12;6;3;5;2;0;0;1;0;1;0;0;0;797452,6119;5824012,575;13,38145058;52,48500178
141053;11;11;11051331;11501340;2020;7;11;6;3;5;3;0;0;1;0;1;0;0;0;807973,9349;5823859,412;13,53576873;52,47779669
141054;11;12;12214421;12200307;2020;7;20;1;3;1;5;0;1;1;0;0;0;0;0;793428,0481;5833874,105;13,33105853;52,57558325
141055;11;1;1044101;1400938;2020;7;10;1;3;1;5;0;0;1;0;0;0;0;0;794381,8057;5829914,518;13,34158036;52,5395734
141056;11;9;9020501;9200510;2020;7;20;6;3;5;2;0;1;1;0;0;0;0;0;806580,0745;5822760,307;13,5142995;52,46873038
141057;11;4;4030724;4300415;2020;7;13;4;3;6;7;0;0;0;1;0;0;1;0;790660,1551;5826001,657;13,28344112;52,5064925
141058;11;10;10020622;10200629;2020;7;19;7;2;5;3;0;0;1;0;0;0;1;0;810330,2142;5827949,109;13,57416146;52,51311308
141059;11;1;1011204;1100207;2020;7;13;3;3;4;6;0;1;0;0;0;0;0;0;798484,0294;5827124,33;13,3993834;52,51233176
141060;11;9;9010301;9100304;2020;7;15;6;3;5;2;0;0;1;0;0;0;0;0;804474,4767;5821865,526;13,48258227;52,46188823
141061;11;5;5020420;5200422;2020;7;19;4;3;1;5;0;0;0;0;1;1;0;0;779557,167;5828535,953;13,12241635;52,53502035
141062;11;4;4030828;4300624;2020;7;12;2;3;0;3;0;1;0;0;0;0;1;0;793262,4562;5826099,558;13,3217593;52,50597755
141063;11;11;11041022;11401032;2020;7;17;5;3;5;2;0;1;1;0;0;0;0;0;806575,557;5827797,14;13,51886727;52,51387432
141064;11;2;2020206;2200212;2020;7;10;6;3;0;7;0;1;0;0;0;0;0;0;799515,755;5824529,653;13,41220762;52,4885088
141065;11;4;4030416;4300413;2020;8;16;3;3;2;3;0;1;1;0;0;0;0;0;790844,959;5827245,97;13,28724376;52,51754928
141066;11;1;1044201;1401045;2020;7;12;3;3;0;6;0;0;1;0;0;0;1;0;796490,4367;5831965,642;13,37441181;52,55681633
141067;11;9;9010402;9100409;2020;8;13;2;1;9;1;0;0;0;1;0;1;0;0;807243,4939;5818123,291;13,51977058;52,42679955
141068;11;1;1011402;1100416;2020;8;16;7;3;6;4;0;0;1;1;0;0;0;0;798630,65;5829367,661;13,40355173;52,53235984
141069;11;9;9051901;9501939;2020;8;7;5;3;3;6;0;0;1;0;1;0;1;0;810254,3694;5821456,451;13,56700493;52,45497157
141070;11;5;5020625;5200629;2020;7;10;6;3;2;6;0;0;1;0;0;0;1;0;784717,6527;5828569,633;13,19832292;52,53265088
141071;11;9;9051901;9501941;2020;8;10;2;3;2;2;0;0;1;0;0;0;0;0;812053,6701;5821202,964;13,59316198;52,4516758
141072;11;1;1022206;1200628;2020;7;13;6;2;0;1;0;1;0;0;0;0;0;0;795676,1513;5828181,324;13,35906799;52,52333611
141073;11;11;11030720;11300721;2020;8;15;4;2;1;5;0;0;0;0;1;0;1;0;804680,6066;5828701,259;13,4918576;52,5230393
141074;11;12;12214422;12200310;2020;7;11;3;3;2;6;0;0;1;0;0;0;0;0;791463,3843;5833059,959;13,30143327;52,56934042
141075;11;2;2040701;2400623;2020;7;10;6;3;5;7;0;1;1;0;0;0;0;0;800705,3084;5827778,154;13,43260782;52,51697216
141076;11;8;8041035;8401241;2020;8;7;4;2;5;3;0;0;1;0;1;0;0;0;805023,2182;5818884,558;13,48791228;52,4348648
141077;11;12;12302211;12601031;2020;7;11;3;3;0;1;0;1;0;0;0;0;0;0;792892,124;5836994,828;13,32593184;52,60384747
141078;11;7;7030303;7300619;2020;7;9;6;3;5;2;0;1;1;0;0;0;0;0;795823,3601;5820991,133;13,35484795;52,45880203
141079;11;2;2040703;2400625;2020;8;10;3;3;2;6;0;0;1;0;0;0;1;0;801726,0061;5826275,342;13,44624218;52,50293861
141080;11;2;2020203;2200208;2020;7;10;3;2;0;2;0;0;0;0;0;0;1;0;797844,2919;5824926,134;13,38801812;52,49297726
141081;11;9;9041401;9401431;2020;8;8;7;3;5;3;0;1;0;0;1;0;0;0;811673,1704;5820438,712;13,58686785;52,44504405
141082;11;7;7030301;7300517;2020;8;13;5;2;5;2;0;1;0;0;0;0;1;0;793904,9077;5822769,126;13,32826008;52,4757761
141083;11;12;12214424;12200309;2020;7;8;6;3;5;3;0;0;1;0;0;0;0;0;792909,9903;5833008,543;13,32267106;52,56810301
141084;11;10;10020620;10200627;2020;8;14;4;3;2;2;0;1;1;0;0;0;0;0;811317,7615;5829828,796;13,59042608;52,52939483
141085;11;11;11030619;11300620;2020;7;5;6;3;5;2;1;1;1;0;0;0;0;0;803526,9761;5829744,999;13,4758591;52,53303745
141086;11;5;5020625;5200629;2020;8;15;4;3;0;6;0;0;0;0;0;1;1;0;784759,3307;5828727,037;13,19907055;52,53404039
141087;11;12;12214424;12200309;2020;7;5;6;3;3;2;1;0;1;0;0;1;0;0;793219,8446;5832395,693;13,32668795;52,56244234
141088;11;1;1044203;1401049;2020;8;19;4;3;3;6;0;0;1;0;1;0;0;0;796104,9021;5831991,359;13,36876457;52,55725661
141089;11;3;3010102;3100102;2020;7;10;3;3;5;3;0;0;1;0;0;0;0;0;804814,197;5841408,215;13,50550506;52,63684865
141090;11;11;10010203;10100205;2020;8;8;1;3;5;3;0;1;1;0;0;0;0;0;807664,5064;5833598,912;13,54023554;52,56525627
141091;11;10;10040931;10400938;2020;8;17;5;3;5;3;0;1;1;0;0;0;0;0;812865,7014;5828233,456;13,61167;52,51421284
141092;11;1;1011202;1100206;2020;7;1;6;3;5;2;2;1;1;0;0;0;0;0;797901,4297;5828175,989;13,3917655;52,52207705
141093;11;1;1022104;1200519;2020;8;13;3;3;3;6;0;1;1;0;0;0;0;0;793717,6488;5829120,112;13,33111362;52,53281039
141094;11;7;7020202;7200308;2020;7;9;3;3;5;2;0;1;0;0;0;0;0;0;794765,3551;5823720,604;13,34173336;52,48384184
141095;11;11;11030720;11300721;2020;8;11;7;2;0;1;0;1;0;0;0;0;0;0;804346,0265;5829081,597;13,48728946;52,52663496
141096;11;2;2040703;2400625;2020;8;11;5;3;2;2;0;1;1;0;0;0;0;0;801754,1888;5826263,21;13,44664513;52,50281428
141097;11;7;7010101;7100101;2020;7;0;6;3;0;7;2;0;1;1;0;0;0;0;794807,7758;5825869,776;13,34425801;52,50308489
141098;11;4;4030828;4300624;2020;8;22;4;3;0;1;2;0;0;0;1;0;0;0;792752,6268;5826109,202;13,31427767;52,50633782
141099;11;2;2040703;2400625;2020;7;21;6;3;5;2;1;1;0;0;1;0;0;0;801759,5125;5826240,279;13,44670254;52,5026058
141100;11;7;7040402;7400822;2020;8;19;3;3;5;3;0;0;1;0;0;0;0;0;796607,8755;5821287,676;13,366624;52,46103507
141101;11;9;9051901;9501939;2020;7;8;3;2;5;3;0;1;1;0;0;0;0;0;809952,0737;5821593,775;13,56269787;52,45637372
141102;11;8;8041036;8401242;2020;8;19;1;3;2;2;0;0;1;0;0;0;0;1;805058,579;5817552,399;13,48721571;52,42290533
141103;11;8;8010213;8100208;2020;8;6;7;3;1;7;0;0;1;0;0;0;0;0;801491,505;5822591,965;13,43946606;52,4700534
141104;11;12;12214424;12200309;2020;8;16;5;3;5;2;0;1;1;0;0;0;0;0;793494,965;5832426,037;13,33076181;52,56256613
141105;11;6;6020410;6200422;2020;7;23;6;2;0;1;2;1;0;0;0;0;0;0;794871,2583;5816435,52;13,33685656;52,41847779
141106;11;7;7050501;7501029;2020;8;14;2;3;3;6;0;0;1;0;1;0;0;0;797504,0473;5820142,777;13,37875546;52,45028506
141107;11;1;1044202;1401046;2020;7;8;3;3;5;2;0;1;1;0;0;0;0;0;794896,6276;5830252,12;13,34944893;52,54232138
141108;11;5;5010208;5100210;2020;7;22;6;3;5;2;2;1;1;0;0;0;0;0;783711,8178;5830467,233;13,18515499;52,55018955
141109;11;1;1033101;1300731;2020;8;22;3;3;1;5;2;0;1;0;1;0;0;0;796909,268;5833068,632;13,38155852;52,56647513
141110;11;11;11030721;11300725;2020;7;7;3;3;1;5;0;0;1;0;0;0;0;0;805272,1058;5827905,96;13,49981898;52,51558067
141111;11;2;2050803;2500835;2020;8;6;7;3;1;5;1;0;1;0;0;0;0;0;802080,5376;5826376,021;13,45154078;52,50364484
141112;11;5;5010314;5100316;2020;8;17;5;3;5;3;0;0;1;0;0;1;0;0;784950,718;5829455,857;13,2025095;52,54047492
141113;11;4;4010101;4100101;2020;7;21;6;2;0;4;2;0;0;1;1;0;0;0;791249,945;5829731,184;13,29537241;52,53961281
141114;11;9;9010301;9100304;2020;8;11;3;3;2;6;0;0;1;0;0;0;0;0;804495,4752;5821721,055;13,48275861;52,46058168
141115;11;9;9051901;9501939;2020;7;6;3;3;5;7;0;0;1;0;1;0;0;0;810628,2264;5821037,47;13,57209947;52,4510045
141116;11;11;11020411;11200410;2020;7;12;6;2;2;6;0;0;1;0;0;0;0;0;805080,0286;5833065,414;13,50173415;52,56192925
141117;11;7;7020201;7200307;2020;8;9;4;3;1;5;0;1;0;0;0;1;0;0;794965,6394;5824044,597;13,34496094;52,48663808
141118;11;4;4051446;4501043;2020;7;19;6;3;5;2;0;1;1;0;0;0;0;0;792687,574;5825315,993;13,31262471;52,49926184
141119;11;3;3071638;3701659;2020;8;6;4;3;5;2;0;1;0;0;0;0;1;0;799655,1505;5829000,672;13,41827929;52,52850812
141120;11;1;1011301;1100308;2020;7;18;6;3;3;6;0;1;1;0;0;0;0;0;797555,268;5828690,648;13,38713902;52,52687936
141121;11;8;8041037;8401243;2020;8;17;3;3;2;7;0;0;1;0;0;0;0;0;805607,6874;5817703,472;13,49540378;52,42395296
141122;11;12;12302211;12601031;2020;7;0;3;2;0;1;2;1;0;0;0;0;0;0;793645,087;5836857,032;13,33689604;52,60220606
141123;11;10;10020622;10200629;2020;8;19;1;3;2;6;0;0;1;0;0;0;0;0;811145,3565;5829172,198;13,58727845;52,52360926
141124;11;4;4010102;4100101;2020;8;19;7;3;0;6;0;0;1;0;1;0;0;0;793346,0675;5829700,188;13,32616335;52,53821059
141125;11;10;10010102;10100104;2020;8;9;5;2;4;6;0;0;1;0;0;0;0;0;810377,4679;5833668,302;13,58019743;52,56433835
141126;11;1;1044101;1400937;2020;7;18;6;3;2;6;0;0;1;0;0;0;0;0;793998,2931;5832012,85;13,33779965;52,55859064
141127;11;5;5010101;5100104;2020;8;12;2;3;1;5;0;1;1;0;0;0;0;0;785262,1125;5831822,581;13,20912197;52,56153169
141128;11;1;1022207;1200629;2020;7;18;6;2;5;3;0;1;1;0;0;0;0;0;794895,9401;5827785,791;13,3472509;52,52021298
141129;11;9;9010402;9100408;2020;8;23;4;3;2;6;2;0;1;0;0;0;0;0;806388,5476;5820819,115;13,50970721;52,45144011
141130;11;9;9020701;9200715;2020;7;22;3;2;5;2;2;0;1;0;1;0;0;0;807699,9706;5818374,731;13,52669426;52,4287965
141131;11;3;3061430;3601450;2020;7;17;6;3;5;2;0;1;1;0;0;0;0;0;802342,1839;5829201,715;13,45795145;52,52882651
141132;11;4;4020208;4200206;2020;8;13;4;2;0;5;0;1;1;0;0;0;0;0;788496,1555;5825879,073;13,2515399;52,50654213
141133;11;5;5030832;5300841;2020;7;17;6;2;6;7;0;0;0;1;0;1;0;0;789732,5645;5829341,348;13,27272188;52,5369268
141134;11;7;7040405;7400927;2020;8;12;4;3;1;5;0;1;1;0;0;0;0;0;797943,462;5821256,815;13,38619636;52,46003189
141135;11;2;2010103;2100105;2020;7;16;6;3;5;3;0;1;1;0;0;0;0;0;799222,2442;5825759,835;13,40900267;52,49969659
141136;11;5;5010311;5100313;2020;8;13;4;3;2;7;0;0;1;0;0;0;1;0;785302,525;5830834,156;13,20886687;52,55264847
141137;11;7;7070701;7601442;2020;7;16;6;3;5;7;0;0;1;0;1;0;0;0;799603,567;5815438,304;13,40534349;52,40696906
141138;11;8;8040933;8401139;2020;8;14;3;3;5;3;0;0;1;0;0;0;0;0;803566,5346;5818641,511;13,46632978;52,43349673
141139;11;5;5010312;5100314;2020;7;20;3;3;2;2;0;1;1;0;0;0;0;0;784778,4209;5830365,354;13,20075565;52,54871951
141140;11;10;10020622;10200629;2020;8;19;1;2;5;2;0;0;1;0;0;0;0;0;811308,3823;5828499,694;13,58904425;52,5174897
141141;11;11;11010309;11100308;2020;8;13;7;3;0;2;0;1;0;0;0;0;0;0;804612,9538;5833363,745;13,49513899;52,56486451
141142;11;9;9041601;9401635;2020;8;15;5;3;9;1;0;0;0;0;1;0;0;0;816662,0984;5817389,907;13,65714139;52,4148589
141143;11;2;2030301;2300314;2020;7;15;6;3;5;3;0;1;1;0;0;0;0;0;799702,0891;5826016,312;13,41628114;52,5017322
141144;11;12;12301203;12500926;2020;8;9;2;3;6;4;0;0;1;1;0;0;0;0;793574,0599;5836122,261;13,3351988;52,59565772
141145;11;3;3061228;3601245;2020;7;15;6;3;5;3;0;1;1;0;0;0;0;0;800746,9092;5831302,64;13,43640791;52,5485399
141146;11;3;3030711;3300515;2020;8;15;4;3;2;2;0;0;1;0;0;0;0;0;801133,3451;5835053,986;13,44549467;52,5819499
141147;11;8;8010301;8100310;2020;7;20;3;3;5;2;1;0;1;0;1;0;0;0;801053,9798;5824925,459;13,43515144;52,49121046
141148;11;9;9030901;9300920;2020;7;15;6;3;5;2;0;1;1;0;0;0;0;0;808922,0655;5817990,711;13,54425704;52,42466627
141149;11;4;4041136;4400728;2020;8;7;4;3;5;3;0;0;1;0;0;0;1;0;790681,0439;5822696,372;13,28086442;52,47684922
141150;11;2;2030302;2300316;2020;7;20;3;3;5;3;0;1;1;0;0;0;0;0;800983,1102;5826065,006;13,43514041;52,50146359
141151;11;3;3061126;3601140;2020;7;14;6;3;5;2;0;1;1;0;0;0;0;0;798411,9276;5831802,081;13,40252371;52,55430076
141152;11;9;9010402;9100408;2020;8;9;3;3;5;2;0;1;1;0;0;0;0;0;806723,9087;5820286,475;13,51413766;52,44647835
141153;11;8;8010117;8100102;2020;7;20;3;3;6;4;0;1;0;1;0;0;0;0;800116,0342;5823264,529;13,41988297;52,47683927
141154;11;4;4030623;4300622;2020;7;19;3;2;5;2;0;1;1;0;0;0;0;0;793286,2877;5826689,915;13,32262958;52,51125705
141155;11;4;4020314;4200311;2020;7;14;6;3;2;6;0;0;1;0;0;0;0;0;790403,0488;5825747,412;13,27944187;52,50435009
141156;11;7;7010101;7100101;2020;8;18;3;3;1;5;0;1;1;0;0;0;0;0;794688,507;5825118,769;13,34184143;52,49641702
141157;11;2;2020203;2200208;2020;7;18;3;3;2;6;0;0;1;0;0;0;0;0;797291,1756;5824857,432;13,37983387;52,49266295
141158;11;5;5010101;5100104;2020;8;11;7;3;3;6;0;0;1;0;1;0;0;0;785220,044;5831766,087;13,2084545;52,56104722
141159;11;1;1033203;1300836;2020;8;14;5;3;5;2;0;1;1;0;0;0;0;0;796456,4682;5829954,887;13,37211728;52,53881057
141160;11;1;1033102;1300733;2020;7;22;5;3;6;2;2;0;1;1;0;0;0;0;797022,6058;5831484,411;13,38180791;52,55221268
141161;11;1;1033202;1300835;2020;8;17;2;3;6;7;0;0;0;1;0;0;1;0;797809,1714;5830444,189;13,39244187;52,54245897
141162;11;9;9020601;9200613;2020;7;21;5;3;0;2;1;0;1;0;1;0;0;0;805902,4542;5821818,312;13,50349184;52,46066761
141163;11;4;4020310;4200308;2020;8;14;4;3;2;6;0;0;1;0;0;0;0;0;790415,0764;5827311,799;13,28098371;52,51836854
141164;11;12;12214423;12200308;2020;7;17;5;3;5;3;0;1;1;0;0;0;0;0;792787,9684;5833377,432;13,32120152;52,57147556
141165;11;2;2050802;2500833;2020;8;18;4;3;0;1;0;1;1;0;0;0;0;0;802257,6896;5827116,264;13,45481486;52,51018153
141166;11;2;2050802;2500834;2020;7;17;3;3;1;5;0;1;1;0;0;0;0;0;802871,1266;5826616,677;13,46337167;52,50536357
141167;11;4;4031032;4500938;2020;8;1;1;2;5;3;2;0;1;0;0;0;0;0;791640,5798;5824505,85;13,29653562;52,49255953
141168;11;2;2020204;2200210;2020;8;19;5;3;2;6;0;0;1;0;0;0;0;0;798275,7735;5825307,293;13,39469593;52,49615826
141169;11;1;1011301;1100308;2020;7;17;5;3;6;4;0;1;0;1;0;0;0;0;797013,158;5828550,884;13,37904673;52,52592214
141170;11;5;5010101;5100101;2020;8;12;3;3;0;5;0;1;1;0;0;0;0;0;785130,5794;5832362,817;13,20765115;52,56644426
141171;11;8;8020619;8200623;2020;7;16;3;2;5;2;0;0;1;0;0;0;0;0;802275,2779;5820674,025;13,44923259;52,45242956
141172;11;3;3030715;3300516;2020;7;22;6;3;0;7;2;1;0;0;0;0;0;0;800454,3521;5832377,774;13,43307934;52,55833797
141173;11;8;8020625;8200730;2020;8;14;4;3;1;5;0;1;1;0;0;0;0;0;801637,0243;5817723,96;13,4372063;52,4263398
141174;11;1;1011401;1100415;2020;7;17;5;3;2;2;0;1;1;0;0;0;0;0;798328,7264;5829345,405;13,39909391;52,53232567
141175;11;10;10040931;10400938;2020;8;9;4;3;6;2;0;0;1;1;0;0;0;0;813476,8487;5829449,404;13,62179231;52,52475796
141176;11;8;8041037;8401243;2020;8;7;7;3;5;3;0;1;1;0;0;0;0;0;806230,1762;5817660,058;13,50448999;52,42321587
141177;11;1;1011105;1100102;2020;8;12;5;2;5;2;0;1;1;0;0;0;0;0;796588,83;5826876,575;13,37131771;52,51114467
141178;11;7;7070701;7601442;2020;7;17;5;3;5;2;0;0;1;0;0;0;0;0;799260,2404;5816264,994;13,40105038;52,4145671
141179;11;1;1011302;1100309;2020;8;15;4;2;3;6;0;0;1;0;0;0;1;0;798517,226;5829075,932;13,40162259;52,52980702
141180;11;2;2010102;2100103;2020;7;16;5;3;5;3;0;0;1;0;0;0;0;0;798417,6787;5825770,725;13,39719524;52,50023476
141181;11;9;9051702;9501737;2020;8;20;3;2;4;6;0;0;1;1;0;0;0;0;814693,0038;5821937,452;13,63256552;52,4567446
141182;11;8;8010213;8100208;2020;7;16;3;3;5;3;0;0;1;0;0;0;0;0;800989,6663;5822691,767;13,43219056;52,47122467
141183;11;8;8041038;8401244;2020;8;23;7;2;1;5;2;1;1;0;0;0;0;0;806107,2737;5815295,491;13,50052606;52,40209205
141184;11;3;3020209;3200205;2020;8;17;5;3;2;7;0;0;0;0;1;0;1;0;797807,6679;5835150,795;13,39664426;52,58464812
141185;11;10;10020622;10200629;2020;7;16;5;3;2;2;0;0;1;0;0;0;0;0;810967,9686;5828194,727;13,58375861;52,51495097
141186;11;9;9041501;9401534;2020;8;12;3;3;0;1;0;1;0;0;0;0;0;0;810826,0851;5820745,387;13,57472987;52,44827451
141187;11;1;1044201;1401044;2020;7;17;2;3;6;4;0;0;1;1;0;0;0;0;796417,482;5831025,323;13,37249932;52,54842709
141188;11;9;9020701;9200715;2020;7;16;5;2;2;6;0;0;1;0;0;0;0;0;808050,8655;5819744,334;13,53310083;52,44087365
141189;11;1;1011303;1100310;2020;8;11;4;3;5;3;0;1;0;0;0;0;1;0;799288,3803;5828849,12;13,41275246;52,52735117
141190;11;11;11030618;11300617;2020;7;15;5;3;2;6;0;0;1;0;0;0;1;0;803520,5624;5829724,106;13,47574576;52,53285376
141191;11;10;10020413;10200419;2020;8;13;4;3;5;2;0;1;1;0;0;0;0;0;811633,4499;5831512,947;13,59664391;52,54430648
141192;11;11;11040925;11400927;2020;7;15;5;3;4;1;0;0;1;0;1;0;0;0;803426,7727;5826604,133;13,47152165;52,50494242
141193;11;1;1011305;1100312;2020;8;16;3;3;5;2;0;1;1;0;0;0;0;0;799687,1707;5827210,076;13,41713668;52,51244065
141194;11;1;1011204;1100207;2020;7;20;2;3;5;3;1;0;1;0;0;0;0;0;797870,0971;5826770,901;13,39004717;52,5094993
141195;11;5;5020626;5200631;2020;8;18;1;3;5;3;0;1;1;0;0;0;0;0;784936,4064;5827672,963;13,20077065;52,52449705
141196;11;10;10030727;10300734;2020;8;17;7;3;2;6;0;0;1;0;1;0;0;0;809552,7346;5826695,429;13,56157546;52,50231978
141197;11;10;10010102;10100102;2020;8;8;5;2;5;3;0;1;1;0;0;0;0;0;809495,9667;5834651,814;13,5681519;52,57365388
141198;11;2;2020202;2200208;2020;7;14;5;3;5;2;0;1;1;0;0;0;0;0;797584,9597;5825324,505;13,3845655;52,49668965
141199;11;9;9020701;9200715;2020;8;7;3;3;5;2;0;0;1;0;0;0;0;0;808978,8516;5818114,138;13,54520351;52,42574036
141200;11;7;7010101;7100101;2020;7;18;2;3;0;7;0;0;1;0;1;0;0;1;794687,9296;5825219,263;13,34192186;52,4973182
141201;11;3;3030405;3300411;2020;8;18;1;3;0;6;0;0;1;0;1;0;0;0;804174,0101;5838979,678;13,49383954;52,61544228
141202;11;7;7070703;7601544;2020;8;17;5;3;2;6;0;0;1;0;0;0;0;0;799791,9225;5813977,164;13,40679656;52,39376869
141203;11;11;11041128;11401137;2020;8;2;7;2;6;4;2;0;0;1;0;0;1;0;806667,6533;5826665,307;13,51917745;52,50367885
141204;11;1;1022103;1200517;2020;8;17;5;3;3;6;0;1;1;0;0;0;0;0;794584,8593;5829763,09;13,34443142;52,53810623
141205;11;7;7040406;7400928;2020;7;14;5;3;5;3;0;1;1;0;0;0;0;0;800359,1644;5821681,052;13,42202648;52,46251221
141206;11;11;11030720;11300721;2020;8;15;2;3;5;3;0;0;1;0;0;0;0;0;805141,7639;5829994,592;13,49982057;52,53437283
141207;11;12;12214424;12200309;2020;7;14;5;3;0;7;0;1;0;0;0;0;0;0;793266,1067;5832516,514;13,32747526;52,56350052
141208;11;8;8010404;8100416;2020;8;14;4;3;0;7;0;1;0;0;0;0;0;0;801749,229;5823024,103;13,44363955;52,47378444
141209;11;1;1011303;1100310;2020;8;18;2;2;2;6;0;0;1;0;1;0;0;0;799478,907;5828779,771;13,41549009;52,52662494
141210;11;3;3040614;3400723;2020;7;13;5;3;5;3;0;1;0;0;0;0;0;0;799449,3274;5833978,901;13,41974387;52,57324299
141211;11;5;5030731;5300737;2020;8;8;4;3;2;6;0;0;1;0;0;0;0;0;787993,8048;5830157,745;13,24786471;52,5451678
141212;11;8;8041035;8401241;2020;7;13;5;3;4;6;0;1;1;0;0;0;1;0;804991,6143;5818835,132;13,48740374;52,43443944
141213;11;3;3061332;3601347;2020;8;15;3;3;3;6;0;1;0;0;1;0;0;0;799600,9637;5830955,459;13,41924529;52,54605943
141214;11;8;8020621;8200725;2020;7;14;2;3;6;4;0;0;1;1;0;0;0;0;799854,1702;5819043,566;13,41224787;52,43914822
141215;11;5;5030832;5300841;2020;8;17;1;3;0;1;0;1;0;0;0;0;0;1;789583,7616;5829289,182;13,27048863;52,53653821
141216;11;10;10040933;10400941;2020;8;13;7;3;5;3;0;1;1;0;0;0;0;0;812859,638;5825863,587;13,60935434;52,49297974
141217;11;1;1022103;1200517;2020;8;14;5;3;3;6;0;1;1;0;0;0;0;0;794582,3128;5829786,178;13,34441445;52,53831457
141218;11;11;11051330;11501339;2020;7;12;5;3;6;4;0;0;1;1;0;0;0;0;806643,0066;5824893,849;13,51718489;52,48781647
141219;11;4;4030930;4501041;2020;8;8;2;3;5;2;0;1;1;0;0;0;0;0;793134,0301;5825607,501;13,31943934;52,50163547
141220;11;1;7010101;7100101;2020;8;18;2;2;5;3;0;0;1;0;1;0;0;0;794697,6385;5826029,743;13,34278169;52,5045784
141221;11;6;6030501;6300524;2020;7;11;5;3;5;2;0;1;1;0;0;0;0;0;787530,7209;5817383,88;13,23003332;52,43088659
141222;11;10;10030724;10300731;2020;8;12;4;3;5;3;0;0;1;0;0;0;0;0;808790,4183;5828664,887;13,5522077;52,52040157
141223;11;9;9051901;9501941;2020;7;11;5;3;2;6;0;0;1;0;0;0;0;0;812053,0266;5821220,774;13,59316918;52,45183576
141224;11;2;2050803;2500835;2020;8;12;2;3;2;2;0;0;1;0;0;0;0;0;803102,4657;5826082,56;13,46628345;52,50044788
141225;11;2;2020204;2200210;2020;8;18;2;3;2;6;0;0;1;0;0;0;0;0;798330,3684;5825452,313;13,39562762;52,49742834
141226;11;11;11051332;9200512;2020;7;10;5;3;5;3;0;1;0;0;1;0;0;0;806969,3416;5823396,762;13,5205976;52,47421587
141227;11;4;4010102;4100101;2020;8;16;4;3;5;2;0;1;1;0;0;0;0;0;791840,3404;5830684,991;13,30489091;52,54784756
141228;11;1;1011202;1100206;2020;7;10;2;2;3;1;0;1;1;0;0;0;0;1;797673,692;5827980,9;13,38824423;52,5204527
141229;11;1;1033101;1300731;2020;7;9;5;3;5;3;0;1;1;0;0;0;0;0;797360,3523;5833006,408;13,3881383;52,56567117
141230;11;1;1022206;1200628;2020;8;19;4;3;5;2;0;1;1;0;0;0;0;0;796120,8462;5828441,918;13,36583537;52,52543075
141231;11;2;2040703;2400625;2020;7;16;2;3;5;3;0;1;1;0;0;0;0;0;801468,2864;5827265,489;13,44335349;52,51195587
141232;11;7;7050501;7501030;2020;7;9;5;3;3;2;0;0;1;0;0;1;0;0;798005,1382;5819646,07;13,38566413;52,4455597
141233;11;6;6010101;6100101;2020;8;10;3;3;5;3;0;1;1;0;0;0;0;0;792906,0937;5821481,457;13,3124656;52,46476904
141234;11;2;2040703;2400625;2020;7;16;2;3;5;3;0;1;1;0;0;0;0;0;801468,2864;5827265,489;13,44335349;52,51195587
141235;11;1;1011202;1100206;2020;8;10;7;3;1;5;0;1;0;0;0;0;1;0;797672,3614;5827988,786;13,38823173;52,52052411