OBJECTID;LAND;BEZ;LOR;LOR_ab_2021;UJAHR;UMONAT;USTUNDE;UWOCHENTAG;UKATEGORIE;UART;UTYP1;ULICHTVERH;IstRad;IstPKW;IstFuss;IstKrad;IstGkfz;IstSonstige;USTRZUSTAND;LINREFX;LINREFY;XGCSWGS84;YGCSWGS84
141236;11;9;9010301;9100304;2020;8;13;5;3;2;6;0;0;1;0;0;0;0;0;804615,4365;5822081,444;13,48484768;52,46374488
141237;11;9;9051801;9501838;2020;8;19;2;3;3;6;1;1;0;0;0;0;0;0;819411,5276;5819941,132;13,69986609;52,43612079
141238;11;10;10040933;10400941;2020;7;9;5;3;5;2;0;1;1;0;0;0;0;0;813024,8579;5824673,836;13,6106626;52,48222357
141239;11;12;12214527;12200515;2020;8;10;4;3;5;3;0;0;1;0;1;0;0;0;789978,0871;5834770,959;13,28107649;52,58547278
141240;11;5;5040934;5400942;2020;7;9;5;2;4;6;0;0;1;0;0;0;1;0;783676,3548;5824845,691;13,17983766;52,49980419
141241;11;8;8010211;8100206;2020;8;12;3;3;1;5;0;1;1;0;0;0;0;0;800372,2604;5824159,318;13,42445036;52,48471878
141242;11;1;1044201;1401043;2020;7;6;2;3;6;4;0;0;1;1;0;0;0;0;795688,4301;5830923,362;13,3616881;52,54790932
141243;11;4;4030417;4300414;2020;8;15;7;3;5;2;0;1;1;0;0;0;0;0;791755,4208;5827189,368;13,3005739;52,51655553
141244;11;1;1044203;1401049;2020;8;17;5;2;4;6;0;1;0;0;0;0;0;0;795752,089;5831898,764;13,36349305;52,55661831
141245;11;9;9051701;9501736;2020;7;9;5;3;4;6;0;1;0;0;0;0;0;0;812726,2212;5821164,246;13,60299046;52,45094453
141246;11;6;6030503;6300526;2020;8;19;4;3;5;2;0;1;1;0;0;0;0;0;789263,8486;5818038,189;13,25602035;52,43583911
141247;11;9;9020701;9200715;2020;7;18;2;2;5;3;0;0;1;0;0;0;0;1;807656,437;5819374,636;13,52697603;52,43778236
141248;11;8;8010211;8100206;2020;8;12;1;3;5;3;0;1;1;0;0;0;0;1;800461,1763;5823723,665;13,42536321;52,48076493
141249;11;12;12301203;12500926;2020;8;17;5;3;0;2;0;1;1;0;0;0;0;0;793862,995;5835438,771;13,3388458;52,58937468
141250;11;4;4020313;4200311;2020;7;8;5;3;0;2;0;1;1;0;0;0;0;0;790472,1518;5826691,832;13,28128126;52,5127801
141251;11;12;12214422;12200310;2020;8;7;3;3;1;5;0;1;1;0;0;0;0;0;791405,7593;5833094,59;13,30061586;52,56968173
141252;11;4;4030726;4500936;2020;7;14;2;3;5;2;0;1;1;0;0;0;0;0;791589,85;5825495,95;13,29665729;52,50146279
141253;11;10;10040933;10400940;2020;8;14;7;3;8;1;0;0;1;0;0;0;0;0;813148,9528;5826931,51;13,61460574;52,50238355
141254;11;11;11020513;11200512;2020;8;11;5;2;5;3;0;0;1;0;0;0;0;0;804100,4975;5831626,735;13,48601057;52,54958298
141255;11;1;1011301;1100308;2020;8;18;2;3;1;5;0;1;1;0;0;0;0;0;797081,1901;5829284,606;13,38070222;52,53246206
141256;11;4;4030623;4300622;2020;7;7;5;3;2;6;0;0;1;0;0;1;0;0;793565,6071;5826434,13;13,326508;52,50881381
141257;11;3;3061126;3601140;2020;8;9;4;3;0;6;0;1;1;0;0;0;0;0;798411,3922;5831472,544;13,40221965;52,55134723
141258;11;1;1022101;1200517;2020;7;8;5;3;0;2;0;1;0;0;0;0;1;0;793522,1387;5829121,142;13,32824052;52,53292495
141259;11;1;1011201;1100205;2020;8;19;3;3;5;2;0;1;0;0;0;0;1;0;797371,3395;5827048,12;13,3829675;52,51225636
141260;11;9;9052001;9502043;2020;7;12;2;3;5;7;0;1;1;0;0;0;0;0;810029,5767;5823281,208;13,56540227;52,47145205
141261;11;8;8041035;8401241;2020;8;17;1;2;5;3;0;1;0;0;0;0;1;1;804332,0949;5819421,355;13,47826602;52,44006097
141262;11;6;6030504;6300528;2020;8;11;7;3;5;3;0;1;1;0;0;0;0;0;789853,5432;5817279,577;13,26401298;52,42872567
141263;11;1;1022206;1200628;2020;8;16;5;3;5;2;0;0;1;0;0;0;0;0;795963,4485;5828342,415;13,36343355;52,52462426
141264;11;1;1011301;1100308;2020;7;9;4;3;5;7;0;1;0;0;0;0;1;0;797130,9228;5827860,469;13,38016069;52,51966918
141265;11;6;6030503;6300526;2020;8;8;2;3;6;7;0;0;1;1;0;0;0;0;789383,0256;5817277,259;13,25710999;52,42895397
141266;11;2;2040502;2400521;2020;7;9;2;3;0;3;0;0;1;0;0;0;1;0;801218,6819;5828646,932;13,44093735;52,52447585
141267;11;9;9041501;9401534;2020;7;23;4;3;0;1;2;1;0;0;0;0;0;0;810869,2592;5820666,41;13,57528962;52,44754221
141268;11;5;5030731;5300737;2020;8;16;4;3;1;5;0;1;1;0;0;0;0;0;787291,6502;5829787,462;13,2372186;52,54221874
141269;11;9;9010301;9100304;2020;7;22;4;3;5;2;2;0;0;0;1;0;0;0;804751,0554;5822297,904;13,48703541;52,46560932
141270;11;9;9020501;9200510;2020;8;11;3;3;3;6;0;0;1;0;0;0;0;0;806426,2428;5822988,69;13,51225175;52,47086352
141271;11;7;7040401;7400721;2020;7;11;2;3;5;3;0;1;0;0;0;0;1;0;797838,339;5822536,493;13,38579584;52,4715601
141272;11;4;4051447;4501044;2020;7;12;6;3;5;2;0;1;1;0;0;0;0;0;793203,7471;5824546,836;13,31952983;52,49208954
141273;11;1;1011103;1100103;2020;8;13;4;2;5;2;0;0;1;0;1;0;0;0;796011,3402;5826153,476;13,3621901;52,50497642
141274;11;2;2030301;2300314;2020;7;22;4;3;5;2;2;1;1;0;0;0;0;0;799901,1958;5825710,861;13,41893055;52,49888492
141275;11;12;12103218;12100205;2020;8;13;4;3;0;7;0;1;0;0;0;0;0;0;795583,5399;5834574,57;13,36339865;52,58069579
141276;11;3;3061429;3601449;2020;7;22;4;3;0;7;2;0;0;0;0;0;1;0;802017,5855;5830448,356;13,45431386;52,54018004
141277;11;8;8020622;8200727;2020;8;6;3;3;2;6;0;0;1;0;1;0;0;0;801312,6614;5819577,359;13,43412071;52,44313122
141278;11;1;1022206;1200628;2020;7;11;2;3;6;4;0;1;0;1;0;0;0;0;796341,7516;5828548,764;13,3691772;52,52626849
141279;11;1;1033101;1300731;2020;8;16;1;3;5;2;0;0;1;0;0;0;0;0;797093,0347;5833199,431;13,38437893;52,56754733
141280;11;10;10010102;10100104;2020;8;2;7;3;6;7;2;1;0;1;0;0;0;0;810210,0703;5833413,361;13,5774974;52,56214912
141281;11;9;9020701;9200715;2020;8;9;5;3;5;2;0;1;0;0;0;0;0;0;807814,4249;5818414,53;13,52840896;52,42908882
141282;11;9;9010301;9100304;2020;7;22;4;3;5;2;2;1;1;0;0;0;0;0;804388,0353;5821752,621;13,48121092;52,46092445
141283;11;5;5020625;5200629;2020;8;14;2;3;6;7;0;0;0;1;0;0;1;0;784339,7343;5828098,583;13,1923636;52,52862471
141284;11;11;11030720;11300721;2020;8;18;2;3;2;6;0;0;1;0;0;0;0;0;804856,13;5829962,093;13,49559271;52,53424139
141285;11;1;1044101;1400937;2020;7;21;4;3;1;5;2;1;1;0;0;0;0;0;794096,5396;5831475,899;13,33876896;52,55372419
141286;11;9;9020501;9200510;2020;8;16;4;3;5;2;0;1;1;0;0;0;0;0;806352,5983;5822135,64;13,51038781;52,46325948
141287;11;2;2020204;2200210;2020;8;20;2;3;5;3;0;0;1;0;0;0;0;0;798176,1528;5824842,175;13,39281655;52,49204349
141288;11;1;1033203;1300836;2020;7;20;4;2;0;3;1;0;1;0;1;0;0;0;796936,391;5830172,466;13,37936714;52,54049962
141289;11;6;6010102;6100102;2020;8;0;4;3;1;7;2;0;1;0;0;0;0;0;793626,7969;5820607,817;13,32227528;52,45655033
141290;11;8;8010301;8100310;2020;7;20;4;3;3;6;0;1;1;0;0;0;0;0;800934,8642;5824978,098;13,43344987;52,49174795
141291;11;12;12301203;12500926;2020;8;14;3;3;0;1;0;0;0;0;1;0;0;0;793583,7115;5835232,952;13,33455266;52,58768046
141292;11;10;10020414;10200421;2020;7;18;4;3;5;2;0;0;1;0;1;0;0;0;812072,9169;5830620,303;13,60226503;52,53605588
141293;11;1;1044101;1400938;2020;8;0;4;2;5;7;2;0;1;0;0;0;1;0;794259,481;5831244,186;13,34095995;52,55155903
141294;11;6;6040701;6400735;2020;7;18;4;2;1;5;0;1;1;0;0;0;0;0;784561,2341;5816544,453;13,18576044;52,42491284
141295;11;3;3061126;3601141;2020;8;16;3;3;2;6;0;0;1;0;1;0;0;1;799192,9408;5831774,946;13,41398456;52,55362907
141296;11;11;11030617;11300616;2020;7;10;2;2;5;3;0;1;1;0;0;0;0;0;803003,911;5829854,84;13,46827154;52,53431295
141297;11;12;12304313;12500825;2020;8;14;1;3;0;1;0;0;0;0;1;0;0;1;792426,323;5835113,086;13,31741172;52,58722933
141298;11;3;3020210;3200207;2020;8;15;7;3;5;2;0;1;1;0;0;0;0;0;800078,0766;5835886,643;13,43072101;52,58999616
141299;11;6;6010102;6100102;2020;8;6;5;3;5;2;0;1;0;0;0;0;0;0;793740,834;5820569,071;13,32391467;52,45614171
141300;11;4;4051446;4501043;2020;7;17;4;3;2;6;0;0;1;0;0;0;0;0;792832,8076;5824314,602;13,31387782;52,49020675
141301;11;7;7040403;7400823;2020;8;10;2;3;5;2;0;1;1;0;0;0;0;0;797210,8612;5820701,427;13,3749511;52,4554523
141302;11;1;1011201;1100205;2020;7;16;4;3;5;2;0;1;1;0;0;0;0;0;797464,3218;5826815,762;13,38412594;52,51012284
141303;11;12;12302110;12601235;2020;8;15;4;3;6;4;0;1;0;1;0;0;0;0;794915,68;5836312,816;13,35511806;52,59663997
141304;11;6;6020306;6200317;2020;7;10;2;3;2;6;0;0;1;0;0;0;0;0;796190,9154;5817180,436;13,35686427;52,42444288
141305;11;6;6040810;6400844;2020;7;16;4;3;5;3;0;1;1;0;0;0;0;0;790410,4445;5820903,327;13,27533061;52,46091819
141306;11;5;5030731;5300737;2020;8;7;4;3;5;3;0;1;1;0;0;0;0;0;787337,4052;5829810,292;13,23791118;52,54239929
141307;11;1;1033203;1300836;2020;7;10;2;3;9;1;0;0;1;0;0;0;0;0;796496,5676;5830393,8;13,37309849;52,54272313
141308;11;1;1033102;1300733;2020;7;16;4;3;6;4;0;0;1;1;0;0;0;0;797709,1292;5831759,311;13,39215001;52,554302
141309;11;9;9020802;9200819;2020;8;9;3;3;2;6;0;0;1;0;0;0;1;0;809985,4425;5819337,143;13,5610937;52,4361314
141310;11;1;1011306;1100313;2020;7;10;2;3;5;3;0;1;1;0;0;0;0;0;799901,6779;5826514,384;13,41966131;52,50608698
141311;11;6;6040703;6400737;2020;8;7;7;3;5;2;0;1;1;0;0;0;0;0;787767,5822;5821680,26;13,23720928;52,46928208
141312;11;7;7050501;7501029;2020;8;12;5;2;5;3;0;0;1;0;1;0;0;0;796870,0816;5819566,431;13,36894186;52,44546326
141313;11;1;1011401;1100415;2020;8;20;2;3;0;1;0;1;0;0;0;0;0;0;797850,9995;5829278,865;13,39201234;52,53199049
141314;11;2;2050602;2500729;2020;7;10;2;3;2;7;0;1;1;0;0;0;0;0;803376,2514;5827930,02;13,47198814;52,51685415
141315;11;1;1033202;1300835;2020;8;0;7;3;1;7;2;0;1;0;0;0;1;0;797468,934;5830558,54;13,38754204;52,54366984
141316;11;12;12231101;12400722;2020;8;14;5;3;6;2;0;0;1;1;0;0;0;0;791122,2363;5838269,814;13,30099324;52,61622796
141317;11;11;11020411;11200410;2020;7;16;4;3;5;7;0;1;1;0;0;0;0;0;805820,9257;5832300,791;13,51192543;52,55466092
141318;11;1;1022206;1200628;2020;8;8;2;3;0;3;0;0;1;0;0;0;1;0;796316,7148;5828129,113;13,36843531;52,52252035
141319;11;4;4030931;4501042;2020;7;16;4;3;3;6;0;1;0;0;1;0;0;0;794536,6353;5825977,843;13,34037057;52,50420008
141320;11;10;10030724;10300731;2020;8;12;4;3;5;2;0;1;1;0;0;0;0;0;809567,4479;5828027,03;13,56302982;52,51424479
141321;11;3;3040818;3400828;2020;7;15;4;3;2;6;0;1;1;0;0;0;0;0;800048,2025;5832598,707;13,42730598;52,56054218
141322;11;5;5020415;5200418;2020;8;19;4;2;5;3;0;1;1;0;0;0;0;0;779985,6076;5830065,12;13,13000526;52,5485121
141323;11;3;3071537;3701556;2020;7;9;2;3;0;3;0;1;0;0;0;0;1;0;799755,1405;5829487,879;13,42018814;52,53282018
141324;11;1;1011102;1100102;2020;8;6;1;3;9;1;1;0;1;0;0;0;0;0;796507,3117;5827706,181;13,3708593;52,51862558
141325;11;1;1011201;1100207;2020;8;17;5;3;5;3;0;1;1;0;0;0;0;0;797910,3865;5826572,123;13,39046117;52,5076955
141326;11;5;5010207;5100209;2020;7;15;4;3;2;6;0;0;0;1;0;0;1;0;783398,6723;5830279,067;13,18038842;52,54866544
141327;11;2;2020206;2200212;2020;8;13;3;3;2;6;0;0;1;0;1;0;0;0;799673,0826;5824505,806;13,41449632;52,48820872
141328;11;8;8020728;8200833;2020;7;8;2;3;1;5;0;0;1;0;0;0;1;0;801843,1827;5816753,468;13,43935355;52,4175273
141329;11;11;11040925;11400927;2020;8;9;7;3;0;1;0;0;0;0;1;0;0;0;804096,3849;5826413,605;13,48118279;52,50286199
141330;11;3;3050923;3500934;2020;8;11;5;3;3;6;0;1;0;0;0;0;1;0;800579,9128;5832205,361;13,43476977;52,55672332
141331;11;11;11020412;11200411;2020;7;15;4;3;6;2;0;0;1;1;0;0;0;0;805028,4632;5831482,309;13,49952121;52,54776977
141332;11;4;4030621;4300620;2020;8;9;4;3;5;2;0;1;1;0;0;0;0;0;793462,3948;5827523,871;13,32595264;52,51863837
141333;11;6;6020408;6200420;2020;7;15;4;3;5;3;0;1;1;0;0;0;0;0;792858,8557;5816467,147;13,30737768;52,41984188
141334;11;12;12304314;12500824;2020;8;17;3;3;5;2;0;1;1;0;0;0;0;0;790507,0828;5835338,125;13,28935983;52,59027512
141335;11;6;6020305;6200315;2020;7;8;2;3;9;1;0;0;1;0;0;0;0;0;795849,0002;5817728,469;13,35233534;52,42954061
141336;11;8;8010214;8100209;2020;7;15;4;3;5;2;0;1;1;0;0;0;0;0;801751,4353;5822053,178;13,44279381;52,46508063
141337;11;8;8010118;8100105;2020;8;10;4;3;2;6;0;0;1;0;0;0;0;0;801102,6202;5821926,462;13,43315784;52,46430276
141338;11;4;4010101;4100101;2020;7;15;4;3;5;2;0;1;1;0;0;0;0;0;790418,0169;5829043,524;13,28253941;52,53389196
141339;11;1;1011204;1100207;2020;8;14;3;3;5;2;0;0;1;0;1;0;0;0;798909,592;5827335,546;13,40582539;52,51399197
141340;11;2;2030301;2300314;2020;7;8;2;3;5;2;0;1;1;0;0;0;0;0;800043,4748;5825928,617;13,42121638;52,50075855
141341;11;1;1022104;1200520;2020;8;3;7;3;0;1;2;1;0;0;0;0;0;0;794574,1424;5828707,114;13,34333799;52,52864594
141342;11;2;2010102;2100102;2020;8;16;5;3;5;2;0;1;1;0;0;0;0;0;798232,8258;5825973,73;13,39466193;52,5021555
141343;11;11;11030619;11300620;2020;7;14;4;3;2;6;0;0;1;0;0;0;0;0;803840,2014;5829088,842;13,47986297;52,52698203
141344;11;3;3010102;3100102;2020;8;12;3;3;0;7;0;1;0;0;0;0;0;0;805620,9167;5842085,104;13,5180153;52,64246154
141345;11;1;1022204;1200626;2020;7;8;2;3;5;2;0;1;1;0;0;0;0;0;794830,6261;5828304,63;13,34675101;52,52489932
141346;11;2;2030302;2300315;2020;7;13;4;3;5;2;0;1;0;0;0;1;0;0;800400,2023;5825790,893;13,42633159;52,49932782
141347;11;2;2020203;2200209;2020;8;18;4;3;6;7;0;1;0;1;0;0;0;0;797038,234;5824293,964;13,37561695;52,48774974
141348;11;4;4010102;4100101;2020;8;19;2;2;5;2;0;0;1;0;0;0;0;0;793340,975;5829718,481;13,32610463;52,53837732
141349;11;3;3010102;3100102;2020;7;11;4;3;5;7;0;0;1;0;0;0;0;0;805166,658;5841132,236;13,51044239;52,63417734
141350;11;12;12301205;12500928;2020;8;21;4;2;0;1;1;0;0;0;1;0;0;0;792418,4452;5837300,701;13,31922762;52,60684444
141351;11;1;1011204;1100207;2020;7;11;4;3;5;3;0;1;1;0;0;0;0;0;798862,3739;5826771,389;13,40462504;52,50896097
141352;11;9;9020601;9200613;2020;8;4;3;2;2;6;1;0;1;0;0;0;0;0;805361,8249;5822408,444;13,49609925;52,46625905
141353;11;8;8041037;8401243;2020;7;7;2;3;5;3;0;1;1;0;0;0;0;0;805258,956;5817378,737;13,48999486;52,42123711
141354;11;2;2010103;2100104;2020;8;17;1;3;2;7;0;1;1;0;0;0;0;1;799555,8854;5826111,981;13,41421975;52,50267001
141355;11;12;12103116;12100102;2020;8;18;7;2;5;3;0;0;1;0;1;0;0;0;796611,2209;5833496,261;13,37755653;52,5704708
141356;11;7;7030303;7300619;2020;8;9;5;2;5;2;0;1;1;0;0;0;0;0;795412,3977;5821006,749;13,34883089;52,45916432
141357;11;7;7020204;7200413;2020;7;11;4;2;1;5;0;1;0;0;0;0;1;0;796110,1369;5823663,83;13,36142864;52,4826053
141358;11;7;7060601;7601236;2020;8;12;2;3;5;2;0;0;1;0;0;0;0;0;797144,137;5817013,676;13,37069349;52,42243122
141359;11;12;12214125;12200414;2020;7;10;4;3;2;6;0;0;1;0;0;0;0;0;791931,8216;5831485,927;13,30694042;52,55497871
141360;11;1;1044101;1400937;2020;8;16;4;3;2;6;0;0;1;0;0;0;0;0;793897,8931;5831526,979;13,3358927;52,55428931
141361;11;2;2010103;2100105;2020;8;13;1;3;5;2;0;1;1;0;0;0;0;1;799844,0158;5825763,408;13,41813805;52,49938734
141362;11;1;1011105;1100102;2020;8;18;5;3;5;3;0;0;1;0;0;0;0;0;796799,7205;5826214,563;13,37382585;52,50509571
141363;11;9;9010101;9100101;2020;8;19;7;3;1;5;0;1;1;0;0;0;0;0;802433,5952;5825501,239;13,45593209;52,4956086
141364;11;2;2040503;2400522;2020;8;6;5;3;5;2;0;0;1;0;0;0;1;0;801406,4698;5828751,113;13,44379133;52,52530586
141365;11;1;1022101;1200517;2020;7;10;4;2;5;2;0;1;1;0;0;0;0;0;793533,1868;5829137,407;13,32841729;52,5330648
141366;11;4;4030519;4300518;2020;8;21;2;3;1;5;2;0;1;0;0;0;0;0;792659,5457;5827916,545;13,31449978;52,52259
141367;11;6;6020303;6200313;2020;7;10;4;3;5;2;0;0;1;0;0;0;1;0;795192,2159;5818759,526;13,34361372;52,43913826
141368;11;9;9041501;9401534;2020;8;17;4;3;0;1;0;1;0;0;0;0;0;0;810990,3736;5820319,456;13,57674304;52,44436408
141369;11;11;11020411;11200410;2020;7;9;4;2;5;3;0;1;1;0;0;0;0;0;804920,6561;5832985,806;13,4993172;52,56130504
141370;11;5;5030832;5300841;2020;8;8;4;3;5;2;0;1;0;0;0;0;1;0;789770,3443;5829343,868;13,27327953;52,53692931
141371;11;1;1022103;1200517;2020;7;10;4;2;0;3;0;0;0;0;1;0;1;0;794171,6059;5829360,955;13,33799993;52,53472458
141372;11;10;10040830;10400837;2020;8;15;3;2;5;3;0;1;1;0;0;0;0;0;811207,5413;5826617,107;13,5858029;52,50067671
141373;11;4;4030930;4501041;2020;7;20;2;2;0;5;0;0;1;0;1;0;0;1;792957,6494;5825570,233;13,31681554;52,5013961
141374;11;3;3061227;3601243;2020;8;13;1;3;0;1;0;0;1;0;0;0;0;1;799437,657;5831385,076;13,41723159;52,55000003
141375;11;6;6020304;6200314;2020;8;13;7;3;0;2;0;1;1;0;0;0;0;0;794563,7103;5817695,165;13,33345651;52,42993561
141376;11;5;5020524;5200528;2020;8;16;5;3;0;1;0;0;0;0;1;0;0;0;783411,748;5826743,561;13,17756604;52,51695851
141377;11;6;6030610;6300634;2020;7;9;4;1;5;3;0;1;1;0;0;0;0;0;792932,5399;5817743,807;13,30957616;52,43124754
141378;11;5;5030833;5300840;2020;8;8;2;3;2;6;0;0;1;0;0;0;0;0;789181,4611;5829282,032;13,26456756;52,53668773
141379;11;9;9031001;9301025;2020;7;8;4;3;5;3;0;1;0;0;0;0;1;0;809919,5647;5815277,67;13,5563684;52,39978832
141380;11;1;1011402;1100416;2020;8;12;4;3;2;6;0;0;1;0;1;0;0;0;798090,727;5829971,709;13,3961574;52,53806986
141381;11;6;6030609;6300633;2020;7;7;4;3;6;7;0;1;0;1;0;0;0;0;792399,2913;5819182,992;13,30301413;52,44443502
141382;11;8;8010510;8100521;2020;8;19;4;3;6;4;0;0;0;1;1;0;0;0;802397,7788;5822682,088;13,45284894;52,47036028
141383;11;3;3020307;3200310;2020;7;18;2;2;0;7;0;0;0;0;0;0;1;0;799656,1014;5837839,022;13,42627759;52,60772837
141384;11;4;4030827;4300623;2020;7;19;2;3;0;1;0;0;0;0;1;0;0;1;792739,6966;5826271,828;13,31423072;52,50780265
141385;11;11;11010102;11100101;2020;7;6;4;2;0;7;0;0;1;0;0;0;0;0;806227,385;5835185,522;13,5205648;52,58028584
141386;11;5;5010101;5100101;2020;8;20;4;3;0;7;1;0;0;0;1;0;0;1;782924,3275;5834282,408;13,17682619;52,58480681
141387;11;8;8010211;8100206;2020;7;18;2;3;1;5;0;1;1;0;0;0;0;1;800431,3002;5823767,041;13,42496368;52,48117017
141388;11;8;8010404;8100415;2020;7;6;4;3;5;3;0;1;0;0;0;0;0;0;801148,0001;5823762,865;13,43548166;52,48073797
141389;11;8;8040933;8401139;2020;8;10;3;3;1;5;0;0;1;0;0;0;0;0;803594,3738;5818660,901;13,46675563;52,43365508
141390;11;8;8010118;8100104;2020;7;18;2;3;4;2;0;1;1;0;0;0;0;1;800230,1926;5822360,207;13,42074484;52,46867068
141391;11;8;8020621;8200725;2020;8;11;7;3;5;3;0;1;1;0;0;0;0;0;800728,892;5819414,526;13,42541127;52,44199303
141392;11;7;7010102;7100102;2020;8;14;5;3;5;3;0;1;1;0;0;0;0;0;795510,809;5825477,797;13,35423753;52,49919081
141393;11;1;1033201;1300834;2020;7;1;4;3;5;3;2;1;0;0;0;0;1;0;798243,458;5830080,786;13,39850052;52,53896403
141394;11;12;12214422;12200310;2020;8;18;2;2;6;4;0;0;1;1;0;0;0;0;792347,0923;5833942,746;13,31521321;52,57678034
141395;11;1;1044203;1401049;2020;7;15;4;3;2;6;0;0;1;0;0;0;0;0;795751,6047;5831898,302;13,36348551;52,55661443
141396;11;4;4020311;4200310;2020;8;14;4;3;2;6;0;0;1;0;1;0;0;0;789655,3808;5826498,167;13,26911063;52,51147822
141397;11;4;4020310;4200308;2020;7;7;3;3;0;2;0;1;0;0;0;1;0;0;790376,4459;5827305,551;13,28041053;52,51833309
141398;11;6;6030610;6300634;2020;8;13;4;3;3;6;0;0;1;0;1;0;0;0;792034,6444;5818922,13;13,29743631;52,44229127
141399;11;4;4051446;4501043;2020;7;18;2;3;5;2;0;1;1;0;0;0;0;1;792858,1631;5824323,286;13,31425783;52,490271
141400;11;2;2030302;2300315;2020;8;15;7;3;5;3;0;1;0;0;1;0;0;0;800784,9554;5825814,37;13,43200363;52,49932633
141401;11;5;5010311;5100313;2020;8;19;5;3;5;2;0;1;1;0;0;0;0;0;785462,8249;5830292,63;13,21075915;52,54770925
141402;11;9;9051901;9501941;2020;7;16;3;3;3;6;0;1;0;0;0;0;0;0;811790,5122;5821148,76;13,58925142;52,4513402
141403;11;7;7040405;7400927;2020;8;12;3;3;0;5;0;0;1;0;1;0;0;0;798463,956;5821010,271;13,39361399;52,45753791
141404;11;2;2030301;2300314;2020;7;17;2;2;5;2;0;1;1;0;0;0;0;0;800170,8622;5825879,213;13,42304286;52,50024567
141405;11;3;3061429;3601449;2020;7;9;6;3;5;3;0;1;1;0;0;0;0;0;801446,7299;5830945,493;13,44637327;52,54495199
141406;11;11;11010205;11100204;2020;8;16;4;2;0;6;0;0;1;0;1;0;0;0;806116,4572;5833794,844;13,51764901;52,56788484
141407;11;1;1033102;1300733;2020;8;12;1;3;2;6;0;0;1;0;0;0;0;1;798030,762;5831825,864;13,39693967;52,55472266
141408;11;5;5010312;5100314;2020;8;17;5;3;5;2;0;0;1;0;0;0;1;0;785217,1728;5829833,822;13,20675224;52,54372431
141409;11;1;1011201;1100205;2020;7;11;3;3;5;2;0;1;0;0;0;0;1;0;797012,3126;5826736,584;13,37741456;52,50965939
141410;11;1;1011204;1100207;2020;8;8;3;3;3;6;0;1;1;0;0;0;0;0;798521,999;5826770,693;13,39962406;52,50914109
141411;11;10;10020412;10200417;2020;7;17;2;3;6;4;0;0;1;1;0;0;0;0;811174,2464;5831810,052;13,59017255;52,54723136
141412;11;2;2040503;2400522;2020;8;9;7;3;5;3;0;0;1;0;0;0;0;0;801731,7154;5828113,548;13,44799252;52,51941144
141413;11;4;4030930;4501041;2020;8;11;5;3;2;6;0;0;1;0;0;0;0;0;792889,5825;5825517,047;13,31576887;52,50095584
141414;11;6;6030606;6300630;2020;7;16;3;3;0;2;0;0;1;0;1;0;0;0;793646,2638;5819220,425;13,3213412;52,44410235
141415;11;2;2010104;2100106;2020;8;9;4;3;5;3;0;1;1;0;0;0;0;0;799825,4496;5825702,912;13,41781091;52,49885528
141416;11;8;8010211;8100206;2020;7;15;3;2;0;6;0;0;1;0;1;0;0;0;800459,5791;5823651,016;13,42527429;52,48011463
141417;11;3;3061131;3601142;2020;8;19;3;3;3;6;0;1;0;0;0;0;0;0;799096,7099;5830371,142;13,4113052;52,54109899
141418;11;5;5020626;5200630;2020;7;16;2;3;6;4;0;0;1;1;0;0;0;0;783463,9071;5827631,271;13,17908921;52,52489083
141419;11;1;1011401;1100415;2020;8;2;7;2;0;1;2;0;0;0;0;0;1;0;797503,8774;5829193,353;13,38683358;52,53141355
141420;11;12;12224229;12400616;2020;8;16;5;3;5;3;0;0;1;0;1;0;0;0;786290,6635;5834328,293;13,22641705;52,58345712
141421;11;7;7040403;7400825;2020;7;15;3;2;2;6;0;0;1;0;1;0;0;0;797602,9321;5820787,896;13,38078116;52,45601407
141422;11;8;8010301;8100310;2020;8;18;2;3;0;1;0;0;0;0;1;0;0;0;800793,5285;5825040,377;13,43143066;52,49238408
141423;11;4;4010101;4100101;2020;7;15;2;3;5;2;0;0;1;0;0;0;0;0;791287,883;5830670,435;13,29675387;52,54801276
141424;11;8;8010404;8100417;2020;7;15;3;3;6;4;0;0;1;1;0;0;0;0;802409,1656;5822915,094;13,45322728;52,47244243
141425;11;10;10020414;10200421;2020;8;23;4;3;5;3;2;1;1;0;0;0;0;0;812065,3772;5830622,877;13,60215665;52,53608326
141426;11;2;2010102;2100102;2020;7;14;3;3;5;3;0;1;1;0;0;0;0;0;798310,629;5825628,01;13,39549507;52,49901403
141427;11;9;9010301;9100305;2020;8;8;4;2;2;7;0;0;1;0;1;0;0;0;805047,1238;5822750,906;13,49179419;52,46950419
141428;11;1;1033102;1300733;2020;7;13;3;2;0;1;0;0;0;0;1;0;0;0;797031,9455;5831478,968;13,38194039;52,5521588
141429;11;3;3061430;3601450;2020;8;22;4;3;0;7;2;1;0;1;0;0;0;0;802620,7511;5829523,313;13,46233806;52,53155439
141430;11;11;11040926;11400929;2020;7;13;3;2;5;3;0;0;1;0;0;0;0;0;804876,8768;5826485,666;13,49271178;52,50307232
141431;11;3;3061126;3601140;2020;8;6;3;3;2;6;0;0;1;0;0;0;0;0;798528,376;5831828,651;13,40426007;52,55447511
141432;11;3;3040512;3400619;2020;7;15;2;2;2;6;0;1;1;0;0;1;0;0;795637,2393;5834736,825;13,36433358;52,58212107