OBJECTID;LAND;BEZ;LOR;LOR_ab_2021;UJAHR;UMONAT;USTUNDE;UWOCHENTAG;UKATEGORIE;UART;UTYP1;ULICHTVERH;IstRad;IstPKW;IstFuss;IstKrad;IstGkfz;IstSonstige;USTRZUSTAND;LINREFX;LINREFY;XGCSWGS84;YGCSWGS84
141827;11;10;10010206;10100209;2020;8;11;4;2;5;3;0;0;1;0;1;0;0;0;809965,4844;5832052,628;13,57263019;52,55009425
141828;11;4;4020313;4200311;2020;8;23;5;2;3;6;2;0;1;0;0;0;0;0;790421,6714;5825996,237;13,27993252;52,50657091
141829;11;9;9051702;9501737;2020;8;22;5;3;4;6;2;1;0;0;0;0;0;0;813934,2084;5821819,902;13,62132435;52,45612757
141830;11;6;6020303;6200313;2020;8;17;5;3;5;2;0;0;1;0;0;0;0;0;795355,1582;5818456,547;13,34573613;52,43633425
141831;11;8;8010301;8100312;2020;8;23;4;3;1;1;2;1;1;0;0;0;0;0;801307,2223;5824649,445;13,43862051;52,48859677
141832;11;8;8010508;8100520;2020;8;18;5;3;5;3;0;0;1;0;1;0;0;0;803191,3141;5822723,677;13,46453317;52,47029322
141833;11;1;1044103;1400942;2020;8;8;7;3;5;2;0;0;1;0;0;0;1;0;794495,2127;5830685,829;13,34393147;52,54642638
141834;11;9;9020502;9200511;2020;8;7;4;3;5;3;0;0;1;0;0;0;0;0;807258,2426;5822163,017;13,52370162;52,46299637
141835;11;10;10010308;10100311;2020;8;18;5;3;5;2;0;1;1;0;0;0;0;0;806554,8742;5829154,445;13,51981423;52,52605038
141836;11;3;3020209;3200205;2020;8;18;6;3;5;3;0;0;1;0;1;0;0;0;797250,373;5834982,928;13,3882924;52,58344819
141837;11;1;1033203;1300836;2020;8;18;5;3;1;5;0;1;1;0;0;0;0;0;796935,3569;5831429,733;13,38047597;52,55177013
141838;11;5;5030730;5300736;2020;8;11;5;3;5;2;0;1;1;0;0;0;0;0;785717,937;5829289,887;13,21364865;52,53858511
141839;11;1;1022206;1200628;2020;8;14;3;3;5;2;0;1;0;0;0;0;1;0;795702,6545;5828178,234;13,35945474;52,52329403
141840;11;9;9020502;9200511;2020;8;22;5;3;0;1;2;1;0;0;0;0;0;0;807236,7576;5821825,401;13,52307563;52,45998266
141841;11;4;4041344;4400835;2020;8;13;1;3;5;2;0;1;1;0;0;0;0;0;793382,9364;5821960,333;13,31988556;52,46880617
141842;11;8;8010214;8100209;2020;8;21;5;3;5;2;2;1;1;0;0;0;0;0;801111,0517;5822185,343;13,43351516;52,46661854
141843;11;1;1011301;1100308;2020;8;17;4;3;5;7;0;1;1;0;0;0;0;0;796844,337;5828971,912;13,37694149;52,52978814
141844;11;4;4030725;4300416;2020;8;12;3;3;0;2;0;0;1;0;1;0;0;1;791728,2012;5826104,348;13,29922278;52,50684306
141845;11;4;4051652;4501149;2020;8;7;3;3;4;7;0;1;1;0;0;0;0;1;793686,9179;5824482,071;13,32656887;52,4912492
141846;11;4;4030417;4300414;2020;8;17;1;2;6;2;0;0;1;1;0;0;0;0;791778,2964;5827052,776;13,30079028;52,51531877
141847;11;11;11051229;11501238;2020;8;15;6;3;4;5;0;0;1;0;1;0;0;0;803307,6403;5826203,754;13,46940714;52,50142013
141848;11;12;12214125;12200412;2020;8;14;4;3;1;5;0;1;1;0;0;0;0;1;791663,2768;5833650,399;13,30489354;52,57452647
141849;11;4;4051446;4501043;2020;8;7;4;3;2;2;0;0;1;0;1;0;0;0;792860,6302;5824351,871;13,31431918;52,49052593
141850;11;12;12214424;12200309;2020;8;8;7;3;0;1;0;0;0;0;1;0;0;1;793212,7296;5832406,724;13,32659304;52,56254506
141851;11;8;8020625;8200730;2020;8;19;5;3;5;3;0;1;1;0;0;0;0;0;801409,4771;5818895,247;13,43492566;52,43696386
141852;11;7;7040401;7400721;2020;8;17;4;3;0;4;0;1;0;1;0;0;0;0;797813,783;5823058,326;13,38590132;52,47625114
141853;11;1;1033203;1300836;2020;8;16;3;3;0;1;0;0;0;0;1;0;0;0;796857,0329;5830640,11;13,37861833;52,54473475
141854;11;9;9020702;9200716;2020;8;19;3;3;0;1;0;1;0;0;0;0;0;0;808882,2438;5819336,489;13,54491629;52,43674962
141855;11;5;5010101;5100103;2020;8;9;5;3;4;2;0;1;1;0;0;0;0;0;786049,4819;5831801,131;13,22068711;52,5609263
141856;11;4;4051445;4500939;2020;8;12;3;3;0;5;0;0;1;0;1;0;0;1;791729,2881;5824410,984;13,29775544;52,49166166
141857;11;8;8010404;8100415;2020;8;12;2;3;3;6;0;1;1;0;0;0;0;0;801317,6457;5823816,318;13,43802046;52,4811235
141858;11;7;7070701;7601442;2020;8;15;4;3;5;2;0;1;1;0;0;0;0;0;799511,826;5815705,235;13,40423763;52,40941196
141859;11;2;2030302;2300315;2020;8;18;3;3;5;2;0;0;1;0;0;0;1;0;800671,7115;5825813,803;13,43033991;52,49938365
141860;11;6;6040703;6400737;2020;8;0;1;3;9;1;2;0;1;0;0;0;0;0;785436,363;5818399,37;13,20017933;52,44108844
141861;11;9;9020802;9200819;2020;8;7;6;3;5;3;0;1;1;0;0;0;0;0;810180,5887;5820400,423;13,56494198;52,44554962
141862;11;7;7040403;7400825;2020;8;16;4;2;5;2;0;0;1;0;1;0;0;1;797562,1809;5820790,124;13,38018518;52,45605623
141863;11;1;1033101;1300730;2020;8;21;3;3;5;3;1;0;1;0;0;0;0;0;796169,0315;5832279,675;13,36996504;52,55980619
141864;11;8;8010404;8100415;2020;8;14;3;3;2;6;0;1;1;0;0;0;0;0;801901,8366;5823562,606;13,44636701;52,4785268
141865;11;4;4051445;4500939;2020;8;1;6;3;5;2;2;0;1;0;0;0;0;0;792443,2313;5824098,429;13,30796669;52,48847765
141866;11;1;1011301;1100308;2020;8;16;5;3;3;6;0;1;0;0;1;0;0;0;797295,376;5829035,07;13,38362736;52,53010848
141867;11;11;11041128;11401136;2020;8;11;4;2;6;4;0;0;1;1;0;0;0;1;806027,7881;5826493,675;13,50962217;52,50249986
141868;11;3;3040614;3400725;2020;8;7;3;2;0;1;0;1;0;0;0;0;0;0;800042,742;5835612,298;13,42995252;52,58755665
141869;11;3;3051021;3501037;2020;8;12;5;3;4;7;0;1;0;0;0;0;1;0;802893,7453;5832266,012;13,46885106;52,55598498
141870;11;1;1033102;1300733;2020;8;15;7;3;3;6;0;1;1;0;0;0;0;0;797713,0167;5831817,113;13,39225901;52,55481799
141871;11;12;12214125;12200412;2020;8;17;5;2;5;2;0;1;1;0;0;0;0;0;790703,0054;5834317,984;13,29134883;52,58102505
141872;11;4;4041134;4400726;2020;8;13;4;3;5;3;0;0;1;0;0;0;0;1;791095,5726;5824381,292;13,28842204;52,4917338
141873;11;4;4030725;4300416;2020;8;9;3;3;2;6;0;0;1;0;0;0;0;0;791899,6985;5826309,172;13,30192202;52,50858753
141874;11;5;5010314;5100316;2020;8;13;5;3;6;4;0;0;0;0;1;0;1;0;785193,2188;5828922,169;13,20561741;52,53556305
141875;11;9;9010401;9100407;2020;8;12;3;3;0;2;0;1;0;0;1;0;0;0;805697,0909;5820386,495;13,49916791;52,44794983
141876;11;5;5020417;5200420;2020;8;22;2;3;1;7;2;0;1;0;0;0;0;0;781706,402;5829146,37;13,15453678;52,53938696
141877;11;5;5010103;5100105;2020;8;14;4;3;1;5;0;1;1;0;0;0;0;0;784124,9183;5830545,311;13,19129791;52,55067427
141878;11;5;5010314;5100316;2020;8;12;3;3;0;1;0;0;1;0;1;0;0;1;785334,2951;5829287,997;13,20800584;52,53876918
141879;11;6;6040703;6400737;2020;8;13;1;2;5;2;0;0;1;0;1;0;0;0;785009,3608;5817562,051;13,19320032;52,4338036
141880;11;8;8020625;8200730;2020;8;5;6;3;1;7;1;0;1;0;0;0;0;0;801453,4794;5818088,478;13,43484361;52,42970826
141881;11;1;1011401;1100415;2020;8;9;3;3;2;6;0;1;0;0;0;1;0;0;798237,7494;5829033,752;13,39747708;52,52958191
141882;11;2;2010104;2100106;2020;8;20;3;3;2;2;1;1;0;0;1;0;0;1;799878,2534;5825706,321;13,41858951;52,49885683
141883;11;12;12302107;12601236;2020;8;20;3;3;2;6;1;0;1;0;1;0;0;1;793877,3568;5836161,439;13,33969837;52,5958451
141884;11;11;11010308;11100307;2020;8;15;5;3;5;3;0;1;1;0;0;0;0;0;805201,2379;5833655,271;13,50405929;52,5671478
141885;11;4;4020311;4200310;2020;8;10;4;3;5;3;0;0;1;0;0;0;0;1;789175,0817;5826352,762;13,26192666;52,51042946
141886;11;12;12103117;12100101;2020;8;15;2;3;2;6;0;0;1;0;1;0;0;1;795808,548;5832589,618;13,3649392;52,56278046
141887;11;6;6040808;6400842;2020;8;19;4;3;5;2;0;1;0;0;0;0;1;0;789614,5037;5819809,854;13,26269979;52,45153723
141888;11;4;4041343;4400834;2020;8;18;3;3;5;3;0;1;1;0;0;0;0;0;792661,8387;5823065,325;13,31027007;52,47909897
141889;11;4;4030725;4300416;2020;8;7;3;3;5;7;0;1;1;0;0;0;0;1;791709,6234;5826147,625;13,29898776;52,50724095
141890;11;8;8041037;8401243;2020;8;16;2;3;5;3;0;1;1;0;0;0;0;0;805585,3809;5818535,169;13,49583664;52,43141961
141891;11;6;6030504;6300528;2020;8;10;4;3;2;6;0;0;1;0;0;1;0;0;790835,2383;5817589,429;13,27868046;52,43098258
141892;11;4;4041240;4400831;2020;8;12;3;3;5;3;0;0;1;0;0;0;0;1;790957,7608;5822385,939;13,28465643;52,47391881
141893;11;1;1022104;1200520;2020;8;11;3;3;2;6;0;0;1;0;0;0;1;1;794128,1523;5828463,102;13,33656673;52,52669934
141894;11;3;3020307;3200308;2020;8;8;2;3;2;6;0;0;1;0;1;0;0;0;800153,0387;5836453,132;13,43233757;52,59503232
141895;11;1;1011401;1100415;2020;8;13;4;3;5;3;0;1;1;0;0;0;0;1;798043,0917;5829410,451;13,3949538;52,53306498
141896;11;7;7040401;7400721;2020;8;18;3;3;5;3;0;1;1;0;0;0;0;0;797581,7909;5823265,213;13,38268025;52,47823211
141897;11;11;11030721;11300722;2020;8;19;7;3;5;2;1;1;1;0;0;0;0;1;803792,0754;5827707,433;13,47789414;52,51462771
141898;11;4;4030725;4300416;2020;8;12;6;3;2;6;0;0;1;0;0;0;0;0;791825,7228;5826109,632;13,3006602;52,50683826
141899;11;2;2020202;2200208;2020;8;8;3;3;5;2;0;1;1;0;0;0;0;1;797938,672;5825259,618;13,38970239;52,49591504
141900;11;1;1011202;1100206;2020;8;19;3;3;0;1;0;1;0;0;0;0;0;0;797655,4918;5828088,742;13,38807328;52,5214293
141901;11;8;8010508;8100520;2020;8;10;5;3;0;1;0;1;0;0;0;0;0;0;802909,6979;5823527,619;13,46113007;52,47765515
141902;11;9;9041403;9401433;2020;8;8;4;3;5;3;0;1;1;0;0;0;0;1;812413,9208;5819589,785;13,5969378;52,43701383
141903;11;1;2010102;2100102;2020;8;14;2;3;5;2;0;1;0;0;0;0;1;0;798033,8835;5826576,655;13,39227946;52,50766867
141904;11;2;2050801;2500832;2020;8;18;4;3;2;6;0;1;1;0;0;0;0;0;803582,5246;5827259,687;13,47440716;52,51073135
141905;11;2;2010103;2100105;2020;8;17;3;3;0;3;0;1;1;0;0;0;0;0;799139,9818;5825784,044;13,40781619;52,49995869
141906;11;4;4030931;4501042;2020;8;4;3;3;2;6;2;0;1;0;0;0;0;0;794369,676;5826063,712;13,3379938;52,50505994
141907;11;9;9051702;9501737;2020;8;12;1;3;0;6;0;1;0;0;0;0;0;0;814560,8107;5820805,253;13,62956015;52,44667517
141908;11;9;9031101;9301126;2020;8;18;6;3;0;1;0;1;0;0;0;0;0;0;811229,0124;5817688,365;13,57779392;52,4206496
141909;11;1;1022103;1200517;2020;8;8;4;3;5;2;0;0;1;0;0;0;0;0;793379,5026;5829578,386;13,32654738;52,53710071
141910;11;6;6030608;6300632;2020;8;12;7;2;1;5;0;1;1;0;0;0;0;0;791936,0364;5817770,27;13,29498366;52,43201749
141911;11;12;12103219;12100204;2020;8;19;5;3;5;3;0;0;1;0;0;0;0;0;795062,806;5832467,537;13,35386108;52,56209076
141912;11;2;2040703;2400625;2020;8;17;4;3;5;3;0;1;0;0;0;0;1;1;801743,1943;5826255,026;13,44647623;52,502747
141913;11;8;8010301;8100311;2020;8;17;3;3;1;5;0;1;1;0;0;0;0;0;800566,0034;5824440,461;13,42754844;52,48713215
141914;11;11;11051331;11501340;2020;8;17;3;2;5;2;0;1;1;0;0;0;0;0;807501,9581;5824462,4;13,52939727;52,48346668
141915;11;9;9020502;9200511;2020;8;10;5;3;0;7;0;0;1;1;0;0;0;0;806938,5482;5821867;13,51873854;52,46052304
141916;11;6;6020303;6200313;2020;8;18;7;3;5;2;0;1;1;0;0;0;0;1;795523,0201;5818638,372;13,34835902;52,43787353
141917;11;1;1011401;1100415;2020;8;13;5;3;0;1;0;1;0;0;0;0;0;0;798165,7117;5829350,46;13,39670236;52,53246019
141918;11;9;9020502;9200512;2020;8;20;4;3;5;3;2;1;1;0;0;0;0;1;808551,268;5821644,339;13,54219434;52,45761943
141919;11;5;5010312;5100314;2020;8;10;3;3;5;2;0;1;1;0;0;0;0;0;784822,5934;5830260,185;13,20131513;52,54775348
141920;11;1;1011302;1100309;2020;8;3;5;3;8;1;2;0;0;0;0;0;1;0;798658,1808;5828756,808;13,40340764;52,52686932
141921;11;5;5030730;5300735;2020;8;16;4;3;2;2;0;0;1;0;0;0;0;1;786522,533;5831603,098;13,2274754;52,55890208
141922;11;6;6010206;6100206;2020;8;13;2;3;5;3;0;1;0;0;0;0;0;0;794530,5608;5820050,813;13,3350464;52,45107078
141923;11;2;2020206;2200213;2020;8;17;4;3;6;7;0;0;1;1;0;0;0;0;800211,6674;5824811,942;13,42268037;52,49065684
141924;11;5;5010209;5100211;2020;8;17;3;2;2;7;0;0;1;0;0;0;0;0;781867,9307;5829583,06;13,15728267;52,54321899
141925;11;3;3061228;3601245;2020;8;2;3;2;0;1;2;1;0;0;0;0;0;0;800751,5582;5830929,561;13,43613842;52,54519336
141926;11;9;9020501;9200510;2020;8;17;1;3;5;2;0;1;1;0;0;0;0;0;805788,7471;5822881,744;13,50279787;52,47026223
141927;11;4;4020311;4200309;2020;8;0;6;3;2;7;2;0;1;0;1;0;0;0;788854,7081;5827182,309;13,25793922;52,51803637
141928;11;1;1033203;1300836;2020;8;13;4;3;2;6;0;0;1;0;1;0;0;1;796385,4821;5830093,56;13,3711974;52,54009224
141929;11;1;1011105;1100102;2020;8;0;4;3;2;6;2;0;1;0;0;0;0;1;796629,339;5826691,177;13,37174764;52,50946074
141930;11;5;5010209;5100211;2020;8;7;7;3;5;3;0;1;1;0;0;0;0;1;782805,6886;5830365,257;13,17174001;52,54974643
141931;11;1;1033101;1300732;2020;8;18;5;3;5;2;0;1;1;0;0;0;0;0;797534,171;5832714,618;13,39043348;52,56296069
141932;11;3;3061430;3601450;2020;8;17;4;3;5;2;0;1;1;0;0;0;0;1;802341,8775;5829201,585;13,45794683;52,52882551
141933;11;5;5020625;5200629;2020;8;7;3;3;5;2;0;1;1;0;0;0;0;0;784740,7788;5828586,423;13,19867732;52,53278934
141934;11;6;6040807;6400841;2020;8;16;3;3;5;2;0;1;1;0;0;0;0;0;789635,7354;5818176,446;13,2615954;52,43688183
141935;11;8;8010510;8100521;2020;8;9;5;3;5;3;0;1;1;0;0;0;0;0;802482,7468;5822558,281;13,45398375;52,46920355
141936;11;7;7070705;7601546;2020;8;15;3;3;5;3;0;1;1;0;0;0;0;0;799240,9713;5812651,586;13,39754052;52,38218763
141937;11;7;7070704;7601545;2020;8;22;2;3;1;5;2;0;1;0;0;1;0;0;800488,5024;5814117,326;13,41712865;52,3946434
141938;11;3;3061227;3601244;2020;8;15;4;3;5;3;0;1;1;0;0;0;0;0;800084,9816;5831671,348;13,42700854;52,55220976
141939;11;9;9020601;9200613;2020;8;15;3;2;5;3;0;1;0;0;0;0;1;0;806529,2338;5821688,688;13,51256921;52,45915468
141940;11;4;4051653;4501152;2020;8;16;1;3;5;3;0;1;1;0;0;0;0;0;793975,7444;5824708,48;13,3310104;52,49312338
141941;11;5;5010313;5100315;2020;8;6;6;3;5;3;0;1;1;0;0;0;0;0;785007,8758;5829784,277;13,20363178;52,54338962
141942;11;9;9010101;9100101;2020;8;15;3;3;5;3;0;1;0;0;0;0;0;0;802287,2507;5825476,553;13,45376058;52,49546842
141943;11;4;4030518;4300517;2020;8;15;4;3;5;7;0;0;1;0;1;0;0;1;791538,8506;5828044,451;13,2981408;52,52433704
141944;11;3;3030715;3300516;2020;8;13;2;3;5;2;0;1;1;0;0;0;0;0;801176,9306;5833197,268;13,44444965;52,56528399
141945;11;8;8030829;8300934;2020;8;16;4;2;5;2;0;0;1;0;1;0;0;0;803151,7458;5818445,542;13,46006947;52,43197028
141946;11;3;3050923;3500934;2020;8;15;2;3;5;3;0;0;1;0;0;0;0;0;800463,4526;5832321,987;13,43316268;52,55783292
141947;11;6;6040810;6400844;2020;8;10;1;3;3;6;0;1;1;0;0;0;0;0;791603,5629;5821168,612;13,29307365;52,46266109
141948;11;2;2040502;2400521;2020;8;8;6;3;5;2;0;1;1;0;0;0;0;0;800475,1565;5828227,223;13,42963185;52,52112415
141949;11;12;12214424;12200411;2020;8;13;4;3;2;6;0;0;1;0;0;0;0;1;793179,344;5832282,316;13,32599201;52,56144778
141950;11;7;7010104;7100205;2020;8;22;3;3;5;3;2;1;1;0;0;0;0;1;796371,9703;5825279,303;13,36670981;52,4969445
141951;11;9;9020601;9200613;2020;8;15;3;2;6;4;0;0;1;1;0;0;0;0;807669,8388;5820991,792;13,52866165;52,45226808
141952;11;10;10010308;10100311;2020;8;20;7;3;0;7;0;1;0;0;0;0;0;0;806566,9413;5828124,233;13,51904206;52,51681064
141953;11;4;4061757;4200207;2020;8;17;5;3;2;6;0;1;1;0;0;0;0;0;789038,1726;5823756,746;13,25766193;52,48722784
141954;11;1;1022204;1200626;2020;8;12;4;3;5;3;0;0;1;0;1;0;0;1;794765,3824;5828314,024;13,34580044;52,52501881
141955;11;3;3061126;3601141;2020;8;8;3;3;5;3;0;1;0;0;0;0;1;0;798986,5369;5831812,357;13,410983;52,55407775
141956;11;5;5010314;5100316;2020;8;13;5;3;3;6;0;0;1;0;1;0;0;0;785048,1739;5829422,674;13,20391412;52,54012643
141957;11;5;5010314;5100316;2020;8;13;2;1;5;3;0;1;1;0;0;0;0;0;784768,2125;5828813,619;13,19927533;52,53481205
141958;11;1;1033201;1300834;2020;8;20;2;3;5;3;2;1;1;0;0;0;0;0;797832,3954;5830453,633;13,39279177;52,54253093
141959;11;1;1011301;1100308;2020;8;14;4;3;5;2;0;0;1;0;1;0;0;0;796781,8689;5828820,007;13,37588772;52,52846049
141960;11;2;2040502;2400521;2020;8;9;2;2;0;2;0;1;0;0;0;0;1;0;801229,3802;5827982,867;13,44049317;52,51851783
141961;11;12;12302110;12601235;2020;8;13;1;3;5;5;0;0;1;0;0;0;0;0;794836,4015;5836300,224;13,35393979;52,59657009
141962;11;11;11030618;11300618;2020;8;12;6;3;5;2;0;1;1;0;0;0;0;0;802416,9404;5828957,586;13,45882805;52,52659694
141963;11;1;1011306;1100313;2020;8;12;3;3;5;2;0;1;1;0;0;0;0;0;799978,7042;5826931,803;13,42116893;52,50978613
141964;11;5;5020629;5200634;2020;8;19;3;3;3;2;0;0;1;0;1;0;0;1;785030,8544;5826303,537;13,20098565;52,51216943
141965;11;7;7040401;7400721;2020;8;12;3;3;2;6;0;0;1;0;0;0;0;0;797302,8054;5823155,675;13,37848683;52,47740217
141966;11;1;1011303;1100310;2020;8;15;5;3;6;4;0;1;0;1;0;0;0;0;798735,1917;5828278,009;13,40410934;52,52253538
141967;11;1;1011306;1100313;2020;8;15;3;3;5;2;0;1;1;0;0;0;0;0;799979,5426;5826934,105;13,42118332;52,50980631
141968;11;7;7030303;7300619;2020;8;20;3;3;5;2;0;0;1;0;0;0;0;1;795243,1389;5822266,4;13,3474614;52,47054774
141969;11;12;12103117;12100101;2020;8;22;3;3;5;2;2;0;1;0;0;0;0;0;795782,0721;5832577,976;13,36453938;52,56269048
141970;11;1;1033201;1300834;2020;8;21;6;3;1;5;2;0;1;0;0;0;0;0;797612,1756;5830856,168;13,38991473;52,54625947
141971;11;12;12103117;12100101;2020;8;15;5;3;5;3;0;0;1;0;0;0;0;0;796236,6792;5832766,054;13,37139424;52,56412925
141972;11;9;9020502;9200511;2020;8;11;4;3;2;6;0;0;1;0;0;0;0;1;807064,0851;5822542,284;13,5212017;52,46650458
141973;11;1;1044103;1400942;2020;8;19;2;3;5;7;0;1;0;0;0;0;0;0;794992,8444;5830745,686;13,35130192;52,54669371
141974;11;12;12214527;12200515;2020;8;7;4;3;6;7;0;0;1;1;0;0;0;0;790281,6517;5835032,633;13,28577377;52,58765677
141975;11;5;5020626;5200631;2020;8;11;2;1;6;4;0;0;0;1;0;0;1;0;784727,0752;5827556,545;13,19759384;52,52356261
141976;11;2;2020203;2200208;2020;8;7;2;3;5;2;0;1;0;0;0;0;1;0;797833,7006;5824901,972;13,38784098;52,49276645
141977;11;1;1044201;1401045;2020;8;11;4;3;2;2;0;0;1;0;1;0;0;0;796674,3588;5831925,865;13,37708124;52,55635961
141978;11;3;3061228;3601245;2020;8;9;2;3;5;2;0;0;1;0;0;0;0;0;801119,7441;5831070,017;13,44167884;52,54624892
141979;11;8;8010301;8100312;2020;8;18;7;3;5;3;0;1;0;0;0;0;1;1;801485,9008;5823929,422;13,44059284;52,48204442
141980;11;9;9010401;9100407;2020;8;10;6;3;5;3;0;0;1;0;1;0;0;0;806287,1724;5820685,28;13,50809736;52,45029743
141981;11;1;1044201;1401045;2020;8;12;3;3;2;6;0;0;0;0;1;0;1;0;796999,3537;5831930,29;13,38186488;52,55622214
141982;11;2;2020204;2200210;2020;8;8;5;3;0;1;0;1;0;0;0;0;0;0;798680,2689;5825139,559;13,40048616;52,49443354
141983;11;7;7040403;7400823;2020;8;8;4;3;2;6;0;0;1;0;0;0;0;0;796904,0934;5822263,21;13,37183903;52,46961897
141984;11;9;9010301;9100304;2020;8;13;2;3;5;2;0;0;1;0;0;0;0;0;804523,0057;5821937,803;13,4833603;52,46250898
141985;11;8;8010405;8100418;2020;8;17;4;3;5;3;0;1;1;0;0;0;0;0;801646,7267;5823973,267;13,44299358;52,48234859
141986;11;2;2040703;2400625;2020;8;10;2;3;3;2;0;1;0;0;0;1;0;0;801758,4156;5826260,242;13,44670452;52,50278534
141987;11;2;2010102;2100102;2020;8;14;3;3;2;7;0;1;0;0;0;0;1;0;798133,5868;5826221,381;13,39342599;52,50442961
141988;11;10;10010102;10100103;2020;8;16;1;3;6;7;0;0;1;1;0;0;0;0;809233,1927;5833579,923;13,56328748;52,56419743
141989;11;8;8041036;8401242;2020;8;15;6;3;5;3;0;0;1;0;0;0;0;0;804452,115;5816484,954;13,47735349;52,41367572
141990;11;4;4030726;4500936;2020;8;10;4;3;5;3;0;0;1;0;0;0;0;1;792087,6961;5825285,891;13,30378649;52,49931339
141991;11;9;9010302;9100306;2020;8;14;2;3;6;7;0;1;0;1;0;0;0;0;804465,8459;5820815,45;13,48149808;52,45248148
141992;11;6;6040702;6400736;2020;8;19;4;2;0;1;0;1;0;0;0;0;0;0;787243,6093;5816409,58;13,22498517;52,422302
141993;11;2;2050803;2500835;2020;8;9;2;3;5;2;0;0;1;0;1;0;0;0;802295,4069;5826306,723;13,45463385;52,50290473
141994;11;10;10010308;10100311;2020;8;13;3;3;0;3;0;0;0;0;0;0;1;0;807497,3915;5829157,886;13,53366658;52,52555046
141995;11;1;1044103;1400942;2020;8;7;2;3;3;6;0;1;1;0;0;0;0;0;795499,6189;5830758,637;13,35876515;52,54653517
141996;11;4;4010102;4100101;2020;8;19;6;3;5;2;0;1;1;0;0;0;0;0;793340,975;5829718,481;13,32610463;52,53837732
141997;11;1;1011303;1100310;2020;8;8;4;3;1;5;0;0;1;0;1;0;0;0;799133,2007;5828549,78;13,41020256;52,5247532
141998;11;6;6030608;6300632;2020;8;17;7;3;0;3;0;0;1;0;1;0;0;0;791931,2085;5817211,884;13,29442539;52,42701411
141999;11;11;11041128;11401136;2020;8;8;5;3;0;1;0;0;0;0;1;0;0;0;805527,6448;5825994,281;13,50181867;52,49830435
142000;11;4;4041343;4400834;2020;8;18;4;3;1;5;0;1;1;0;0;0;0;1;792640,4026;5823027,448;13,30992209;52,4787709
142001;11;4;4051653;4501152;2020;8;18;3;3;5;3;0;1;1;0;0;0;0;0;794045,2478;5824716,824;13,33203855;52,49316074
142002;11;1;1033202;1300835;2020;8;10;3;3;0;1;0;0;0;0;1;0;0;1;797866,5959;5829855,055;13,39275797;52,53714676
142003;11;3;3030405;3300411;2020;8;12;5;3;1;5;0;1;1;0;0;0;0;0;804286,4465;5838615,851;13,49516047;52,6121186
142004;11;12;12302107;12601236;2020;8;15;4;3;5;3;0;0;1;0;0;0;0;1;793842,7753;5836157,752;13,33918603;52,59583073
142005;11;11;11020514;11200513;2020;8;13;2;3;6;4;0;1;0;1;0;0;0;0;803777,7743;5830345,512;13,48009402;52,53827992
142006;11;1;1011105;1100102;2020;8;16;4;2;2;6;0;0;1;0;1;0;0;0;796281,9935;5826773,458;13,36671784;52,51038707
142007;11;2;2040502;2400521;2020;8;22;2;2;0;1;2;1;0;0;0;0;0;0;800852,1108;5828500,036;13,43541763;52,52336159
142008;11;7;7040403;7400823;2020;8;19;3;3;5;2;2;0;0;0;1;0;1;1;797355,8207;5821921,346;13,37816487;52,46630881
142009;11;1;1011103;1100103;2020;8;11;1;3;5;3;0;0;1;0;0;0;1;0;795180,6404;5825889,821;13,34975308;52,503063
142010;11;12;12231102;12400720;2020;8;13;6;3;5;3;0;1;1;0;0;0;0;0;789633,6795;5840165,344;13,28072921;52,63401665
142011;11;9;9031101;9301126;2020;8;13;4;3;5;3;0;0;1;0;0;0;0;1;811387,5778;5817433,274;13,57988077;52,41827338
142012;11;1;1044101;1400937;2020;8;8;3;3;0;6;0;1;0;0;0;0;0;0;794132,9761;5831115,251;13,33898533;52,55047154
142013;11;4;4010102;4100101;2020;8;9;3;3;5;2;0;0;1;0;0;0;0;1;792422,8113;5830321,69;13,31313654;52,54427836
142014;11;1;1011301;1100308;2020;8;21;7;3;1;5;2;1;1;0;0;0;0;0;796489,7901;5829268,101;13,37199445;52,53263612
142015;11;4;4051445;4500939;2020;8;17;5;3;0;3;0;0;1;0;1;0;0;0;791989,2037;5824744,757;13,30186532;52,49451492
142016;11;1;1033101;1300732;2020;8;13;4;3;2;6;0;0;1;0;0;0;0;1;797491,4364;5832654,272;13,38975079;52,56244312
142017;11;2;2050601;2500726;2020;8;4;3;3;0;7;2;1;0;0;0;0;0;0;801889,0324;5828995,177;13,45110426;52,52722643
142018;11;9;9020501;9200510;2020;8;14;4;3;5;2;0;1;1;0;0;0;0;1;806495,3764;5822093,356;13,512444;52,46280045
142019;11;10;10040933;10400941;2020;8;7;4;3;5;3;0;1;1;0;0;0;0;0;813364,349;5824972,295;13,61592602;52,48470337
142020;11;1;1022203;1200625;2020;8;10;3;3;5;7;0;0;1;0;0;0;1;1;794722,6511;5828443,332;13,34528702;52,52620105
142021;11;11;11020514;11200513;2020;8;9;7;2;6;2;0;0;1;1;0;0;0;1;804370,9937;5830843,563;13,48926987;52,54241272
142022;11;4;4031032;4500937;2020;8;19;5;3;5;2;0;1;1;0;0;0;0;0;790963,1023;5824811,796;13,28685242;52,4956639
142023;11;8;8010118;8100104;2020;8;17;4;3;3;6;0;0;1;0;0;0;1;1;800780,3007;5822709,819;13,42913385;52,4715018