OBJECTID;LAND;BEZ;LOR;LOR_ab_2021;UJAHR;UMONAT;USTUNDE;UWOCHENTAG;UKATEGORIE;UART;UTYP1;ULICHTVERH;IstRad;IstPKW;IstFuss;IstKrad;IstGkfz;IstSonstige;USTRZUSTAND;LINREFX;LINREFY;XGCSWGS84;YGCSWGS84
142811;11;5;5010314;5100316;2020;9;18;5;3;3;6;1;0;1;0;1;0;0;0;785063,9112;5829470,76;13,2041868;52,54054934
142812;11;1;1011302;1100309;2020;9;15;1;2;0;6;0;1;1;0;0;0;0;0;798511,7916;5828735,195;13,4012368;52,52675576
142813;11;3;3071537;3701556;2020;9;9;5;3;5;3;0;0;1;0;1;0;0;0;799377,5844;5829516,645;13,41466458;52,53328552
142814;11;1;1011303;1100310;2020;9;12;3;2;5;3;0;0;1;0;0;0;1;0;799218,4358;5827580,27;13,41058306;52,51601622
142815;11;10;10010311;10100316;2020;9;8;7;2;6;4;0;0;0;1;0;0;1;0;810839,1141;5832064,331;13,58548418;52,54970134
142816;11;6;6030501;6300524;2020;9;10;5;3;6;3;0;0;1;1;0;0;0;0;788545,2731;5816883,298;13,2444827;52,42586437
142817;11;8;8010404;8100417;2020;9;9;3;3;2;2;0;0;1;0;1;0;0;0;802577,0318;5823080,073;13,45584078;52,47382819
142818;11;8;8041035;8401241;2020;9;14;7;3;2;2;0;0;1;0;0;0;0;0;804769,0552;5817845,087;13,48323781;52,42568994
142819;11;12;12231102;12400720;2020;9;12;3;3;1;5;0;1;0;0;0;0;1;0;789706,9759;5840692,215;13,28227126;52,63870088
142820;11;5;5030731;5300737;2020;9;10;6;3;0;6;0;0;1;0;0;0;1;0;787367,0754;5829825,034;13,23836023;52,54251582
142821;11;1;1011201;1100205;2020;9;12;3;3;2;6;0;1;0;0;0;0;0;0;797206,6383;5827476,675;13,38093044;52,51618765
142822;11;3;3030716;3300517;2020;9;9;2;3;5;3;0;1;1;0;0;0;0;0;802495,2689;5833853,234;13,4644384;52,57043241
142823;11;1;1022106;1200522;2020;9;10;5;3;5;2;0;0;1;0;0;0;0;0;793681,2642;5828109,811;13,32968636;52,52377319
142824;11;7;7040402;7400822;2020;9;11;3;2;2;6;0;0;0;0;1;0;1;0;796829,7376;5820819,738;13,36946386;52,45671996
142825;11;4;4020311;4200310;2020;9;13;1;3;6;4;0;0;1;1;0;0;0;0;789084,9296;5826988,424;13,2611542;52,51617614
142826;11;7;7070703;7601544;2020;9;9;5;3;5;2;0;0;1;0;0;0;0;0;799790,7112;5813977,048;13,40677871;52,39376832
142827;11;2;2010103;2100104;2020;9;19;3;3;1;5;0;1;1;0;0;0;0;0;799275,0391;5826110,794;13,41009349;52,50281347
142828;11;9;9051702;9501737;2020;9;21;6;2;7;7;2;0;0;0;1;0;0;0;815411,7356;5821903,18;13,64307585;52,45602324
142829;11;3;3071537;3701555;2020;9;17;2;2;5;2;0;1;1;0;0;0;0;0;799714,8286;5830083,633;13,42013288;52,53818231
142830;11;4;4030518;4300517;2020;9;23;6;3;5;3;2;1;1;0;0;0;0;0;791822,2237;5828728,439;13,30290608;52,53031726
142831;11;3;3040513;3400620;2020;9;11;3;3;3;2;0;1;1;0;0;0;0;0;797006,0565;5833768,398;13,38360893;52,57269488
142832;11;5;5020417;5200420;2020;9;14;2;3;5;3;0;1;1;0;0;0;0;0;782300,9137;5828520,038;13,16274727;52,53346334
142833;11;2;2010101;2100101;2020;9;20;2;2;1;5;2;1;1;0;0;0;0;0;797775,2557;5826013,961;13,38797681;52,50276601
142834;11;1;1011302;1100309;2020;9;9;6;3;0;1;0;1;0;0;0;0;0;0;799035,5535;5828948,727;13,40912632;52,52838274
142835;11;7;7020203;7200409;2020;9;10;3;3;2;7;0;1;1;0;0;0;0;0;795536,2083;5824321,393;13,35358477;52,48881079
142836;11;4;4030518;4300517;2020;9;7;2;3;2;2;0;0;1;0;0;0;0;0;791910,5612;5828199,163;13,30373993;52,52552512
142837;11;12;12301203;12500926;2020;9;10;3;3;5;2;0;0;1;0;0;0;0;0;793539,8396;5835459,937;13,33410806;52,58973891
142838;11;5;5020625;5200629;2020;9;9;1;3;5;3;0;1;0;0;0;0;0;0;784405,3489;5828666,688;13,19381429;52,53368414
142839;11;2;2040701;2400521;2020;9;9;5;3;5;2;0;1;1;0;0;0;0;0;800426,4326;5827978,038;13,42869085;52,51891748
142840;11;7;7070703;7601544;2020;9;17;3;2;5;2;0;0;1;0;0;0;0;0;799775,2416;5813975,576;13,40655073;52,39376359
142841;11;5;5040934;5400942;2020;9;18;6;3;0;2;0;1;1;0;0;0;0;0;783972,6157;5823295,044;13,18286856;52,48574664
142842;11;5;5020628;5200633;2020;9;16;2;3;2;6;0;0;1;0;1;0;0;0;784134,1874;5827284,763;13,18864639;52,52143508
142843;11;11;11030721;11300724;2020;9;8;5;3;5;3;0;1;1;0;0;0;0;0;804656,1673;5827828,604;13,49069934;52,51523176
142844;11;5;5020417;5200420;2020;9;9;3;3;5;3;0;0;1;0;0;0;0;0;781873,1631;5829138,316;13,15698226;52,5392285
142845;11;2;2040701;2400521;2020;9;17;5;3;5;2;0;1;1;0;0;0;0;0;800426,785;5827979,952;13,42869775;52,51893444
142846;11;4;4020311;4200310;2020;9;12;2;3;0;6;0;0;0;0;1;0;0;0;789826,3133;5826356,558;13,27149901;52,51011787
142847;11;1;1044202;1401046;2020;9;9;3;3;0;6;0;0;1;0;1;0;0;0;794802,5616;5830133,397;13,34796053;52,54130802
142848;11;4;4030931;4501042;2020;9;19;7;2;5;3;1;0;1;0;0;0;1;0;794359,3542;5825930,658;13,33772453;52,50387276
142849;11;3;3020210;3200207;2020;9;10;2;3;5;3;0;0;1;0;0;0;0;0;798504,8782;5835382,317;13,40711292;52,58634127
142850;11;3;3071536;3701554;2020;9;9;3;3;5;2;0;1;1;0;0;0;0;0;799150,6733;5829207,831;13,41105138;52,53064206
142851;11;9;9020701;9200715;2020;9;15;7;2;4;6;0;1;0;0;0;0;0;0;809422,2344;5818407,304;13,55197472;52,42811715
142852;11;9;9041402;9401432;2020;9;15;3;3;2;2;0;0;1;0;0;0;0;0;812135,2022;5820282,921;13,59349829;52,44338441
142853;11;7;7010102;7100102;2020;9;17;6;3;5;2;0;0;1;0;0;0;0;0;794956,314;5825652,033;13,34624714;52,5010527
142854;11;12;12214527;12200515;2020;9;15;2;3;2;6;0;0;1;0;0;0;0;0;789982,1584;5835524,075;13,28179563;52,59222226
142855;11;9;9041501;9401534;2020;9;15;5;3;5;3;0;1;1;0;0;0;0;0;810884,7756;5820660,768;13,57551195;52,44748283
142856;11;6;6040806;6400840;2020;9;8;3;3;5;2;0;0;1;0;0;0;0;0;789033,3947;5819696,37;13,25407414;52,45082736
142857;11;4;4030518;4300517;2020;9;17;5;3;5;2;0;0;1;0;0;0;0;0;791390,5075;5828585,827;13,29643491;52,52926971
142858;11;6;6010103;6100103;2020;9;22;1;2;2;6;2;0;1;0;0;0;1;0;793043,8271;5821515,429;13,31451704;52,46499973
142859;11;1;1022206;1200628;2020;9;9;5;3;6;4;0;1;0;1;0;0;0;0;796458,2156;5828234,71;13,37060892;52,52339
142860;11;1;1011203;1100206;2020;9;9;3;3;2;6;0;1;1;0;0;0;0;0;797610,207;5827024,814;13,38645613;52,51191717
142861;11;1;1011304;1100311;2020;9;15;7;3;2;1;0;1;0;0;0;0;0;0;799920,1231;5827786,647;13,42107879;52,51748065
142862;11;4;4030931;4501042;2020;9;8;5;3;5;7;0;1;1;0;0;0;0;0;794536,5419;5825955,801;13,3403497;52,50400254
142863;11;1;1011305;1100312;2020;9;10;6;2;3;6;0;1;1;0;0;0;0;0;799495,1755;5827072,79;13,41419241;52,51131554
142864;11;1;1044101;1400937;2020;9;10;2;3;2;2;0;0;1;0;0;0;1;0;793800,2589;5832174,058;13,33502956;52,56014264
142865;11;10;10030724;10300731;2020;9;12;5;3;3;6;0;0;1;0;0;0;1;0;809633,4775;5829724,342;13,56557971;52,52941797
142866;11;10;10020416;10200423;2020;9;15;6;3;2;2;0;0;1;0;0;0;0;0;813237,2923;5831071,023;13,61980083;52,53942682
142867;11;10;10010204;10100206;2020;9;14;2;3;6;4;0;0;1;1;0;0;0;0;809116,4213;5833030,371;13,56105834;52,55933887
142868;11;2;2050601;2500726;2020;9;13;5;3;6;2;0;0;1;1;0;0;0;0;801856,1843;5829013,045;13,45063775;52,52740477
142869;11;5;5020523;5200528;2020;9;8;3;3;5;3;0;0;1;0;0;0;0;0;782365,438;5827036,095;13,16243577;52,52012427
142870;11;5;5010209;5100211;2020;9;17;5;3;2;6;0;1;1;0;0;0;0;0;783189,5158;5829264,876;13,17644739;52,53968075
142871;11;6;6030503;6300526;2020;9;17;1;3;5;3;0;0;1;0;1;0;0;0;789327,7758;5817264,193;13,25628834;52,42886606
142872;11;1;1022207;1200629;2020;9;10;3;3;5;2;0;0;1;0;0;0;0;0;794558,3019;5827508,05;13,34204317;52,51790571
142873;11;4;4030519;4300518;2020;9;14;7;3;5;2;0;1;1;0;0;0;0;0;792061,5836;5828220,647;13,30597854;52,52563684
142874;11;1;1044101;1400938;2020;9;8;3;3;6;6;0;1;0;1;0;0;0;0;794414,0658;5831432,771;13,34340052;52,55316603
142875;11;8;8010117;8100102;2020;9;10;6;3;3;6;0;1;1;0;0;0;0;0;800556,1204;5823312,061;13,42638607;52,47702332
142876;11;5;5010314;5100316;2020;9;6;3;3;0;2;0;0;1;0;0;0;1;0;784838,9207;5829255,827;13,20069402;52,53873991
142877;11;9;9020701;9200715;2020;9;8;2;3;5;2;0;1;1;0;0;0;0;0;809065,709;5818189,187;13,54654619;52,4263639
142878;11;2;2050602;2500729;2020;9;2;3;2;0;1;2;0;0;0;0;0;1;0;803425,0398;5827731,751;13,47252413;52,51504997
142879;11;4;4041342;4400833;2020;9;12;1;3;6;7;0;0;1;1;0;0;0;0;792552,5012;5822518,755;13,30818523;52,47425767
142880;11;2;2050803;2500835;2020;9;8;5;3;8;1;0;0;0;0;1;0;0;0;802458,9287;5826252,756;13,45698657;52,5023304
142881;11;9;9051702;9501737;2020;9;18;3;3;5;2;0;1;1;0;0;0;0;0;814202,9957;5820801,79;13,62430937;52,44684986
142882;11;7;7010104;7100205;2020;9;20;3;2;3;6;1;0;1;0;1;0;0;0;796456,158;5824885,664;13,367596;52,49337017
142883;11;12;12214424;12200309;2020;9;13;1;3;3;6;0;0;1;0;0;0;1;0;792746,036;5832760,528;13,32004008;52,56596787
142884;11;12;12103218;12100205;2020;9;12;3;3;0;1;0;0;0;0;1;0;0;0;794338,7404;5835493,853;13,34589709;52,58961122
142885;11;9;9020802;9200819;2020;9;16;6;3;5;2;0;1;1;0;0;0;0;0;810528,8394;5820028,233;13,56970364;52,44201651
142886;11;2;2040701;2400623;2020;9;18;2;3;5;3;0;0;1;0;0;0;1;0;800900,4209;5826865,323;13,4346492;52,50868263
142887;11;11;11030721;11300722;2020;9;3;6;3;0;1;2;1;0;0;0;0;0;0;803859,69;5828653,103;13,47975122;52,52306578
142888;11;4;4030620;4300619;2020;9;20;3;3;6;4;1;1;0;1;0;0;0;0;792204,8161;5827279,404;13,30725689;52,51712209
142889;11;1;1022106;1200522;2020;9;10;2;3;5;3;0;1;1;0;0;0;0;0;793716,7358;5827978,824;13,330092;52,52257986
142890;11;2;2040701;2400623;2020;9;18;3;3;0;1;0;0;0;0;1;0;0;0;800438,7459;5827523,992;13,42846177;52,51484094
142891;11;1;1022105;1200521;2020;9;0;1;3;0;5;2;0;1;0;0;0;1;0;793712,5516;5828446,994;13,33044401;52,526779
142892;11;1;1044201;1401045;2020;9;16;3;3;5;3;0;0;1;0;0;0;0;0;796690,7111;5831663,072;13,37708685;52,55399506
142893;11;4;4031032;4500937;2020;9;17;6;3;2;7;0;0;1;0;0;0;0;0;791672,2288;5825129,901;13,29754687;52,49813718
142894;11;2;2010102;2100102;2020;9;16;2;3;2;6;0;0;1;0;0;0;0;0;798326,7341;5825574,073;13,3956833;52,49852176
142895;11;10;10010308;10100311;2020;9;16;5;2;5;2;0;1;1;0;0;0;0;0;806638,4438;5830254,048;13,52205644;52,53585818
142896;11;6;6010206;6100206;2020;9;18;3;3;5;3;0;1;0;0;0;0;0;0;794543,5176;5820078,438;13,33526087;52,45131144
142897;11;1;1011202;1100206;2020;9;21;6;3;0;2;2;1;0;0;1;0;0;0;797159,4558;5827691,73;13,38042925;52,51814108
142898;11;1;1011306;1100313;2020;9;16;2;3;5;3;0;1;1;0;0;0;0;0;800136,5654;5826608,462;13,42319646;52,50680107
142899;11;2;2010103;2100105;2020;9;1;6;3;5;2;2;0;1;0;1;0;0;0;799143,3195;5825792,278;13,40787261;52,50003066
142900;11;12;12214424;12200309;2020;9;0;3;3;5;2;2;0;0;0;0;0;1;0;792496,6737;5832854,071;13,31645409;52,56694048
142901;11;5;5010206;5100208;2020;9;13;2;3;5;3;0;0;1;0;0;0;0;0;782365,6429;5830498,024;13,16538035;52,55116515
142902;11;1;1011306;1100313;2020;9;17;3;3;3;6;0;1;0;0;0;0;0;0;800457,0658;5826700,18;13,42798723;52,50744677
142903;11;9;9031101;9301126;2020;9;23;7;2;5;2;2;1;1;0;0;0;0;0;811026,7651;5818095,103;13,57520752;52,42440961
142904;11;4;4020313;4200311;2020;9;8;5;2;2;6;0;0;1;0;1;0;0;0;790460,7744;5825975,066;13,28048857;52,5063603
142905;11;1;1011105;1100102;2020;9;23;2;3;2;6;2;0;1;0;0;1;0;0;795633,9329;5826286,092;13,35676366;52,50636984
142906;11;9;9041501;9401534;2020;9;13;6;3;2;7;0;1;0;0;0;0;1;0;810869,036;5820577,155;13,5752033;52,44674247
142907;11;1;1011203;1100206;2020;9;15;2;3;2;2;0;1;1;0;0;0;0;0;797623,8441;5827017,473;13,38664992;52,51184393
142908;11;5;5020629;5200634;2020;9;15;5;3;0;2;0;1;1;0;0;0;0;0;785026,9061;5826295,745;13,20092095;52,51210163
142909;11;3;3030406;3300413;2020;9;17;3;3;2;6;0;0;1;0;0;0;0;0;803333,0534;5838203,161;13,48074479;52,60895277
142910;11;12;12214424;12200411;2020;9;16;5;2;5;2;0;0;1;0;0;0;0;0;792902,0519;5832166,923;13,32181125;52,56056258
142911;11;9;9010301;9100304;2020;9;20;1;3;2;6;2;0;1;0;0;1;0;0;804241,0957;5821505,688;13,47882981;52,45879307
142912;11;11;11020515;11200514;2020;9;9;3;3;6;2;0;0;1;1;0;0;0;0;803361,7726;5830084,489;13,47374092;52,53617217
142913;11;4;4031032;4500938;2020;9;15;7;2;5;7;0;0;1;0;1;0;0;0;791709,9939;5824840,007;13,29784772;52,49551812
142914;11;11;11010204;11100203;2020;9;16;5;3;5;2;0;1;1;0;0;0;0;0;807659,0128;5833601,567;13,54015721;52,56528317
142915;11;1;1044102;1400940;2020;9;13;1;3;5;2;0;0;1;0;1;0;0;0;795669,5242;5832023,364;13,36238973;52,55778006
142916;11;2;2030302;2300315;2020;9;18;7;3;5;3;0;0;1;0;0;0;1;0;800785,2891;5825814,484;13,43200863;52,49932717
142917;11;1;1011105;1100102;2020;9;22;2;3;3;6;2;0;1;0;1;0;0;0;796607,7971;5826882,344;13,37160151;52,51118607
142918;11;1;1033203;1300836;2020;9;11;6;3;5;7;0;1;1;0;0;0;0;0;796477,8264;5829934,637;13,37241321;52,53861743
142919;11;4;4041137;4400727;2020;9;7;2;3;1;7;0;1;1;0;0;0;0;0;791054,7357;5823104,674;13,28670746;52,48031065
142920;11;4;4020313;4200311;2020;9;10;5;3;5;2;0;1;1;0;0;0;0;0;790547,4984;5826245,578;13,28199884;52,50873928
142921;11;11;11010308;11100307;2020;9;16;3;3;2;6;0;0;1;0;0;0;0;0;805006,0768;5834198,616;13,50168847;52,57212682
142922;11;1;1022104;1200519;2020;9;18;4;3;2;7;0;1;1;0;0;0;0;0;794051,3818;5828506,478;13,33547673;52,52712959
142923;11;4;4030931;4501042;2020;9;15;1;3;5;2;0;1;1;0;0;0;0;0;793513,671;5825454,99;13,32488177;52,50006419
142924;11;4;4020310;4200308;2020;9;12;3;3;2;6;0;0;1;0;1;0;0;0;790330,8063;5827298,225;13,27973341;52,51829172
142925;11;9;9010402;9100408;2020;9;10;7;3;5;2;0;1;1;0;0;0;0;0;806547,5413;5820533,222;13,51177717;52,44878869
142926;11;1;1011203;1100206;2020;9;14;6;3;5;3;0;1;1;0;0;0;0;0;797955,7641;5827073,144;13,39157629;52,51216174
142927;11;9;9020701;9200715;2020;9;16;3;3;5;2;0;1;1;0;0;0;0;0;808646,0962;5819162,261;13,5412926;52,43532149
142928;11;12;12302109;12601133;2020;9;15;3;3;7;7;0;0;0;0;1;0;0;0;795752,0475;5837034,973;13,36807509;52,60265911
142929;11;6;6020306;6200317;2020;9;11;6;3;5;3;0;0;1;0;0;0;0;0;795895,9106;5816506,341;13,35194228;52,41855965
142930;11;10;10010101;10100101;2020;9;15;3;3;2;6;0;0;1;0;0;0;0;0;808660,5538;5833750,721;13,55502513;52,56605298
142931;11;3;3040512;3400619;2020;9;9;2;3;1;5;0;0;1;0;1;0;0;0;796438,7537;5835772,599;13,37705508;52,59096947
142932;11;6;6010102;6100102;2020;9;11;5;3;5;2;0;1;1;0;0;0;0;0;793719,7304;5821044,283;13,32402307;52,46041316
142933;11;1;1044202;1401046;2020;9;2;3;3;1;5;2;0;1;0;0;0;1;0;795315,8357;5829969,436;13,35536118;52,53956032
142934;11;6;6040804;6400838;2020;9;13;1;3;6;4;0;1;0;1;0;0;0;0;787881,6834;5818431,788;13,23608367;52,44009725
142935;11;4;4051551;4501148;2020;9;13;3;2;5;2;0;0;1;0;1;0;0;0;792824,2032;5823228,388;13,3127972;52,48047375
142936;11;9;9031101;9301126;2020;9;10;6;3;5;3;0;1;1;0;0;0;0;0;809926,8464;5817936,476;13,55893645;52,42361208
142937;11;4;4051655;4501153;2020;9;17;2;3;5;3;0;1;1;0;0;0;0;0;794175,0647;5823695,419;13,33304352;52,48393442
142938;11;10;10040933;10400940;2020;9;14;6;3;5;3;0;0;1;0;1;0;0;0;813125,3622;5827007,571;13,61433085;52,50307867
142939;11;1;1011201;1100205;2020;9;18;2;3;4;6;0;1;0;0;0;0;1;0;797036,2603;5826584,322;13,37763051;52,50828148
142940;11;2;2010104;2100106;2020;9;14;2;3;5;7;0;0;1;0;0;0;1;0;799073,7356;5825598,017;13,40667614;52,49832752
142941;11;5;5020627;5200632;2020;9;17;2;3;5;2;0;0;1;0;0;0;1;0;785957,5767;5828011,652;13,21607265;52,52699902
142942;11;5;5020628;5200633;2020;9;12;7;3;2;6;0;0;1;0;0;0;1;0;784161,6011;5826557,234;13,18842788;52,51489767
142943;11;12;12214528;12400619;2020;9;7;2;3;0;7;0;0;1;0;0;0;0;0;789929,0487;5836471,809;13,28184359;52,60074694
142944;11;2;2030302;2300316;2020;9;16;2;3;1;5;0;1;1;0;0;0;0;0;801208,396;5826230,583;13,43859906;52,50282339
142945;11;4;4020312;4200308;2020;9;11;1;2;0;7;0;1;0;0;0;0;0;0;789504,3701;5826850,618;13,26719829;52,51471819
142946;11;8;8020619;8200623;2020;9;17;3;3;2;6;0;0;0;0;1;0;1;0;802525,2277;5820716,975;13,45293848;52,45267626
142947;11;8;8010301;8100312;2020;9;18;6;3;2;6;0;0;1;0;1;0;0;0;801102,3128;5824131,497;13,43514387;52,48406732
142948;11;2;2040502;2400521;2020;9;17;2;3;5;2;0;1;1;0;0;0;0;0;800452,7714;5828446,372;13,42950089;52,52310078
142949;11;5;5020627;5200632;2020;9;15;5;3;0;1;0;1;0;0;0;0;0;0;786010,7426;5828010,45;13,21685317;52,52696036
142950;11;11;11020513;11200512;2020;9;17;2;3;5;3;0;1;1;0;0;0;0;0;802855,2519;5831366,383;13,46746443;52,54794322
142951;11;3;3040512;3400619;2020;9;13;2;2;6;4;0;0;1;1;0;0;0;0;796325,5384;5834871,72;13,37458302;52,58295583
142952;11;4;4051655;4501153;2020;9;17;2;3;5;2;0;1;1;0;0;0;0;0;794195,1827;5823597,966;13,33325292;52,48304997
142953;11;4;4030416;4300413;2020;9;20;7;3;6;6;1;0;1;1;0;0;0;0;791289,0176;5827275,727;13,29379556;52,51757905
142954;11;7;7020203;7200411;2020;9;18;2;3;2;6;1;0;1;0;0;0;0;0;795826,6042;5824100,909;13,35765349;52,48667705
142955;11;2;2020206;2200212;2020;9;12;6;3;5;2;0;1;1;0;0;0;0;0;799053,9226;5824540,248;13,40543568;52,48885695
142956;11;12;12304314;12500824;2020;9;14;2;3;0;1;0;1;1;0;0;0;0;0;791225,9719;5836406,959;13,30088172;52,59947248
142957;11;8;8010508;8100520;2020;9;15;3;3;6;7;0;0;0;1;0;0;1;0;803155,8521;5823396,105;13,46462383;52,47633982
142958;11;7;7020204;7200412;2020;9;13;6;3;5;2;0;0;1;0;1;0;0;0;796210,3069;5822978,425;13,36229052;52,47640689
142959;11;12;12301203;12500926;2020;9;15;2;2;0;4;0;0;0;1;0;0;1;0;793417,0459;5836086,611;13,3328558;52,59542287
142960;11;3;3061441;3601453;2020;9;15;5;2;6;4;0;1;0;1;0;0;0;0;802797,2302;5828556,418;13,46405129;52,52279025
142961;11;7;7030303;7300619;2020;9;17;2;2;0;6;0;0;1;0;1;0;0;0;796078,7142;5822846,481;13,36024151;52,47529548
142962;11;1;1011201;1100205;2020;9;18;4;3;5;2;0;1;0;0;0;0;1;0;797471,2828;5826798,656;13,38421291;52,50996571
142963;11;2;2030301;2300314;2020;9;13;1;3;3;6;0;1;0;0;0;0;0;0;800066,2288;5825737,671;13,42137854;52,49903451
142964;11;2;2050801;2500830;2020;9;6;5;3;0;1;1;0;0;0;1;0;0;1;802227,8233;5827520,105;13,45474285;52,51381771
142965;11;7;7050503;7501031;2020;9;15;7;3;2;6;0;0;1;0;0;0;0;0;799455,187;5820496,481;13,40769809;52,45239028
142966;11;3;3061332;3601348;2020;9;0;5;3;1;5;2;1;1;0;0;0;0;1;800071,9377;5830662,968;13,42590562;52,54317855
142967;11;7;7020204;7200412;2020;9;14;6;3;6;7;0;1;0;1;0;0;0;0;796282,2389;5823066,118;13,36342444;52,47715397
142968;11;1;1044101;1400938;2020;9;10;2;3;2;7;0;0;1;0;0;0;0;0;793967,8733;5830155,951;13,33570827;52,54196115
142969;11;3;3061131;3601142;2020;9;12;5;3;1;5;0;1;1;0;0;0;0;0;798271,6772;5830918,717;13,39966771;52,54645947
142970;11;7;7040401;7400721;2020;9;17;2;3;5;3;0;0;1;0;0;0;1;0;797328,8093;5823504,352;13,37917949;52,48051353
142971;11;11;11010103;11100102;2020;9;14;1;3;8;1;0;1;0;0;0;0;0;0;808822,0443;5834759,49;13,55833937;52,57500162
142972;11;1;1011102;1100102;2020;9;18;1;3;5;2;0;0;1;0;1;0;0;0;796508,6177;5827611,836;13,3707944;52,51777916
142973;11;2;2050802;2500833;2020;9;19;4;3;0;1;1;1;1;0;0;0;0;0;802082,435;5827156,891;13,45227722;52,51064275
142974;11;9;9010202;9100203;2020;9;9;1;3;5;2;0;0;1;0;0;0;0;0;804100,7126;5823589,644;13,47866932;52,47754922
142975;11;1;1033201;1300834;2020;9;17;1;3;7;7;0;0;0;0;1;0;0;0;798283,261;5830488,624;13,39945181;52,54259795
142976;11;5;5040936;5400943;2020;9;11;2;3;5;3;0;0;1;0;0;0;1;0;779998,4799;5821525,876;13,12301037;52,47193538
142977;11;9;9020802;9200819;2020;9;17;1;3;2;7;0;0;1;0;1;0;0;0;809811,9756;5820495,525;13,55962394;52,44661087
142978;11;1;1011402;1100416;2020;9;18;4;3;0;5;0;1;1;0;0;0;0;0;798687,7835;5829709,019;13,40469826;52,53538832
142979;11;12;12301203;12500930;2020;9;17;1;3;5;2;0;1;1;0;0;0;0;0;792852,7766;5835169,965;13,32373872;52,58750981
142980;11;3;3061228;3601245;2020;9;15;4;3;3;6;0;0;0;0;1;0;0;0;800615,9267;5830677,364;13,43391612;52,54300773
142981;11;6;6030504;6300528;2020;9;17;1;3;5;3;0;0;1;0;0;0;0;0;790387,7777;5817152,375;13,27173792;52,42730196
142982;11;12;12103219;12100204;2020;9;3;4;3;1;5;2;0;1;0;0;0;0;0;795168,0809;5832477,176;13,35541819;52,56212011
142983;11;6;6020409;6200421;2020;9;17;7;3;3;6;0;1;1;0;0;0;0;0;793967,4001;5818667,819;13,32556636;52,43897587
142984;11;12;12304314;12500824;2020;9;15;2;3;2;6;0;0;1;0;1;0;0;0;790769,8409;5836027,02;13,29383243;52,59631052
142985;11;1;1011303;1100310;2020;9;23;7;3;8;1;2;1;0;0;0;0;0;0;799669,4659;5828684,918;13,41820512;52,52567002
142986;11;12;12214424;12200411;2020;9;22;7;3;3;6;2;0;1;0;0;0;0;0;793186,4941;5832306,017;13,32611813;52,5616564
142987;11;10;10010310;10100314;2020;9;15;2;3;0;1;0;0;0;0;1;0;0;0;809009,823;5830209,624;13,55686658;52,53412078
142988;11;12;12302108;12601134;2020;9;19;7;3;0;1;2;1;1;0;0;0;0;0;794498,6087;5837093,98;13,34967321;52,60386845
142989;11;4;4030725;4300416;2020;9;18;7;3;5;3;0;1;0;0;0;0;0;0;791801,6283;5826227,191;13,30040925;52,50790505
142990;11;2;2030301;2300314;2020;9;17;7;3;2;6;0;1;1;0;0;0;0;0;799837,6443;5826006,077;13,41826295;52,50156599
142991;11;1;1022104;1200520;2020;9;9;4;3;5;2;0;0;1;0;1;0;0;0;794578,41;5828438,762;13,34316297;52,52623804
142992;11;3;3040614;3400723;2020;9;17;7;3;5;3;0;0;1;0;0;0;0;0;799607,9223;5834011,214;13,42210628;52,57344535
142993;11;4;4010101;4100101;2020;9;8;4;3;1;5;0;0;1;0;0;0;0;0;790278,2377;5829713,914;13,28107008;52,53997649
142994;11;2;2020206;2200212;2020;9;15;7;3;5;2;0;1;1;0;0;0;0;0;799202,4999;5824556,83;13,40763226;52,48892418
142995;11;9;9020501;9200510;2020;9;14;2;3;5;3;0;0;1;0;0;0;0;0;805946,111;5822647,271;13,5048923;52,46807267
142996;11;12;12214422;12200310;2020;9;15;7;3;2;6;0;0;1;0;0;0;0;0;792161,498;5832941,441;13,31159999;52,56790371
142997;11;12;12214424;12200309;2020;9;14;7;3;1;5;0;1;1;0;0;0;0;0;793055,0831;5832668,487;13,32450525;52,5649765
142998;11;1;1011301;1100308;2020;9;13;7;3;6;4;0;1;0;1;0;0;0;0;797258,5542;5829077,757;13,38312431;52,5305112
142999;11;3;3020209;3200206;2020;9;8;4;3;5;3;0;0;1;0;0;0;0;0;797551,8325;5834860,529;13,39261872;52,58218627
143000;11;12;12214527;12200515;2020;9;13;1;3;2;7;0;1;0;0;0;0;0;0;790079,8668;5835439,32;13,28315975;52,59141033
143001;11;1;1022207;1200629;2020;9;13;7;3;5;3;0;0;1;0;0;0;1;0;794553,0389;5827506,681;13,34196462;52,51789627
143002;11;3;3020209;3200206;2020;9;7;2;3;0;6;0;1;0;0;0;0;1;0;798399,5079;5834843,9;13,40507743;52,58157298
143003;11;12;12302110;12601235;2020;9;8;4;3;0;3;0;0;1;0;0;0;1;0;794900,6101;5836310,423;13,35489408;52,59662669
143004;11;3;3030711;3300514;2020;9;11;7;3;2;6;0;0;1;0;1;0;0;0;802153,9232;5836456,149;13,46179013;52,59395142
143005;11;1;1011305;1100312;2020;9;8;4;2;6;4;0;1;0;1;0;0;0;0;799692,9794;5827222,891;13,41723356;52,51255233
143006;11;12;12302211;12601031;2020;9;11;7;3;8;1;0;0;0;0;1;0;0;0;792927,309;5837087,05;13,32653152;52,60465522