OBJECTID;LAND;BEZ;LOR;LOR_ab_2021;UJAHR;UMONAT;USTUNDE;UWOCHENTAG;UKATEGORIE;UART;UTYP1;ULICHTVERH;IstRad;IstPKW;IstFuss;IstKrad;IstGkfz;IstSonstige;USTRZUSTAND;LINREFX;LINREFY;XGCSWGS84;YGCSWGS84
143204;11;7;7070701;7601442;2020;9;7;3;3;5;3;0;1;1;0;0;0;0;0;799341,48;5816110,466;13,40210311;52,41313752
143205;11;7;7040405;7400927;2020;9;13;5;3;1;5;0;0;1;0;0;0;0;0;798175,3911;5820930,938;13,38930879;52,45698429
143206;11;4;4010101;4100101;2020;9;12;5;2;5;3;0;0;1;0;0;0;0;0;791220,1329;5829730,927;13,29493386;52,53962644
143207;11;1;1011104;1100104;2020;9;6;3;3;5;7;1;1;1;0;0;0;0;0;796628,214;5826074,055;13,37118123;52,50392947
143208;11;12;12103218;12100205;2020;9;13;5;2;5;2;0;1;0;0;0;1;0;0;795445,0475;5834157,816;13,36098923;52,57703522
143209;11;11;11010310;11100309;2020;9;13;2;3;6;4;0;0;1;1;0;0;0;0;805281,8097;5833240,947;13,5048631;52,56338934
143210;11;1;1011204;1100207;2020;9;8;5;3;3;2;0;1;0;0;1;0;0;0;798004,605;5826788,132;13,39203867;52,50958029
143211;11;1;1011302;1100310;2020;9;7;5;3;0;6;0;0;1;0;1;0;0;0;799077,9323;5828978,732;13,40977616;52,52862844
143212;11;4;4051655;4501153;2020;9;7;5;3;2;6;0;1;1;0;0;0;0;0;794209,2735;5823382,494;13,33326966;52,48111078
143213;11;1;1011203;1100206;2020;9;6;3;2;5;3;0;0;1;0;1;0;0;0;797878,3186;5827467,457;13,39079144;52,51573857
143214;11;11;11040926;11400931;2020;9;7;5;3;5;3;0;0;1;0;0;0;0;0;806468,9775;5826869,681;13,51644768;52,50562212
143215;11;4;4020311;4200310;2020;9;7;3;3;5;2;0;1;1;0;0;0;0;0;789269,1;5826827,304;13,26372065;52,51463401
143216;11;3;3040512;3400619;2020;9;5;3;3;2;6;0;0;1;0;0;0;1;0;796977,3683;5835831,931;13,38503586;52,5912075
143217;11;6;6020409;6200421;2020;9;6;5;3;2;2;0;0;1;0;1;0;0;0;793460,0383;5817162,909;13,316803;52,4257572
143218;11;3;3061227;3601243;2020;9;6;5;3;2;6;0;0;1;0;0;0;0;0;799264,4716;5831802,221;13,41506104;52,55383425
143219;11;9;9010101;9100101;2020;9;0;3;2;8;1;2;1;0;0;0;0;0;0;802360,697;5825651,579;13,45499802;52,49699649
143220;11;12;12214527;12200515;2020;9;15;4;3;2;7;0;0;1;0;0;0;0;0;790310,6497;5835450,242;13,28656657;52,59138511
143221;11;7;7060604;7601341;2020;9;14;2;3;2;6;0;0;1;0;0;0;0;0;798081,4682;5814493,353;13,38219296;52,39932926
143222;11;1;1033202;1300835;2020;9;15;4;3;0;3;0;1;0;0;0;0;1;0;797414,5464;5830005,253;13,3862471;52,53874
143223;11;11;11041128;11401135;2020;9;10;4;2;6;7;0;1;0;1;0;0;0;0;806064,4504;5825785,712;13,50951004;52,4961343
143224;11;1;1011301;1100308;2020;9;21;4;3;2;6;2;0;1;0;0;0;1;0;797556,1526;5828685,641;13,38714754;52,526834
143225;11;1;1011203;1100206;2020;9;8;3;3;1;5;0;1;0;0;0;0;1;0;797755,0524;5827486,961;13,38899772;52,51598071
143226;11;8;8010118;8100104;2020;9;14;4;3;4;6;0;0;0;0;1;0;1;0;800277,8016;5822220,16;13,42131757;52,46738921
143227;11;9;9020601;9200613;2020;9;0;3;3;2;6;2;0;1;0;1;0;0;0;805892,9734;5821809,118;13,50334431;52,46059052
143228;11;2;2040701;2400623;2020;9;7;3;3;5;2;0;1;1;0;0;0;0;0;800557,9546;5827589,121;13,43027202;52,51535903
143229;11;5;5030833;5300840;2020;9;8;4;3;6;7;0;1;0;1;0;0;0;0;789366,0673;5828810,91;13,26687156;52,53236604
143230;11;4;4030827;4300623;2020;9;20;2;3;5;2;1;0;1;0;0;0;0;0;792323,1563;5826109,052;13,30796791;52,50656675
143231;11;12;12231102;12400721;2020;9;20;4;2;7;7;0;1;0;0;0;0;0;0;790577,5118;5841163,65;13,29551446;52,64246198
143232;11;9;9041301;9401329;2020;9;11;4;3;2;6;0;0;1;0;0;0;0;0;812370,0976;5819597,503;13,59630244;52,43710802
143233;11;12;12103117;12100101;2020;9;14;2;3;3;6;0;0;1;0;1;0;0;0;795863,262;5832605,582;13,36575824;52,56289383
143234;11;12;12224230;12400618;2020;9;11;4;3;5;2;0;0;1;0;1;0;0;0;786672,5879;5838509,117;13,2356592;52,62073911
143235;11;4;4030623;4300622;2020;9;23;4;3;1;5;2;0;1;0;0;0;0;0;793438,4134;5826571,469;13,32476033;52,51011342
143236;11;8;8010212;8100207;2020;9;22;4;3;0;1;2;1;0;0;0;0;0;0;801327,367;5823499,685;13,43787704;52,47828009
143237;11;4;4030725;4300416;2020;9;8;3;3;5;3;0;1;1;0;0;0;0;0;791768,4073;5826432,773;13,30010137;52,50976583
143238;11;9;9010101;9100101;2020;9;18;1;3;2;6;0;0;1;0;0;0;0;0;802317,1015;5825319,253;13,45405621;52,494042
143239;11;12;12214424;12200309;2020;9;22;4;2;5;2;2;1;1;0;0;0;0;0;793420,7817;5832488,261;13,3297256;52,56316391
143240;11;12;12214527;12200515;2020;9;13;2;3;3;6;0;0;1;0;1;0;0;0;790147,0547;5835788,408;13,28445461;52,59450403
143241;11;11;11051331;11501340;2020;9;7;2;3;5;2;0;1;1;0;0;0;0;0;807248,7127;5824230,248;13,52546575;52,48152865
143242;11;1;1011302;1100309;2020;9;21;4;3;1;5;2;1;1;0;0;0;0;0;798967,6916;5829007,272;13,4081816;52,52894472
143243;11;1;3071537;3701556;2020;9;16;1;3;1;5;0;1;1;0;0;0;0;0;799501,0962;5828869,941;13,41589741;52,52742098
143244;11;4;4030931;4501042;2020;9;20;4;3;1;5;2;1;1;0;0;0;0;0;794451,382;5825878,556;13,33903036;52,50335605
143245;11;4;4051550;4501147;2020;9;20;4;3;5;2;2;0;1;0;1;0;0;0;793350,6495;5824513,7;13,32165816;52,49171356
143246;11;4;4051652;4501149;2020;9;20;4;3;5;3;2;1;1;0;0;0;0;0;793447,9674;5824501,629;13,32307679;52,49155304
143247;11;11;11040926;11400931;2020;9;8;3;3;5;2;0;1;1;0;0;0;0;0;806622,746;5827345,255;13,51914416;52,50979792
143248;11;4;4030931;4501042;2020;9;17;2;3;5;2;0;1;1;0;0;0;0;0;794395,0694;5826083,269;13,33838414;52,50522156
143249;11;6;6030609;6300633;2020;9;18;4;2;5;2;0;0;1;0;0;0;0;0;793156,7807;5818220,612;13,31328308;52,43540188
143250;11;12;12214424;12200309;2020;9;5;6;3;5;2;2;1;1;0;0;0;0;1;793419,1364;5832489,631;13,32970261;52,56317708
143251;11;3;3040614;3400722;2020;9;14;4;2;6;4;0;1;0;1;0;0;0;0;798539,4324;5834207,425;13,40656321;52,57579121
143252;11;7;7020202;7200308;2020;9;5;2;3;0;1;2;0;0;0;1;0;0;1;794962,2084;5823926,502;13,34480605;52,48558128
143253;11;12;12214424;12200309;2020;9;9;4;3;2;6;0;0;1;0;1;0;0;0;793381,6278;5833132,998;13,32971982;52,5689647
143254;11;1;1011301;1100308;2020;9;19;5;3;2;6;2;1;1;0;0;0;0;0;797574,486;5828582,512;13,3873247;52,52589957
143255;11;9;9010301;9100304;2020;9;17;7;2;2;6;0;0;1;0;0;0;0;1;804332,7366;5821685,79;13,48033859;52,46035625
143256;11;7;7040401;7400721;2020;9;7;3;3;5;3;0;1;1;0;0;0;0;0;797229,6738;5822948,951;13,37722897;52,47558889
143257;11;5;5020625;5200629;2020;9;10;4;3;3;6;0;0;1;0;0;1;0;0;784290,4813;5828709,364;13,1921619;52,53412671
143258;11;3;3040508;3400618;2020;9;10;4;3;0;2;0;1;1;0;0;0;0;0;795859,8255;5836451,51;13,36914047;52,59737037
143259;11;7;7040403;7400823;2020;9;14;6;3;2;6;0;0;1;0;0;0;1;1;797050,9186;5822176,699;13,37391713;52,46876366
143260;11;1;1033201;1300834;2020;9;15;2;3;5;3;0;0;1;0;1;0;0;0;797910,6785;5830300,79;13,39380564;52,5411181
143261;11;5;5010312;5100314;2020;9;18;4;3;5;3;0;0;1;0;0;0;0;0;785157,467;5829596,016;13,20567006;52,54162341
143262;11;6;6010205;6100205;2020;9;6;5;3;6;2;1;0;1;1;0;0;0;0;795349,8209;5819990,967;13,34701412;52,45009229
143263;11;9;9041301;9401329;2020;9;17;2;3;1;5;0;1;1;0;0;0;0;0;812310,5462;5818693,815;13,59458518;52,42904375
143264;11;1;1033102;1300733;2020;9;17;3;3;1;5;0;1;1;0;0;0;0;0;797149,8584;5831377,031;13,38358312;52,55118074
143265;11;3;3050925;3500936;2020;9;8;5;3;2;7;0;1;1;0;0;0;0;0;802216,3919;5831192,826;13,45791361;52,54674243
143266;11;7;7030303;7300619;2020;9;13;7;3;5;3;0;0;1;0;0;0;0;1;796023,7468;5822813,357;13,35940517;52,47502833
143267;11;5;5030731;5300737;2020;9;19;3;3;2;2;0;0;1;0;0;0;0;0;787467,1465;5829880,375;13,23987967;52,54295919
143268;11;11;11051330;11501339;2020;9;14;5;2;0;7;0;1;0;0;0;1;0;0;807279,893;5825409,015;13,52701016;52,49207539
143269;11;11;11051229;11501238;2020;9;10;7;3;9;1;0;0;1;0;0;0;0;1;803752,7084;5826199,563;13,47593991;52,50113501
143270;11;11;11030721;11300722;2020;9;12;3;3;5;3;0;1;1;0;0;0;0;0;803420,1866;5828617,507;13,4732607;52,52299149
143271;11;1;1044102;1400940;2020;9;17;4;3;5;3;0;1;1;0;0;0;0;0;795227,9446;5832194,671;13,35604741;52,55955525
143272;11;5;5040935;5400942;2020;9;10;6;3;2;6;0;0;1;0;0;0;1;1;782464,4792;5820623,451;13,15845508;52,4625741
143273;11;8;8041040;8401246;2020;9;10;2;3;5;2;0;0;1;0;0;0;0;0;806351,0044;5817141,016;13,50578613;52,41849633
143274;11;10;10040931;10400938;2020;9;12;4;2;0;1;0;0;0;0;1;0;0;0;815052,8224;5829571,597;13,64506089;52,52494459
143275;11;6;6010206;6100206;2020;9;9;4;3;5;2;0;1;1;0;0;0;0;0;794797,0979;5819831,151;13,33876334;52,44895796
143276;11;3;3020209;3200205;2020;9;17;5;3;5;3;0;1;1;0;0;0;0;0;798212,6143;5835271,073;13,40271169;52,58550442
143277;11;6;6020409;6200421;2020;9;21;1;3;8;1;2;0;1;0;0;0;0;1;793116,3794;5817664,039;13,31220254;52,43043396
143278;11;8;8020619;8200622;2020;9;16;3;2;0;6;0;0;1;0;1;0;0;0;801216,5627;5821697,003;13,43462288;52,46218325
143279;11;9;9052001;9502043;2020;9;20;6;3;3;6;2;1;1;0;0;0;0;0;809293,7324;5822753,749;13,55411473;52,46714216
143280;11;2;2040503;2400522;2020;9;9;3;3;1;5;0;1;1;0;0;0;0;0;801402,602;5828748,859;13,44373245;52,5252878
143281;11;2;2030401;2300417;2020;9;18;4;3;5;2;0;1;1;0;0;0;0;0;799994,2811;5825445,364;13,42005857;52,49645399
143282;11;3;3030406;3300413;2020;9;8;6;3;2;6;0;0;1;0;0;0;0;1;803419,7903;5838393,33;13,48219615;52,61060875
143283;11;4;4041241;4400832;2020;9;14;4;3;6;4;0;0;1;1;0;0;0;0;791621,9893;5822439,071;13,29445453;52,4740409
143284;11;4;4030930;4501041;2020;9;11;2;3;0;4;0;0;1;1;0;0;0;0;793148,9904;5825617,413;13,31966783;52,50171628
143285;11;12;12214424;12200309;2020;9;13;4;2;1;5;0;1;1;0;0;0;0;0;793045,6452;5832671,639;13,32436919;52,56500984
143286;11;3;3050923;3500934;2020;9;8;4;3;5;3;0;1;1;0;0;0;0;0;801094,7633;5831490,419;13,44169272;52,55003083
143287;11;7;7040401;7400720;2020;9;17;4;2;5;3;0;0;1;0;0;0;0;0;797013,2991;5823565,509;13,37460173;52,48123344
143288;11;4;4020310;4200308;2020;9;8;6;3;2;6;0;0;1;0;0;1;1;1;788773,6895;5827647,601;13,25715248;52,52225078
143289;11;1;1011402;1100416;2020;9;14;2;3;1;5;0;1;1;0;0;0;0;0;798789,3291;5829846,347;13,40631439;52,5365636
143290;11;8;8041035;8401241;2020;9;7;4;3;0;3;0;0;1;0;1;0;0;0;804521,5313;5818130,635;13,47986872;52,42838706
143291;11;4;4051549;4501146;2020;9;8;4;3;1;5;0;1;1;0;0;0;0;0;793265,7158;5823660,341;13,31965984;52,48410913
143292;11;9;9020501;9200510;2020;9;14;5;3;5;2;0;1;1;0;0;0;0;0;806227,787;5822178,22;13,50859548;52,46371106
143293;11;3;3061131;3601142;2020;9;13;1;3;0;7;0;0;1;0;1;0;0;0;798634,7978;5830288,993;13,40444062;52,54061599
143294;11;6;6010204;6100204;2020;9;10;3;3;1;5;0;1;1;0;0;0;0;0;795533,5785;5820184,487;13,34988147;52,45172776
143295;11;9;9020502;9200512;2020;9;23;6;2;0;1;2;0;0;0;1;0;0;0;808556,0307;5821659,584;13,5422783;52,45775337
143296;11;2;2010103;2100104;2020;9;8;3;3;0;2;0;1;1;0;0;0;0;0;799292,2753;5826221,538;13,41044621;52,50379668
143297;11;3;3040614;3400725;2020;9;8;4;3;4;6;0;1;0;0;0;0;0;0;800016,795;5835478,679;13,42944969;52,5863733
143298;11;10;10010310;10100315;2020;9;5;6;3;9;1;2;0;1;0;0;0;1;1;809907,5564;5831583,371;13,57134071;52,54592196
143299;11;2;2020204;2200210;2020;9;14;4;3;6;7;0;0;1;1;0;0;0;0;797896,8137;5824883,557;13,38875137;52,49256694
143300;11;9;9030901;9300920;2020;9;6;2;3;1;7;1;0;1;0;0;0;0;0;808951,6006;5817172,856;13,54393486;52,41731996
143301;11;2;2050602;2500727;2020;9;12;4;3;5;7;0;1;1;0;0;0;0;0;802619,9407;5827843,051;13,46079722;52,51649484
143302;11;5;5010314;5100316;2020;9;15;5;3;3;6;0;0;1;0;0;0;0;0;785063,1451;5829466,443;13,20417183;52,54051103
143303;11;3;3061227;3601244;2020;9;20;7;3;5;3;2;0;1;0;0;0;0;1;800056,5227;5831262,025;13,42622018;52,54855656
143304;11;5;5020419;5200423;2020;9;8;3;3;2;6;0;0;1;0;1;0;0;0;782004,5507;5828457,531;13,15833665;52,5330563
143305;11;3;3030716;3300517;2020;9;8;4;3;1;3;0;1;1;0;0;0;0;0;802999,0704;5833924,767;13,47191461;52,57079334
143306;11;10;10040931;10400938;2020;9;12;5;3;5;3;0;1;1;0;0;0;0;0;814055,3406;5829451,753;13,63029337;52,52444613
143307;11;8;8020726;8200831;2020;9;6;1;3;1;7;1;0;1;0;0;0;1;0;799667,9924;5817640,518;13,40825964;52,42667382
143308;11;2;2050801;2500832;2020;9;14;3;2;6;4;0;0;1;1;0;0;0;0;803549,1425;5827186,081;13,47384965;52,51009021
143309;11;1;1011105;1100102;2020;9;18;6;3;5;2;0;1;1;0;0;0;0;1;796590,6414;5826877,131;13,37134482;52,51114867
143310;11;3;3071536;3701554;2020;9;7;3;3;5;2;0;1;1;0;0;0;0;0;799231,7504;5829269,193;13,41229827;52,53114757
143311;11;2;2020202;2200208;2020;9;8;4;3;5;2;0;1;1;0;0;0;0;0;797880,96;5825062,838;13,38867884;52,49418264
143312;11;10;10020416;10200423;2020;9;13;6;3;0;7;0;0;0;0;1;0;0;1;813683,7303;5831114,147;13,62640254;52,53955647
143313;11;8;8010510;8100521;2020;9;14;4;2;5;2;0;0;1;0;1;1;0;0;803436,4786;5821901,107;13,46738337;52,46278449
143314;11;11;11030619;11300620;2020;9;5;2;3;2;2;1;0;1;0;0;0;0;1;803545,6542;5829729,627;13,47611958;52,53288927
143315;11;4;4041137;4400727;2020;9;9;4;3;1;7;0;0;1;0;0;0;0;0;791849,0798;5823922,207;13,29908674;52,4872158
143316;11;7;7070702;7601443;2020;9;18;5;3;5;3;1;0;1;0;0;0;0;0;800391,7673;5814524,891;13,41607663;52,39834972
143317;11;1;1033203;1300836;2020;9;12;7;3;5;3;0;1;1;0;0;0;0;1;796938,9701;5830135,464;13,37937199;52,54016654
143318;11;7;7010102;7100102;2020;9;23;3;2;6;4;2;1;0;1;0;0;0;0;795405,1645;5825477,439;13,35268547;52,4992448
143319;11;7;7020204;7200414;2020;9;7;4;3;3;6;0;1;1;0;0;0;0;0;796316,4478;5823953,831;13,36471561;52,48509298
143320;11;4;4031032;4500937;2020;9;7;4;2;5;3;0;0;1;0;0;0;0;0;791257,7735;5824993,77;13,2913398;52,49713812
143321;11;2;2010102;2100102;2020;9;14;6;3;1;5;0;1;1;0;0;0;0;1;798199,6744;5826509,654;13,39465498;52,5069775
143322;11;1;1011301;1100308;2020;9;9;2;3;2;6;0;1;1;0;0;0;0;0;797200,52;5828330,11;13,38160304;52,52384105
143323;11;9;9031202;9301228;2020;9;6;4;2;7;7;1;0;0;0;1;0;0;0;818144,9442;5812626,995;13,67434993;52,37132157
143324;11;1;1011102;1100102;2020;9;17;5;3;5;7;0;1;1;0;0;0;0;0;796575,7636;5827815,637;13,37196275;52,51956951
143325;11;3;3010101;3100101;2020;9;16;4;1;5;2;0;0;1;0;1;0;0;0;803007,585;5842059,688;13,47948793;52,64369854
143326;11;4;4051652;4501149;2020;9;16;6;3;1;7;0;0;1;0;0;0;0;0;793441,9826;5824100,551;13,3226357;52,48796075
143327;11;11;11041128;11401137;2020;9;10;2;2;5;3;0;1;1;0;0;0;0;0;806475,5405;5826861,951;13,51653696;52,50554915
143328;11;7;7030303;7300619;2020;9;7;3;3;0;2;0;1;0;0;0;0;1;0;796045,133;5822843,27;13,35974568;52,47528489
143329;11;6;6030605;6300629;2020;9;12;6;3;5;3;0;0;1;0;0;0;0;1;792683,4355;5819785,15;13,3077104;52,44968125
143330;11;3;3050923;3500934;2020;9;18;2;3;1;5;0;1;0;0;0;0;1;0;800376,1354;5831892,913;13,43149029;52,55403521
143331;11;1;1022206;1200628;2020;9;7;3;3;2;6;1;1;0;0;0;0;1;0;795730,5487;5828205,178;13,35988864;52,52352043
143332;11;1;1011103;1100103;2020;9;13;5;3;5;3;0;0;1;0;0;0;0;0;795330,0343;5826170,691;13,35219677;52,50549995
143333;11;5;5030730;5300736;2020;9;8;7;3;9;1;0;0;1;0;0;0;0;1;786266,7329;5829150,204;13,22159787;52,53704473
143334;11;4;4041344;4400835;2020;9;11;3;2;0;7;0;1;0;0;0;0;0;0;793027,416;5822301,638;13,31496666;52,47205669
143335;11;2;2020204;2200210;2020;9;9;3;3;5;2;0;1;1;0;0;0;0;0;798795,163;5824940,355;13,40199482;52,49258507
143336;11;12;12103219;12100204;2020;9;9;6;3;5;2;0;1;0;0;0;0;1;1;794902,632;5832456,384;13,3514951;52,56207756
143337;11;9;9020502;9200511;2020;9;7;4;3;5;2;0;1;1;0;0;0;0;0;807092,5428;5821909,18;13,52103678;52,46081456
143338;11;8;8020619;8200623;2020;9;14;3;3;5;2;0;1;1;0;0;0;0;0;802459,6221;5820696,802;13,45195771;52,45253175
143339;11;7;7010104;7100205;2020;9;17;5;3;6;6;0;1;0;1;0;0;0;0;796434,5079;5824890,716;13,36728254;52,49342721
143340;11;9;9051901;9501939;2020;9;20;1;3;1;5;2;0;1;0;0;0;0;1;810856,5372;5821403,658;13,57578915;52,45415635
143341;11;7;7070706;7601547;2020;9;16;3;3;5;3;0;0;1;0;0;0;0;0;799819,98;5812662,447;13,40603186;52,38196853
143342;11;8;8010405;8100418;2020;9;16;1;3;3;6;0;1;1;0;0;0;0;0;802024,0004;5823524,476;13,4481258;52,47811749
143343;11;12;12231101;12400723;2020;9;17;3;3;5;3;0;0;1;0;0;0;1;0;791698,3934;5839250,602;13,31034431;52,62471133
143344;11;2;2050801;2500830;2020;9;13;5;3;5;3;0;0;1;0;1;0;0;0;802443,6484;5827416,085;13,45781905;52,51276575
143345;11;4;4030415;4300412;2020;9;13;7;3;6;4;0;0;1;1;0;0;0;1;790780,8825;5827380,889;13,28642003;52,518793
143346;11;11;11051332;11501341;2020;9;16;3;3;2;3;0;1;0;0;1;0;0;0;807033,3977;5823511,691;13,52164353;52,47520989
143347;11;6;6020409;6200421;2020;9;17;3;3;0;5;1;0;1;0;0;0;0;0;793495,1861;5818075,138;13,31811906;52,43391626
143348;11;2;2010101;2100101;2020;9;7;6;3;5;3;0;0;1;0;1;0;0;1;797694,4064;5825806,122;13,38660341;52,50094709
143349;11;8;8010301;8100312;2020;9;14;2;3;6;7;0;0;1;1;0;0;0;0;800852,3006;5824321,81;13,43164501;52,48591096
143350;11;4;4030929;4501040;2020;9;8;4;3;5;3;0;1;0;0;1;0;0;0;792623,202;5825440,018;13,31178811;52,50040821
143351;11;6;6040810;6400844;2020;9;16;3;2;5;2;0;1;1;0;0;0;0;0;791324,5694;5820636,738;13,28851453;52,45804163
143352;11;5;5010314;5100316;2020;9;16;5;2;6;7;0;0;1;1;0;0;0;0;784590,1674;5829492,741;13,19723914;52,54099406
143353;11;4;4051445;4500939;2020;9;12;1;2;5;3;0;0;1;0;0;0;0;0;792622,1891;5824190,184;13,31067537;52,48920432
143354;11;6;6020411;6200423;2020;9;15;3;3;3;6;0;0;1;0;0;1;0;0;793824,9961;5815600,742;13,32078328;52,41155693
143355;11;10;10040933;10400941;2020;9;15;6;2;0;3;0;1;1;0;0;0;0;1;813215,6679;5825960,118;13,614672;52,4936406
143356;11;8;8010118;8100104;2020;9;8;3;3;5;3;0;1;1;0;0;0;0;0;800940,5664;5822309,571;13,43112515;52,46782598
143357;11;6;6010208;6100208;2020;9;15;3;3;3;6;0;0;1;0;0;0;0;0;794321,9106;5820469,942;13,33235431;52,45494046
143358;11;4;4030725;4300416;2020;9;5;6;3;5;3;2;1;1;0;0;0;0;1;792000,0176;5825973,405;13,30310144;52,50552375
143359;11;3;3040513;3400620;2020;9;14;4;3;5;3;0;0;1;0;0;0;0;0;797409,68;5833972,939;13,3897306;52,57430792
143360;11;1;1011401;1100415;2020;9;7;6;3;0;1;0;1;0;0;0;0;0;1;798321,7044;5829357,373;13,39900144;52,53243679
143361;11;10;10020413;10200420;2020;9;9;3;3;5;2;0;0;1;0;1;0;0;0;812011,7189;5830583,307;13,60133095;52,53575939
143362;11;4;4041137;4400727;2020;9;15;3;3;1;5;0;0;1;0;0;0;0;0;791041,2886;5823091,092;13,28649815;52,48019605
143363;11;9;9052001;9502043;2020;9;7;6;2;5;3;1;0;1;0;1;0;0;1;809220,8548;5823023,457;13,55329528;52,46960049
143364;11;5;5010101;5100101;2020;9;13;4;3;5;3;0;1;1;0;0;0;0;0;784419,6446;5831933,211;13,19682226;52,56296434
143365;11;1;1022106;1200522;2020;9;15;2;3;6;7;0;1;0;1;0;0;0;0;794117,6342;5828026,193;13,33602572;52,52278839
143366;11;1;1011303;1100310;2020;9;13;4;3;0;4;0;0;0;1;1;0;0;0;799051,945;5828479,945;13,40894564;52,5241718
143367;11;9;9020702;9200717;2020;9;16;5;3;5;3;0;0;0;0;1;0;0;0;809407,4491;5819686,631;13,55294184;52,43959072
143368;11;1;1022106;1200522;2020;9;23;7;3;5;2;2;1;1;0;0;0;0;1;794325,1072;5828366,234;13,33937581;52,52572468
143369;11;6;6040804;6400838;2020;9;13;3;3;2;6;0;0;1;0;0;0;0;0;787491,1431;5818198,525;13,23015336;52,43821133
143370;11;11;11040925;11400927;2020;9;10;5;3;3;6;0;0;1;0;1;0;0;0;803713,6914;5826365,044;13,47551781;52,50263989
143371;11;11;11020515;11200514;2020;9;17;6;3;6;4;2;0;1;1;0;0;0;1;804832,1409;5830159,299;13,49542101;52,53602226
143372;11;4;4030827;4300623;2020;9;15;2;3;5;2;0;1;1;0;0;0;0;0;792737,4079;5826109,662;13,31405449;52,50635011
143373;11;4;4020310;4200308;2020;9;14;3;2;0;7;0;1;0;0;0;0;0;0;789764,06;5828387,115;13,27235307;52,52835523
143374;11;4;4031032;4500937;2020;9;13;6;3;5;2;0;0;1;0;0;0;0;1;791850,9401;5825215,053;13,30024659;52,49880501
143375;11;6;6010205;6100205;2020;9;13;4;3;5;3;0;1;1;0;0;0;0;0;794861,7744;5820057,668;13,33991223;52,45095368
143376;11;11;11030720;11300721;2020;9;19;2;2;5;3;1;1;1;0;0;0;0;0;804919,0367;5829941,614;13,49649848;52,53402266
143377;11;1;1033201;1300834;2020;9;12;3;3;5;3;0;0;1;0;0;0;0;0;797820,1031;5830765,041;13,39289025;52,54532901
143378;11;11;11020411;11200410;2020;9;10;5;3;5;3;0;0;1;0;0;0;0;0;804989,5942;5833003,565;13,50034734;52,56142559
143379;11;7;7070703;7601544;2020;9;18;5;2;5;2;0;0;1;0;0;0;0;0;799790,6495;5813977,043;13,4067778;52,39376831
143380;11;1;1011105;1100102;2020;9;12;7;3;0;1;0;0;0;0;0;0;1;1;796387,6111;5826621,631;13,36813436;52,50896871
143381;11;7;7040403;7400823;2020;9;12;3;3;2;7;0;0;0;0;1;0;1;0;797090,2442;5821234,747;13,37365582;52,46029858
143382;11;2;2020206;2200213;2020;9;20;2;3;2;2;2;0;1;0;0;0;1;0;799847,8501;5824796,773;13,41732433;52,49072083
143383;11;7;7010104;7100205;2020;9;11;4;3;0;2;0;0;1;0;0;0;1;0;796016,8905;5824955,031;13,36120643;52,49423039
143384;11;1;1011304;1100311;2020;9;9;5;3;5;2;0;1;1;0;0;0;0;0;799727,6864;5827760,913;13,41822809;52,51735578
143385;11;3;3050923;3500934;2020;9;22;5;3;5;3;2;0;1;0;1;0;0;0;800398,6034;5831684,194;13,43163183;52,55215202
143386;11;4;4051551;4501148;2020;9;19;7;2;5;2;2;0;1;0;0;0;0;1;793340,4901;5823072,473;13,32024058;52,47879894
143387;11;1;1011302;1100309;2020;9;21;3;3;3;6;2;1;1;0;0;0;0;0;798501,4051;5829050,291;13,40136704;52,52958586
143388;11;7;7070704;7601545;2020;9;14;3;3;6;2;0;0;1;1;0;0;0;0;800193,3547;5813587,411;13,41232936;52,39005524
143389;11;3;3061429;3601449;2020;9;13;3;2;5;3;0;1;0;0;0;0;1;0;801385,2666;5830663,486;13,44521378;52,54245834
143390;11;1;1011101;1100101;2020;9;12;6;3;5;3;0;0;1;0;1;0;0;1;795136,0528;5826498,689;13,34963787;52,50854517
143391;11;12;12231102;12400721;2020;9;16;2;3;5;3;0;1;1;0;0;0;0;0;789977,6078;5840997,963;13,28652783;52,64129739
143392;11;8;8030831;8301036;2020;9;14;3;3;5;3;0;0;1;0;0;0;0;0;803360,7028;5817393,254;13,46217919;52,42242277
143393;11;1;1022103;1200517;2020;9;12;6;3;2;6;0;0;1;0;0;0;0;0;793724,0788;5829920,093;13,33191522;52,53997831
143394;11;1;1011301;1100308;2020;9;17;2;3;2;6;0;0;1;0;0;0;1;0;796771,698;5829643,732;13,37647365;52,53584982
143395;11;2;2010104;2100106;2020;9;20;3;2;6;4;2;0;1;1;0;0;0;0;798684,2054;5825570,741;13,40093059;52,49829636
143396;11;9;9010202;9100203;2020;9;8;5;3;5;2;0;0;1;0;0;0;0;0;803871,8565;5823193,455;13,47494902;52,47412564
143397;11;7;7070704;7601545;2020;9;7;5;3;5;2;0;1;1;0;0;0;0;0;800188,8986;5813819,919;13,41247231;52,39214181
143398;11;11;11040925;11400927;2020;9;14;7;2;5;1;0;0;1;0;1;0;0;1;803513,6383;5826607,746;13,47280082;52,50492648
143399;11;11;11051331;11501340;2020;9;9;3;3;3;6;0;1;1;0;0;0;0;0;807240,3422;5824294,855;13,52540242;52,48211237
143400;11;1;1011203;1100206;2020;9;14;3;2;5;3;0;1;1;0;0;0;0;0;797623,9441;5827016,838;13,38665082;52,51183818