OBJECTID;LAND;BEZ;LOR;LOR_ab_2021;UJAHR;UMONAT;USTUNDE;UWOCHENTAG;UKATEGORIE;UART;UTYP1;ULICHTVERH;IstRad;IstPKW;IstFuss;IstKrad;IstGkfz;IstSonstige;USTRZUSTAND;LINREFX;LINREFY;XGCSWGS84;YGCSWGS84
143401;11;1;1011102;1100102;2020;9;8;6;3;2;6;0;0;1;0;0;0;0;1;795192,0642;5827240,593;13,35111883;52,51516548
143402;11;6;6040804;6400838;2020;9;13;3;3;5;3;0;0;1;0;0;0;0;0;787734,3425;5818268,344;13,23378131;52,4387094
143403;11;9;9020801;9200818;2020;9;14;6;3;2;6;0;0;1;0;0;1;0;1;809691,641;5821178,143;13,55849187;52,45279653
143404;11;6;6040703;6400737;2020;9;10;2;3;5;2;0;1;1;0;0;0;0;0;787136,364;5817205,235;13,22409543;52,42949203
143405;11;3;3040614;3400722;2020;9;13;4;3;1;5;0;1;1;0;0;0;0;0;798706,9779;5833761,133;13,40862627;52,57169896
143406;11;9;9051901;9501941;2020;9;13;3;3;5;2;0;1;1;0;0;0;0;0;812068,9428;5821345,521;13,5935192;52,45294458
143407;11;8;8010510;8100521;2020;9;17;5;3;0;4;0;1;0;1;0;0;0;0;803774,3052;5821639,833;13,47210285;52,46025504
143408;11;8;8010406;8100419;2020;9;17;1;2;1;5;0;1;1;0;0;0;0;0;802489,9415;5824178,873;13,45555922;52,48372501
143409;11;1;1022207;1200629;2020;9;11;3;3;1;5;0;1;1;0;0;0;0;0;794876,4652;5827729,678;13,34691496;52,5197205
143410;11;8;8020727;8200832;2020;9;8;5;3;6;4;0;0;1;1;0;0;0;0;801761,0592;5816758,971;13,43815461;52,4176219
143411;11;2;2020203;2200209;2020;9;12;5;2;5;2;0;1;1;0;0;0;0;0;797769,074;5824598,133;13,38662037;52,49007815
143412;11;9;9051901;9501940;2020;9;12;7;3;5;2;0;0;1;0;0;0;0;1;811166,3823;5821712,341;13,58062187;52,45674634
143413;11;4;4030931;4501042;2020;9;9;3;3;2;6;0;0;1;0;1;0;0;1;793929,2062;5825958,817;13,33143035;52,50435708
143414;11;7;7070703;7601544;2020;9;12;3;3;1;7;0;0;1;0;0;0;0;0;799737,7177;5813181,065;13,40529045;52,38666231
143415;11;12;12214421;12200307;2020;9;14;6;3;3;6;0;0;1;0;0;0;0;1;793386,9377;5833167,209;13,32982821;52,56926852
143416;11;6;6020409;6200421;2020;9;13;4;3;5;2;0;0;1;0;1;0;0;0;793305,3214;5816954,971;13,31435179;52,42397604
143417;11;6;6030502;6300525;2020;9;7;2;3;6;4;0;1;0;1;0;0;0;0;790294,663;5814805,472;13,26833649;52,40631058
143418;11;7;7050504;7501032;2020;9;13;4;3;5;3;0;1;1;0;0;0;0;0;799457,38;5819622,312;13,40694662;52,44455332
143419;11;8;8010406;8100419;2020;9;12;3;3;5;3;0;1;1;0;0;0;0;0;802401,6289;5824055,553;13,45415082;52,4826686
143420;11;5;5010314;5100316;2020;9;22;5;3;1;5;2;0;1;0;0;0;1;0;785347,3842;5829283,048;13,20819406;52,53871796
143421;11;8;8020728;8200833;2020;9;6;1;3;5;2;0;0;1;0;0;0;0;0;802016,9847;5817396,281;13,44248161;52,42319314
143422;11;1;1022104;1200520;2020;9;14;3;3;5;2;0;0;1;0;0;0;0;0;794554,0769;5829051,586;13,34334827;52,53174473
143423;11;10;10040830;10400837;2020;9;15;2;3;5;3;0;0;1;0;0;0;0;0;810879,2063;5827012,669;13,5813508;52,50440864
143424;11;10;10020622;10200629;2020;9;7;4;3;2;2;0;1;1;0;0;0;0;0;811161,7352;5828836,341;13,5872049;52,52059019
143425;11;12;12214527;12200515;2020;9;11;3;2;5;2;0;1;1;0;0;0;0;0;789872,7656;5835744,253;13,28037797;52,59425446
143426;11;1;1044101;1400938;2020;9;17;5;3;5;3;0;0;1;0;0;0;1;0;794356,8433;5831082,748;13,34224865;52,55005925
143427;11;1;1033101;1300732;2020;9;16;1;3;6;4;0;0;1;1;0;0;0;0;797353,0601;5832396,327;13,38748429;52,56020656
143428;11;9;9020802;9200819;2020;9;16;3;3;5;3;0;1;1;0;0;0;0;0;810080,2812;5820403,604;13,56347379;52,44563502
143429;11;2;2020202;2200208;2020;9;23;6;3;5;3;2;0;1;0;0;0;0;0;797595,6937;5825328,356;13,38472659;52,49671831
143430;11;7;7010104;7100205;2020;9;8;3;3;4;6;0;1;0;0;0;0;0;0;796006,246;5824977,127;13,36106973;52,49443423
143431;11;1;1022206;1200628;2020;9;11;3;3;5;2;0;1;1;0;0;0;0;0;795541,0657;5828196,544;13,35709624;52,52354578
143432;11;4;4030623;4300622;2020;9;6;6;3;5;2;2;1;0;0;0;0;1;1;792918,8034;5826768,788;13,31729952;52,51216158
143433;11;2;2010103;2100104;2020;9;17;4;3;6;7;0;0;0;1;0;0;1;0;799374,6011;5826179,853;13,411618;52,50337787
143434;11;7;7010104;7100205;2020;9;6;2;3;6;2;0;0;1;1;0;0;0;0;796012,9164;5824976,596;13,36116722;52,49442586
143435;11;4;4030623;4300622;2020;9;12;4;3;2;6;0;0;1;0;0;0;0;0;793253,8011;5826901,85;13,32233901;52,51317442
143436;11;9;9051702;9501737;2020;9;17;4;3;2;6;0;0;1;0;0;0;0;0;814210,0772;5821957,014;13,62549999;52,45719771
143437;11;6;6030503;6300526;2020;9;16;5;3;2;2;0;1;1;0;0;0;0;0;789511,6218;5817491,477;13,25918156;52,4308065
143438;11;3;3061131;3601142;2020;9;20;7;3;0;3;2;0;1;0;1;0;0;1;798880,506;5830395,914;13,40814901;52,54143966
143439;11;11;11020515;11200514;2020;9;15;3;2;1;5;0;0;1;0;0;0;1;0;804506,6187;5830182,862;13,49065809;52,53641541
143440;11;2;2050801;2500830;2020;9;16;4;2;5;2;0;1;1;0;0;0;0;0;802440,0239;5827414,984;13,4577648;52,51275789
143441;11;2;2010104;2100106;2020;9;16;6;3;6;7;0;0;1;1;0;0;0;0;799727,0261;5825475,338;13,41616057;52,4968695
143442;11;10;10010204;10100206;2020;9;17;2;2;2;6;0;0;1;0;1;0;0;0;809849,3698;5832643,514;13,57147461;52,55545553
143443;11;3;3061126;3601141;2020;9;18;6;2;9;1;1;1;0;0;0;0;0;0;798738,3434;5831821,012;13,40734094;52,55429152
143444;11;6;6040807;6400841;2020;9;7;3;3;5;3;0;1;1;0;0;0;0;0;789690,834;5818445,97;13,26263727;52,43926905
143445;11;8;8020625;8200730;2020;9;10;3;2;6;2;0;0;1;1;0;0;0;0;802272,8363;5818946,988;13,44763438;52,43695119
143446;11;4;4030931;4501042;2020;9;13;6;3;5;2;0;0;1;0;1;0;0;1;793979,6649;5826176,451;13,33236379;52,50628088
143447;11;1;1033203;1300836;2020;9;13;4;3;5;3;0;0;1;0;0;0;0;0;796939,5306;5830138,75;13,37938317;52,54019568
143448;11;5;5010314;5100316;2020;9;5;2;3;6;7;2;1;0;1;0;0;0;1;783629,3493;5829144,805;13,18281273;52,53837541
143449;11;2;2040703;2400625;2020;9;9;4;3;5;2;0;1;0;0;1;0;0;0;801289,4047;5827406,16;13,44085291;52,51331556
143450;11;6;6010103;6100103;2020;9;14;5;3;1;5;0;1;1;0;0;0;0;0;793509,7471;5821453,721;13,32130139;52,46419645
143451;11;1;1044201;1401043;2020;9;15;7;3;6;2;0;0;1;1;0;0;0;1;796125,7412;5830769,912;13,36798167;52,54629626
143452;11;8;8010508;8100520;2020;9;7;3;3;3;6;0;0;0;0;1;1;0;1;803321,481;5822850,682;13,46655904;52,4713593
143453;11;6;6020411;6200423;2020;9;10;3;3;0;1;0;1;0;0;0;0;0;0;794979,052;5815659,076;13,33775272;52,41145924
143454;11;1;1022104;1200520;2020;9;10;3;3;0;2;0;0;1;0;0;0;1;0;794573,1585;5828438,766;13,34308579;52,52624092
143455;11;2;2050802;2500834;2020;9;10;6;3;5;2;0;1;1;0;0;0;0;1;802554,365;5826728,542;13,45882062;52,50654194
143456;11;8;8041040;8401246;2020;9;15;2;3;5;3;0;1;1;0;0;0;0;0;806346,9537;5816438,908;13,50508414;52,41220595
143457;11;7;7050503;7501031;2020;9;9;3;3;5;2;0;1;0;0;0;0;1;0;799460,597;5820510,623;13,40779014;52,45251408
143458;11;1;1011201;1100205;2020;9;6;5;3;5;3;1;1;1;0;0;0;0;0;796943,4811;5826780,757;13,37644274;52,51009282
143459;11;6;6010205;6100205;2020;9;19;1;3;6;2;2;0;1;1;0;0;0;1;795347,6295;5819988,847;13,34698009;52,45007447
143460;11;1;1022105;1200521;2020;9;17;3;3;6;4;0;1;0;1;0;0;0;0;793714,8374;5828473,368;13,3305009;52,5270142
143461;11;12;12214125;12200414;2020;9;16;4;3;5;2;0;1;1;0;0;0;0;0;791915,579;5831506,331;13,30671947;52,55517033
143462;11;1;1022106;1200522;2020;9;13;5;2;6;7;0;1;0;1;0;0;0;0;794167,5161;5827734,254;13,33650062;52,52014442
143463;11;4;4030620;4300619;2020;9;17;3;3;0;7;0;1;1;0;0;0;0;0;792818,2372;5827186,363;13,31618931;52,51595899
143464;11;2;2020204;2200210;2020;9;12;6;3;5;2;0;1;0;0;0;0;0;1;798791,1637;5824943,946;13,40193931;52,49261944
143465;11;1;1033102;1300733;2020;9;18;2;3;2;6;1;0;1;0;0;0;0;0;797279,011;5831283,885;13,38539894;52,55027533
143466;11;7;7050501;7501029;2020;9;18;3;3;3;6;0;1;1;0;0;0;0;0;797340,283;5819407,411;13,37569826;52,44378231
143467;11;3;3061227;3601244;2020;9;14;5;3;5;3;0;0;1;0;0;0;1;0;800111,187;5831695,316;13,42741554;52,55241015
143468;11;9;9020802;9200819;2020;9;8;7;3;0;1;0;0;0;0;1;0;0;1;810591,073;5819883,389;13,57048169;52,44068313
143469;11;5;5010314;5100316;2020;9;19;3;3;0;6;2;0;1;0;1;0;0;0;784997,1273;5829394,493;13,20313931;52,53990046
143470;11;1;1011105;1100102;2020;9;17;3;3;5;3;0;0;1;0;0;0;0;0;796834,1625;5826359,739;13,37446124;52,50637833
143471;11;10;10030726;10300733;2020;9;10;6;3;2;7;0;0;1;0;1;0;0;1;808927,6074;5827356,471;13,55300855;52,50859815
143472;11;6;6040808;6400842;2020;9;8;2;3;5;3;0;1;1;0;0;0;0;0;790549,6362;5821755,378;13,27811538;52,46848298
143473;11;9;9020701;9200715;2020;9;0;4;3;9;7;2;0;1;0;0;0;0;0;808485,603;5819041,24;13,53882755;52,43432742
143474;11;2;2010101;2100101;2020;9;17;3;3;5;2;0;1;1;0;0;0;0;0;797753,7872;5826069,549;13,38771116;52,50327601
143475;11;7;7020203;7200409;2020;9;17;5;3;5;3;0;1;0;0;0;0;0;0;795183,7428;5823919,643;13,34805298;52,48540007
143476;11;8;8020619;8200622;2020;9;21;1;2;2;6;2;0;1;0;0;0;0;0;801240,297;5821611,632;13,43489413;52,46140495
143477;11;1;1022206;1200628;2020;9;16;3;2;5;3;0;0;1;0;0;0;0;0;795717,81;5828196,358;13,35969358;52,52344828
143478;11;6;6040809;6400843;2020;9;9;6;3;2;6;0;0;1;0;0;0;0;1;792125,6912;5820352,331;13,30002278;52,45506432
143479;11;2;2020204;2200210;2020;9;10;3;3;0;5;0;1;1;0;0;0;0;0;798880,5548;5824656,108;13,40299386;52,48999042
143480;11;4;4030725;4300416;2020;9;17;3;3;3;6;0;0;0;0;0;0;1;0;791888,1446;5826460,987;13,3018854;52,50995471
143481;11;8;8010303;8100314;2020;9;13;7;3;2;6;0;1;1;0;0;0;0;1;801284,5159;5823824,847;13,4375418;52,48121823
143482;11;3;3050920;3500933;2020;9;19;3;2;5;3;2;1;0;0;1;0;0;0;802285,5158;5832336,119;13,45997075;52,55695127
143483;11;9;9020802;9200819;2020;9;17;3;3;5;2;0;1;0;0;1;0;0;0;810038,2416;5819410,397;13,56193585;52,43675796
143484;11;1;1011201;1100205;2020;9;8;6;3;5;3;0;1;1;0;0;0;0;1;796943,2094;5826780,714;13,37643871;52,51009258
143485;11;4;4051654;4501150;2020;9;7;2;3;6;4;0;1;0;1;0;0;0;1;793898,8;5823936,79;13,32919973;52,48624698
143486;11;3;3020210;3200207;2020;9;7;4;3;5;3;0;1;1;0;0;0;0;0;798435,2936;5835602,139;13,40628687;52,58834981
143487;11;7;6010210;6100210;2020;9;1;3;2;9;1;2;0;1;0;0;0;0;0;795338,7224;5821007,97;13,34775077;52,45921508
143488;11;8;8010404;8100416;2020;9;16;5;3;2;6;0;0;1;0;1;0;0;0;801477,851;5823245,015;13,43985588;52,47591437
143489;11;11;11020412;11200411;2020;9;14;1;2;5;3;0;1;1;0;0;0;0;0;805842,3369;5831853,577;13,5118283;52,55064087
143490;11;1;1022204;1200626;2020;9;15;3;3;5;2;0;1;1;0;0;0;0;0;794535,1211;5828207,398;13,3423218;52,52418741
143491;11;4;4010103;4100102;2020;9;15;4;3;5;3;0;1;1;0;0;0;0;0;791833,8128;5829752,349;13,30397554;52,53949017
143492;11;1;1011304;1100311;2020;9;13;6;3;1;5;0;1;1;0;0;0;0;1;799853,3017;5827762,574;13,42007527;52,51730162
143493;11;12;12224229;12400616;2020;9;8;3;3;5;3;0;0;1;0;0;0;0;0;786244,4649;5834744,908;13,22609696;52,58721663
143494;11;2;2010104;2100106;2020;9;17;3;3;6;4;0;0;1;1;0;0;0;0;799813,9829;5825702,028;13,4176417;52,49885366
143495;11;3;3010102;3100103;2020;9;14;6;3;0;7;0;0;0;0;0;0;1;1;804484,2922;5840941,323;13,50021481;52,63284933
143496;11;2;2030401;2300417;2020;9;13;4;3;6;2;0;0;1;1;0;0;0;0;800600,9992;5825194,641;13,42874262;52,49387285
143497;11;6;6010209;6100209;2020;9;11;2;3;1;5;0;0;1;0;0;0;0;0;794437,4462;5821144,418;13,33464452;52,46092459
143498;11;1;1044203;1401049;2020;9;11;4;3;5;2;0;1;0;0;0;0;1;0;795899,0484;5831964,981;13,36571346;52,55713205
143499;11;7;7020202;7200308;2020;9;15;5;3;4;5;0;1;1;0;0;0;0;0;795393,7988;5823283,168;13,35057346;52,47958092
143500;11;1;1011201;1100205;2020;9;7;6;2;5;2;0;1;1;0;0;0;0;1;796967,9432;5827045,819;13,37703864;52,5124555
143501;11;2;2040701;2400623;2020;9;12;4;3;6;4;0;0;1;1;0;0;0;0;800654,9499;5827575,159;13,43168449;52,51518043
143502;11;4;4030931;4501042;2020;9;12;2;3;2;6;0;0;1;0;0;0;0;0;793959,3608;5825920,987;13,33183994;52,50400172
143503;11;4;4030623;4300622;2020;9;13;4;3;3;6;0;1;1;0;0;0;0;0;793701,0381;5826078,522;13,32818403;52,50555305
143504;11;9;9031101;9301126;2020;9;16;5;3;5;2;0;0;1;0;0;0;0;0;811040,974;5816919,413;13,57432305;52,41386541
143505;11;1;1022106;1200522;2020;9;23;7;3;6;2;2;0;1;1;0;0;0;1;793685,4885;5828127,353;13,32976393;52,52392817
143506;11;5;5010339;5100317;2020;9;14;3;3;2;6;0;0;1;0;0;0;0;0;786722,2608;5828228,811;13,22750089;52,52854436
143507;11;11;11030618;11300617;2020;9;17;6;3;5;3;0;0;1;0;0;0;0;0;803238,8032;5829620,344;13,47151001;52,53208058
143508;11;10;10020413;10200418;2020;9;15;2;3;5;7;0;0;1;0;0;0;1;0;810871,5203;5830931,895;13,5849008;52,53953473
143509;11;6;6040810;6400844;2020;9;16;3;3;2;6;0;1;0;0;0;0;1;0;791318,738;5820656,29;13,28844601;52,45822003
143510;11;6;6020409;6200421;2020;9;13;6;3;2;6;0;0;1;0;0;0;1;0;793095,5347;5816656,112;13,31101361;52,42140922
143511;11;12;12302110;12601235;2020;9;12;4;3;2;6;0;0;1;0;0;0;1;0;795428,9246;5836387,676;13,36274023;52,59703244
143512;11;9;9010402;9100409;2020;9;20;2;3;9;1;2;0;0;0;1;0;0;0;806093,7103;5819155,607;13,50385824;52,43669611
143513;11;7;7010102;7100103;2020;9;8;4;3;3;5;0;1;1;0;0;0;0;0;795720,6795;5824969,957;13,35686933;52,49452475
143514;11;11;11010205;11100204;2020;9;18;5;3;5;3;0;1;1;0;0;0;0;0;806580,6788;5833458,008;13,52416549;52,56460487
143515;11;1;1011304;1100311;2020;9;18;7;3;3;6;1;0;1;0;1;0;0;1;799528,3257;5828110,452;13,41561356;52,52059838
143516;11;5;5020625;5200629;2020;9;12;3;3;6;2;0;0;1;1;0;0;0;0;784705,9694;5828611,89;13,19818734;52,53303587
143517;11;8;8020726;8200831;2020;9;16;3;3;5;2;0;1;1;0;0;0;0;0;799653,3787;5816431,802;13,40696283;52,41584725
143518;11;1;1011402;1100416;2020;9;10;6;3;2;6;0;0;1;0;0;0;0;1;798131,7173;5829895,858;13,39669193;52,53736754
143519;11;10;10010206;10100209;2020;9;11;2;3;5;5;0;0;1;0;0;0;0;0;809742,6731;5832093,442;13,5693927;52,55058674
143520;11;4;4030518;4300517;2020;9;19;7;3;5;3;2;0;1;0;0;0;0;1;791908,3135;5828208,066;13,30371471;52,52560613
143521;11;1;1022104;1200520;2020;9;8;3;3;0;6;0;1;0;0;0;0;0;0;794545,2085;5829059,209;13,34322467;52,53181786
143522;11;1;1011204;1100207;2020;9;16;3;3;0;3;0;1;1;0;0;0;0;0;798559,8744;5826813,386;13,40021877;52,50950305
143523;11;2;2020203;2200208;2020;9;14;3;3;5;2;0;1;1;0;0;0;0;0;797833,5347;5824902,021;13,38783859;52,49276699
143524;11;2;2010104;2100106;2020;9;14;6;3;3;6;0;1;0;0;0;0;0;1;799442,4498;5825663,528;13,41215034;52,49871256
143525;11;11;11020514;11200513;2020;9;7;2;3;6;4;0;0;1;1;0;0;0;0;804247,3672;5830341,074;13,48699242;52,53797818
143526;11;2;2030402;2300419;2020;9;16;3;3;5;7;0;0;1;0;0;0;0;0;801821,9755;5825758,408;13,44718327;52,49825219
143527;11;12;12103116;12100102;2020;9;12;6;2;5;3;0;0;1;0;1;0;0;1;796595,9848;5833588,48;13,37741486;52,57130574
143528;11;4;4030931;4501042;2020;9;17;2;3;5;2;0;0;1;0;1;0;0;0;794465,6723;5825855,207;13,33921964;52,50313903
143529;11;1;1044201;1401045;2020;9;20;3;3;5;7;2;0;1;0;0;0;0;0;796871,0895;5831556,18;13,37964395;52,55293861
143530;11;2;2050801;2500830;2020;9;12;5;3;0;1;0;1;1;0;0;0;0;0;802318,0611;5827476,536;13,45602898;52,51337719
143531;11;8;8010303;8100314;2020;9;15;7;3;2;6;0;0;1;0;0;0;0;1;801284,5666;5823824,864;13,43754256;52,48121835
143532;11;1;1011304;1100311;2020;9;9;3;2;2;2;0;0;1;0;0;0;0;0;799882,5081;5827802,189;13,42054011;52,51764064
143533;11;9;9020502;9200512;2020;9;16;3;3;2;6;0;0;1;0;0;0;0;0;808760,8115;5821605,354;13,54523245;52,45715172
143534;11;3;3040818;3400828;2020;9;9;6;3;5;3;0;0;1;0;1;0;0;1;799709,2193;5832504,313;13,42223513;52,55988278
143535;11;7;7070702;7601443;2020;9;6;4;3;5;3;0;0;1;0;0;0;0;0;800040,9837;5814704,886;13,41109754;52,40015541
143536;11;1;1011105;1100102;2020;9;18;3;3;2;6;0;0;1;0;0;0;0;0;795275,8281;5826627,717;13,35180585;52,50962617
143537;11;2;2040701;2400623;2020;9;17;5;3;6;4;0;0;1;1;0;0;0;0;800658,4592;5827574,637;13,43173558;52,51517382
143538;11;6;6030503;6300526;2020;9;14;4;3;0;4;0;0;0;1;0;0;1;0;789546,3356;5817862,771;13,26001226;52,43411694
143539;11;1;1033102;1300733;2020;9;18;3;3;5;3;0;0;1;0;1;0;0;0;797708,4019;5831748,497;13,39212961;52,55420547
143540;11;4;4030623;4300622;2020;9;18;5;3;3;6;0;1;1;0;0;0;0;0;793533,7353;5826475,852;13,32607653;52,50920497
143541;11;8;8020727;8200832;2020;9;13;1;3;0;5;0;1;0;0;0;0;1;0;801096,5155;5817106,222;13,42872502;52,42110045
143542;11;8;8010404;8100415;2020;9;17;3;3;2;6;0;0;1;0;1;0;0;0;801696,7622;5823726,587;13,44350494;52,48010992
143543;11;1;1033201;1300834;2020;9;13;5;3;5;7;0;0;0;0;1;0;1;0;798022,9455;5830083,927;13,39526162;52,53911282
143544;11;1;1044203;1401049;2020;9;13;7;3;2;6;0;0;1;0;0;0;0;1;795779,1087;5831876,912;13,36387096;52,55640775
143545;11;8;8041037;8401243;2020;9;17;3;3;1;5;0;1;1;0;0;0;0;0;805443,446;5817253,36;13,49258499;52,42001046
143546;11;6;6040806;6400840;2020;9;15;3;3;5;2;0;0;1;0;0;0;0;0;788837,3663;5819591,062;13,25110649;52,44998683
143547;11;1;1033203;1300836;2020;9;7;6;3;2;6;0;0;1;0;0;0;0;1;796932,5567;5830176,034;13,37931396;52,54053369
143548;11;1;1033102;1300733;2020;9;13;2;2;6;4;0;0;0;1;0;0;1;0;797282,7886;5831280,611;13,38545156;52,55024393
143549;11;4;4030827;4300623;2020;9;2;4;3;5;3;2;1;1;0;0;0;0;0;792725,1237;5826087,538;13,31385456;52,50615836
143550;11;8;8020620;8200624;2020;9;18;3;3;2;2;0;0;1;0;1;0;0;0;801446,7857;5820650,327;13,43705627;52,45267464
143551;11;2;2020203;2200209;2020;9;16;5;3;2;6;0;0;1;0;0;0;0;0;797118,6145;5824073,186;13,37660046;52,48572695
143552;11;6;6030609;6300633;2020;9;10;1;3;5;3;0;1;1;0;0;0;0;0;793274,6101;5818923,121;13,31562781;52,44163655
143553;11;2;2030302;2300316;2020;9;15;3;3;5;3;0;1;0;0;0;0;0;0;801612,494;5826024,495;13,44434773;52,50075298
143554;11;1;1011105;1100102;2020;9;19;6;3;2;6;2;0;1;0;0;0;0;1;796264,2509;5826263,055;13,3660029;52,50582142
143555;11;4;4030519;4300518;2020;9;8;3;3;5;2;0;1;0;0;0;1;0;0;792078,1448;5828573,632;13,30653204;52,52879239
143556;11;1;1011105;1100102;2020;9;18;1;3;5;2;1;1;1;0;0;0;0;1;796643,2152;5826640,567;13,37190639;52,50899952
143557;11;9;9010101;9100101;2020;9;16;3;3;5;2;0;1;1;0;0;0;0;0;802535,475;5824559,968;13,4565736;52,48711554
143558;11;4;4020314;4200311;2020;9;9;6;3;5;2;0;1;0;0;0;1;0;1;790024,888;5825236,71;13,27344124;52,49997271
143559;11;7;7030301;7300517;2020;9;8;3;3;2;6;0;0;1;0;0;1;0;0;793974,3813;5822305,167;13,32887112;52,47157953
143560;11;9;9020601;9200613;2020;9;18;3;2;0;1;0;0;0;0;1;0;0;0;805853,1589;5821777,247;13,50273092;52,46032716
143561;11;1;1022207;1200629;2020;9;6;6;3;5;3;1;0;1;0;0;0;0;1;794393,8889;5827610,293;13,33971761;52,51891102
143562;11;1;1011202;1100206;2020;9;21;4;2;2;2;2;1;0;0;0;0;0;0;797160,435;5827685,961;13,38043848;52,51808883
143563;11;12;12214424;12200309;2020;9;12;2;2;5;7;0;0;1;0;1;0;0;0;793350,91;5832401,15;13,32862075;52,56242066
143564;11;1;1033201;1300834;2020;9;12;4;3;3;6;0;0;0;0;1;0;1;0;798170,4794;5830041,852;13,39739274;52,53865497
143565;11;7;7010102;7100102;2020;9;15;4;3;2;6;0;0;1;0;1;0;0;0;795038,5044;5825685,892;13,34748445;52,50131179
143566;11;4;4051446;4501043;2020;9;12;5;3;5;3;0;1;1;0;0;0;0;0;792875,3777;5824762,128;13,3148964;52,49419585
143567;11;1;1011101;1100101;2020;9;21;7;3;2;5;2;0;1;0;0;0;0;1;794480,0566;5826092,239;13,33964059;52,50525611
143568;11;8;8020622;8200726;2020;9;15;3;3;5;3;0;1;1;0;0;0;0;0;801245,4448;5819770,981;13,43330933;52,44490376
143569;11;1;1033202;1300835;2020;9;15;4;3;2;7;0;1;1;0;0;0;0;0;797261,8859;5829749,466;13,38377402;52,53653046
143570;11;2;2050801;2500831;2020;9;16;6;2;6;4;0;0;1;1;0;0;0;0;803120,3812;5827108,09;13,46748023;52,5096296
143571;11;5;5030832;5300841;2020;9;20;2;3;0;7;2;1;0;0;0;0;0;0;789667,618;5829233,852;13,2716733;52,53599761
143572;11;4;4030415;4300412;2020;9;17;3;3;1;5;0;1;1;0;0;0;0;0;790653,1259;5827350,37;13,28451582;52,51858751
143573;11;1;1044101;1400938;2020;9;13;6;3;5;2;0;1;1;0;0;0;0;1;794402,8698;5830548,728;13,3424521;52,54524727
143574;11;4;4030931;4501042;2020;9;18;2;3;1;5;1;1;1;0;0;0;0;0;794108,7338;5825965,223;13,33407337;52,50431777
143575;11;3;3050923;3500934;2020;9;7;3;3;0;7;0;1;0;1;0;0;0;0;801185,5494;5831980,644;13,44347229;52,55437456
143576;11;6;6010208;6100208;2020;10;21;6;3;5;7;2;0;1;0;0;0;0;0;794748,2301;5820259,524;13,33842439;52,45282445
143577;11;11;11040926;11400929;2020;10;16;4;3;0;1;0;1;0;0;0;0;0;1;804787,4252;5826285,917;13,49121518;52,50133204
143578;11;1;1044103;1400942;2020;10;18;3;2;5;2;0;0;1;0;0;0;1;0;794490,3273;5830675,284;13,34385028;52,54633449
143579;11;8;8010303;8100314;2020;10;18;3;3;5;3;2;0;1;0;0;0;1;1;800680,0821;5824253,344;13,42905465;52,48539214
143580;11;2;2010101;2100101;2020;10;16;6;3;2;6;0;0;1;0;0;0;0;0;797617,5084;5826423,022;13,38602532;52,50651884
143581;11;10;10020413;10200418;2020;10;17;4;3;1;5;0;0;1;0;0;0;1;0;811091,5306;5831572,307;13,58873399;52,5451481
143582;11;6;6010101;6100101;2020;10;16;6;3;4;6;0;0;1;0;1;0;0;0;793380,6223;5820710,658;13,31875307;52,45760447
143583;11;1;1011301;1100308;2020;10;13;3;2;5;3;0;0;0;0;1;0;0;0;797609,2316;5828369,677;13,38764487;52,52397279
143584;11;1;1011101;1100101;2020;10;19;7;3;0;1;2;0;0;0;0;0;1;0;795260,1642;5826605,144;13,35155569;52,5094323
143585;11;3;3010101;3100101;2020;10;17;3;3;5;2;1;1;1;0;0;0;0;0;801022,5187;5842286,518;13,45044528;52,64683587
143586;11;9;9010402;9100409;2020;10;20;6;2;0;1;2;1;0;0;0;0;0;0;806783,4516;5820227,156;13,51495655;52,44591331
143587;11;7;7050505;7501134;2020;10;13;6;3;6;4;0;0;1;1;0;0;0;0;799330,6315;5819051,779;13,40457627;52,43950863
143588;11;3;3040614;3400725;2020;10;12;4;3;6;4;0;0;1;1;0;0;0;0;798840,6861;5834952,746;13,41166742;52,58230649
143589;11;3;3071536;3701554;2020;10;13;3;3;5;7;0;1;1;0;0;0;0;0;799104,0843;5830031,888;13,41110822;52,53805404
143590;11;3;3051021;3501037;2020;10;15;6;3;5;3;0;1;1;0;0;0;0;0;803049,2221;5832687,663;13,47152233;52,55967763
143591;11;9;9052001;9502043;2020;10;7;4;3;5;3;0;0;1;0;1;0;0;0;809220,7222;5823022,745;13,55329268;52,46959418
143592;11;12;12103218;12100205;2020;10;14;6;3;5;3;0;1;1;0;0;0;0;0;794848,796;5833266,14;13,3514229;52,5693655
143593;11;8;8010118;8100105;2020;10;7;4;3;2;6;0;0;1;0;0;0;1;1;801000,6894;5822169,522;13,43188121;52,46653754
143594;11;8;8010303;8100314;2020;10;9;6;3;5;3;0;0;1;0;0;0;1;0;800333,1444;5824344,674;13,42404307;52,48640172
143595;11;4;4020311;4200309;2020;10;14;7;2;2;6;0;1;0;0;1;0;0;0;788976,5591;5827064,178;13,2596274;52,51691273
143596;11;8;8020620;8200624;2020;10;13;3;3;5;3;0;1;1;0;0;0;0;0;801169,2593;5820609,163;13,43294746;52,45245865
143597;11;1;1044203;1401048;2020;10;2;6;3;0;7;2;0;1;0;0;0;0;0;795530,4035;5830896,949;13,35934089;52,54775831