OBJECTID;LAND;BEZ;LOR;LOR_ab_2021;UJAHR;UMONAT;USTUNDE;UWOCHENTAG;UKATEGORIE;UART;UTYP1;ULICHTVERH;IstRad;IstPKW;IstFuss;IstKrad;IstGkfz;IstSonstige;USTRZUSTAND;LINREFX;LINREFY;XGCSWGS84;YGCSWGS84
144378;11;4;4030929;4501040;2020;10;9;3;3;0;7;0;1;1;0;0;0;0;1;792425,3893;5825613,713;13,30903484;52,50207139
144379;11;9;9010302;9100306;2020;10;18;7;1;3;6;2;0;1;0;1;0;0;0;804626,6973;5820775,556;13,48382143;52,45203431
144380;11;6;6030607;6300631;2020;10;9;6;3;5;2;0;1;1;0;0;0;0;0;790988,1461;5815767,012;13,27933802;52,4145629
144381;11;4;4030415;4300412;2020;10;8;4;3;5;2;0;1;1;0;0;0;0;1;790798,2721;5827376,251;13,28667154;52,51874215
144382;11;7;7040403;7400823;2020;10;18;6;2;6;4;2;0;1;1;0;0;0;1;796834,9835;5822351,522;13,3709032;52,47044815
144383;11;7;7040402;7400822;2020;10;16;6;3;2;6;0;0;1;0;0;0;0;1;796819,6477;5821681,474;13,37008205;52,46445013
144384;11;1;1011306;1100313;2020;10;8;3;2;5;3;0;1;1;0;0;0;0;0;799902,9447;5826513,889;13,41967947;52,50608184
144385;11;4;4030931;4501042;2020;10;12;3;2;6;2;0;0;0;1;0;0;1;0;793949,4637;5826056,941;13,33181458;52,5052258
144386;11;2;2020203;2200208;2020;10;11;2;3;2;7;0;0;0;0;1;0;1;1;797533,7935;5824977,69;13,38350427;52,49360873
144387;11;1;1044201;1401044;2020;10;6;6;3;5;2;1;1;1;0;0;0;0;1;796174,8028;5831502,762;13,36935671;52,55283884
144388;11;1;1011103;1100103;2020;10;23;6;3;0;1;2;0;0;0;1;0;0;1;795419,9587;5825815,615;13,35320276;52,50226828
144389;11;3;3030406;3300413;2020;10;22;3;3;5;2;2;0;1;0;0;0;0;0;802821,4385;5837473,588;13,47254492;52,60269913
144390;11;1;1011302;1100309;2020;10;13;5;3;0;3;0;1;0;0;1;0;0;1;798543,1682;5828979,188;13,40191701;52,52892564
144391;11;2;2020206;2200213;2020;10;22;6;3;2;5;2;0;1;0;1;0;0;1;800235,5491;5824612,506;13,42285137;52,48885608
144392;11;8;8010404;8100415;2020;10;22;6;3;0;3;2;0;1;0;1;0;0;1;801998,1851;5823293,242;13,44753744;52,47605918
144393;11;2;2040501;2400520;2020;10;6;3;2;4;6;2;1;1;0;0;0;0;1;800416,4816;5828262,206;13,42880127;52,52147003
144394;11;10;10030727;10300734;2020;10;15;5;2;3;6;0;1;0;0;0;0;0;0;809599,694;5826478,141;13,56206307;52,50034587
144395;11;4;4051549;4501146;2020;10;21;6;3;2;6;2;0;1;0;0;0;0;1;792461,4182;5824086,186;13,30822303;52,48835816
144396;11;9;9020802;9200819;2020;10;7;3;3;1;5;0;1;0;0;0;0;1;0;810697,0458;5819283,762;13,57147841;52,43524929
144397;11;4;4030931;4501042;2020;10;20;6;3;9;1;2;0;1;1;0;0;0;1;793523,9259;5825789,314;13,3253271;52,50305575
144398;11;1;1011302;1100309;2020;10;20;6;3;0;1;2;1;0;0;0;0;0;1;798528,5915;5829003,996;13,40172505;52,52915599
144399;11;12;12214527;12200515;2020;10;17;3;3;5;3;0;0;1;0;0;0;1;0;790140,8828;5835776,637;13,28435343;52,5944018
144400;11;11;11010205;11100204;2020;10;21;4;3;5;3;2;0;1;0;0;0;0;0;806901,7184;5832618,583;13,52811066;52,55690107
144401;11;6;6020304;6200314;2020;10;19;6;3;6;2;2;0;1;1;0;0;0;1;794703,28;5818070,674;13,33583436;52,43322671
144402;11;7;7020204;7200413;2020;10;19;6;3;6;2;2;0;1;1;0;0;0;1;796058,0849;5823338,617;13,36037559;52,47971826
144403;11;10;10020415;10200422;2020;10;17;3;3;0;2;0;0;1;0;0;0;1;0;812177,7172;5831100,83;13,60425655;52,54030191
144404;11;5;5010311;5100313;2020;10;13;3;3;0;4;0;0;0;1;0;0;1;0;785358,2131;5830176,266;13,2091206;52,54672075
144405;11;2;2050602;2500727;2020;10;9;6;3;5;7;0;0;1;0;1;0;0;1;802307,2907;5827985,711;13,45633336;52,51794688
144406;11;1;1011203;1100206;2020;10;19;6;3;5;3;2;1;1;0;0;0;0;1;797876,688;5827467,187;13,39076724;52,51573705
144407;11;11;11020412;11200513;2020;10;19;3;3;5;2;2;1;0;0;1;0;0;0;804862,3286;5831321,034;13,4969307;52,54641735
144408;11;8;8020622;8200727;2020;10;19;5;3;5;3;2;1;1;0;0;0;0;0;801325,5356;5819483,44;13,43422486;52,4422823
144409;11;7;7020203;7200409;2020;10;15;5;3;1;5;0;1;1;0;0;0;0;0;795666,4392;5824477,037;13,35563529;52,4901355
144410;11;11;11051332;11501341;2020;10;14;6;3;6;2;0;0;1;1;0;0;0;1;806846,17;5824116,281;13,51945187;52,48073358
144411;11;1;1011304;1100311;2020;10;14;6;3;2;6;0;0;1;0;0;0;0;1;799988,179;5827427,911;13,42175531;52,51422773
144412;11;7;7040403;7400823;2020;10;16;3;3;1;5;0;1;1;0;0;0;0;0;797317,307;5821724,638;13,37742435;52,46456648
144413;11;4;4030415;4300412;2020;10;14;4;3;0;1;0;0;0;0;1;0;0;1;790711,7284;5827743,645;13,28572077;52,52208197
144414;11;4;4010102;4100101;2020;10;13;6;3;4;6;0;0;1;0;0;0;0;0;793065,6732;5830273,773;13,32254696;52,54350338
144415;11;11;11051331;11501340;2020;10;16;3;3;3;6;0;0;1;0;0;1;0;0;807318,1523;5824802,338;13,52701245;52,48661673
144416;11;10;10020622;10200629;2020;10;11;4;3;0;7;0;1;0;0;0;0;0;1;810632,2513;5827984,446;13,57863093;52,51325784
144417;11;10;10030724;10300731;2020;10;11;6;3;0;6;0;0;1;0;0;0;1;0;809604,3928;5828577,382;13,56408461;52,51915588
144418;11;6;6030608;6300632;2020;10;10;6;3;3;6;0;1;1;0;0;0;0;0;792500,0282;5817218,661;13,30277329;52,42677107
144419;11;1;1033203;1300836;2020;10;16;3;3;5;3;0;0;1;0;0;0;0;0;796279,5402;5830398,124;13,36991148;52,54287995
144420;11;3;3030405;3300411;2020;10;18;3;3;5;3;2;0;1;0;1;0;0;0;803792,34;5839341,198;13,48855166;52,61889586
144421;11;7;7040403;7400825;2020;10;7;6;3;5;7;0;0;1;0;0;0;1;1;797420,1847;5820800,922;13,37811121;52,45623031
144422;11;8;8020625;8200730;2020;10;9;6;3;0;6;0;0;1;0;0;0;0;1;802490,5225;5818949,275;13,45082899;52,43685134
144423;11;1;1033202;1300835;2020;10;7;3;3;5;3;0;1;1;0;0;0;0;0;796983,6117;5830179,325;13,3800675;52,54053537
144424;11;2;2040502;2400521;2020;10;10;5;3;0;2;0;1;1;0;0;0;0;1;800865,2094;5828319,39;13,43544671;52,52173519
144425;11;11;11010205;11100204;2020;10;9;5;2;5;3;0;0;1;0;0;0;0;1;806901,9659;5832618,829;13,52811453;52,55690313
144426;11;2;2050801;2500831;2020;10;9;6;3;2;7;0;1;1;0;0;1;0;1;803063,7653;5827241,136;13,4667697;52,51085353
144427;11;4;4051448;4501045;2020;10;9;6;3;1;5;0;1;1;0;0;0;0;0;793992,8401;5825413,032;13,33188331;52,49943012
144428;11;12;12304314;12500824;2020;10;16;3;3;0;1;0;1;0;0;0;0;0;0;790510,2628;5835338,855;13,28940728;52,59027997
144429;11;7;7040405;7400927;2020;10;7;4;3;1;5;0;1;0;0;0;1;0;0;797872,8645;5820795,109;13,38474842;52,45593168
144430;11;5;5010313;5100315;2020;10;10;2;3;5;2;0;0;1;0;0;0;0;0;784655,9027;5829703,647;13,19838653;52,5428507
144431;11;3;3030715;3300516;2020;10;19;6;3;5;2;2;0;1;0;0;0;0;1;800120,3031;5833867,357;13,4295141;52,57187364
144432;11;1;1022106;1200522;2020;10;7;6;2;0;7;0;1;0;0;0;0;0;1;794119,8094;5828236,889;13,33624403;52,52467598
144433;11;4;4030828;4300624;2020;10;15;3;3;2;6;0;0;1;0;0;0;0;0;793008,1683;5826100,954;13,3180247;52,50612669
144434;11;5;5040934;5400942;2020;10;15;3;2;4;6;0;0;1;0;0;0;0;0;784004,8599;5823202,454;13,18326324;52,48489969
144435;11;5;5010313;5100315;2020;10;14;6;3;2;6;0;0;1;0;0;0;0;1;784921,6814;5829490,922;13,20211259;52,5408045
144436;11;4;4030724;4300415;2020;10;7;6;3;0;2;1;1;0;0;0;0;1;1;790710,1375;5825857,98;13,28405;52,5051778
144437;11;2;2010103;2100105;2020;10;6;6;3;2;6;1;0;1;0;0;0;0;0;799855,1335;5825758,205;13,41829666;52,49933459
144438;11;8;8010510;8100521;2020;10;14;3;3;2;2;0;0;1;0;0;0;0;0;803168,9857;5822295,169;13,46381612;52,46646492
144439;11;9;9010401;9100407;2020;10;17;3;3;0;3;2;1;0;0;0;0;1;0;806393,494;5821056,942;13,50999795;52,45356884
144440;11;5;5030730;5300735;2020;10;12;6;3;5;2;0;0;1;0;0;0;0;1;786563,9506;5830551,272;13,2271767;52,54945001
144441;11;6;6010209;6100209;2020;10;5;6;3;0;7;2;0;0;0;1;0;0;1;794286,3183;5820861,692;13,33217732;52,45847149
144442;11;8;8020619;8200623;2020;10;17;5;3;5;3;2;1;1;0;0;0;0;0;801400,138;5821124,362;13,43679975;52,45694928
144443;11;3;3020209;3200205;2020;10;7;5;3;5;3;0;1;1;0;0;0;0;1;797194,6168;5835575,562;13,38800344;52,58879083
144444;11;7;7050503;7501031;2020;10;0;6;3;2;7;2;0;1;0;0;0;0;1;799454,8068;5820511,423;13,40770591;52,45252442
144445;11;3;3050923;3500934;2020;10;11;6;3;1;5;0;0;1;0;0;0;0;0;800378,0353;5832257,696;13,43184831;52,55730379
144446;11;7;7020202;7200308;2020;10;14;3;3;6;4;0;0;1;1;0;0;0;0;794814,6855;5823199,634;13,34199702;52,47914503
144447;11;1;1011202;1100206;2020;10;17;4;3;6;2;1;0;1;1;0;0;0;0;797923,7232;5827953,578;13,3918939;52,52007124
144448;11;12;12103218;12100205;2020;10;9;2;3;5;2;0;1;0;0;0;1;0;1;795445,814;5834160,123;13,36100257;52,57705549
144449;11;2;2030301;2300314;2020;10;18;6;2;5;3;2;1;1;0;0;0;0;1;800040,7759;5826343,659;13,42155071;52,50448023
144450;11;10;10020413;10200420;2020;10;11;6;3;2;6;0;0;0;0;1;0;1;0;811156,7107;5830746,59;13,58891877;52,5377114
144451;11;2;2040503;2400522;2020;10;6;3;3;2;3;0;0;1;0;0;0;0;0;801337,0172;5828711,608;13,4427349;52,52499017
144452;11;1;1011305;1100312;2020;10;8;5;3;5;2;0;1;1;0;0;0;0;1;799657,7984;5827045,438;13,41655691;52,51098106
144453;11;3;3050925;3500936;2020;10;12;6;3;0;3;0;1;0;0;0;0;1;0;801852,152;5831396,023;13,45274314;52,54876561
144454;11;12;12304314;12500824;2020;10;18;2;3;2;6;2;0;1;0;0;0;0;1;790672,3996;5835987,71;13,29236339;52,59601021
144455;11;1;1022204;1200626;2020;10;13;6;3;2;6;0;0;1;0;0;0;0;0;795486,8828;5828204,005;13,35630657;52,52364203
144456;11;12;12302107;12601236;2020;10;14;6;2;5;3;0;0;1;0;0;0;1;1;794328,9527;5835710,638;13,34594565;52,59155982
144457;11;12;12214422;12200310;2020;10;16;4;3;2;6;1;0;1;0;1;0;0;0;792259,8278;5833412,174;13,31346145;52,57207086
144458;11;1;1022206;1200628;2020;10;14;6;3;5;2;0;0;1;0;1;0;0;1;795538,7747;5828196,802;13,3570628;52,52354933
144459;11;8;8020727;8200832;2020;10;14;6;3;2;2;0;0;1;0;0;0;1;1;801212,986;5817164,813;13,43048533;52,42156154
144460;11;5;5010314;5100316;2020;10;15;6;3;2;6;0;0;1;0;0;0;0;0;784830,1916;5829230,995;13,20054437;52,53852184
144461;11;2;2030301;2300314;2020;10;15;6;3;0;5;1;0;1;0;1;0;0;1;799756,5106;5826037,547;13,4170996;52,50189264
144462;11;12;12301204;12500927;2020;10;6;5;3;5;2;1;0;1;0;0;1;0;1;792647,7006;5835833,678;13,32130665;52,59357001
144463;11;5;5030832;5300841;2020;10;16;6;3;2;7;0;0;1;0;1;0;0;1;789828,6688;5829259,986;13,27406389;52,53614627
144464;11;8;8010510;8100521;2020;10;16;6;3;5;3;0;0;1;0;1;0;0;1;802044,01;5822141,53;13,44716737;52,46571089
144465;11;5;5030731;5300737;2020;10;13;3;3;6;2;0;0;1;1;0;0;0;0;786962,1661;5829581,364;13,23219549;52,54054458
144466;11;9;9020502;9200511;2020;10;6;4;3;1;5;0;1;1;0;0;0;0;1;807764,3555;5822130,948;13,53109817;52,46242416
144467;11;2;2050802;2500833;2020;10;9;2;3;5;3;0;1;1;0;0;0;0;1;802851,6144;5826924,139;13,46336477;52,50813015
144468;11;2;2040503;2400522;2020;10;17;6;3;5;7;2;1;0;0;0;0;1;1;801464,8936;5828060,698;13,44402412;52,5190853
144469;11;4;4041241;4400832;2020;10;17;6;3;0;3;1;1;1;0;0;0;0;1;791345,5556;5821989,792;13,29000374;52,47016063
144470;11;10;10020622;10200629;2020;10;13;5;3;1;5;0;0;1;0;0;0;0;1;811188,7179;5828474,304;13,58726265;52,51733046
144471;11;3;3030715;3300516;2020;10;17;6;2;4;1;0;0;1;0;0;0;0;1;800996,9482;5833688,504;13,44224808;52,5697865
144472;11;2;2010102;2100102;2020;10;12;3;3;1;5;0;1;1;0;0;0;0;0;798323,0821;5826242,319;13,39622831;52,50451372
144473;11;1;1011401;1100415;2020;10;15;5;3;6;7;0;0;0;1;0;0;1;0;798405,2625;5829214,773;13,40010162;52,53111285
144474;11;8;8010214;8100209;2020;10;23;3;3;5;3;2;0;1;0;0;0;0;1;801398,4445;5821866,263;13,43744474;52,46360009
144475;11;1;1011303;1100310;2020;10;7;4;3;5;2;1;1;1;0;0;0;0;0;799483,2108;5828847,47;13,41561431;52,52722939
144476;11;7;7060604;7601339;2020;10;18;5;3;1;5;1;1;1;0;0;0;0;0;795579,4204;5816081,281;13,34692658;52,41492025
144477;11;4;4030725;4300416;2020;10;12;5;3;2;6;0;0;1;0;0;0;0;0;792011,7446;5825947,878;13,30325134;52,50528864
144478;11;9;9051702;9501737;2020;10;21;3;2;0;1;2;0;0;0;1;0;0;1;813876,5792;5821794,599;13,62045522;52,45593392
144479;11;4;4051446;4501043;2020;10;11;3;3;5;2;0;1;1;0;0;0;0;0;792831,3915;5824347,716;13,31388612;52,49050436
144480;11;2;2010102;2100102;2020;10;20;6;2;6;2;2;0;1;1;0;0;0;1;798440,6577;5826525,811;13,39820954;52,50699055
144481;11;1;1033201;1300834;2020;10;19;5;3;3;5;2;0;1;0;1;0;0;0;798259,5751;5830634,85;13,39923487;52,54392162
144482;11;6;6020302;6200312;2020;10;23;2;3;3;6;2;1;1;0;0;0;0;0;794521,2691;5819136,342;13,33410385;52,44287798
144483;11;9;9020702;9200717;2020;10;20;3;3;9;1;2;0;1;0;0;0;0;1;809747,9641;5820508,847;13,55869744;52,44676653
144484;11;3;3061228;3601245;2020;10;11;3;3;2;6;0;0;1;0;0;0;0;0;800448,3299;5831508,513;13,43220407;52,55054993
144485;11;7;7020201;7200307;2020;10;9;6;3;5;3;0;1;1;0;0;0;0;1;794981,1599;5824062,578;13,34520476;52,48679087
144486;11;3;3040818;3400826;2020;10;13;5;3;0;7;0;0;1;0;0;0;0;0;798429,6547;5832314,539;13,40324514;52,55888449
144487;11;3;3040513;3400620;2020;10;13;5;2;4;6;0;0;1;0;0;0;0;1;796880,2844;5833869,104;13,38184868;52,5736662
144488;11;7;7030301;7300515;2020;10;13;5;3;5;3;0;1;0;0;0;0;0;0;793630,934;5822673,567;13,3241537;52,47506681
144489;11;4;4030623;4300622;2020;10;12;5;3;5;3;0;0;1;0;0;0;0;0;793162,5557;5826882,531;13,32098126;52,51305028
144490;11;11;11041022;11401032;2020;10;18;2;3;5;3;2;0;1;0;0;0;0;0;806594,7517;5827752,873;13,51910845;52,51346681
144491;11;1;1011201;1100205;2020;10;13;4;3;2;2;0;1;1;0;0;0;0;0;796960,7949;5826702,83;13,37662758;52,50938487
144492;11;9;9020601;9200613;2020;10;12;5;3;2;2;0;0;1;0;0;0;0;0;806885,1935;5821184,106;13,51732803;52,45443271
144493;11;10;10010203;10100205;2020;10;12;5;3;5;3;0;0;1;0;1;0;0;0;807643,3768;5830813,842;13,53734421;52,54030871
144494;11;12;12214422;12200310;2020;10;23;2;3;5;3;2;0;1;0;0;0;0;0;792342,0842;5833912,89;13,31511319;52,57651539
144495;11;4;4030827;4300623;2020;10;10;3;3;5;7;0;1;1;0;0;0;0;1;792729,5404;5826185,73;13,31400579;52,50703626
144496;11;7;7040401;7400721;2020;10;6;6;3;5;2;2;0;1;0;0;0;0;1;797824,7444;5822576,57;13,38563207;52,47192676
144497;11;1;1011102;1100102;2020;10;12;5;3;0;2;0;1;0;0;1;0;0;0;795130,6908;5827081,683;13,35007608;52,51377419
144498;11;5;5010339;5100317;2020;10;10;5;3;2;7;0;0;1;0;0;0;0;1;787581,1543;5828025,71;13,23995132;52,52627102
144499;11;1;1011301;1100308;2020;10;8;5;3;3;6;0;1;1;0;0;0;0;1;797378,2091;5828938,959;13,38475888;52,52920178
144500;11;11;11020515;11200514;2020;10;12;5;2;5;2;0;1;1;0;0;0;0;0;803356,1336;5830074,944;13,47364932;52,53608975
144501;11;2;2020204;2200210;2020;10;12;5;3;5;3;0;0;1;0;0;0;0;0;798426,0281;5824780,079;13,3964304;52,49135032
144502;11;8;8010303;8100314;2020;10;22;2;3;5;2;2;1;1;0;0;0;0;0;801016,9429;5823888,169;13,43367078;52,48193336
144503;11;3;3061434;3601451;2020;10;15;4;3;2;6;0;0;1;0;0;0;0;1;801343,5706;5829649,052;13,44368088;52,53338895
144504;11;9;9020701;9200715;2020;10;18;5;3;5;3;2;1;1;0;0;0;0;0;808648,5022;5819159,509;13,54132534;52,43529547
144505;11;8;8010404;8100416;2020;10;15;5;2;0;7;0;1;0;0;0;0;0;1;801944,3346;5823069,31;13,44654425;52,47408182
144506;11;7;7060602;7601237;2020;10;10;5;2;2;2;0;0;1;0;1;0;0;0;797621,8669;5816599,333;13,37732961;52,41845741
144507;11;4;4030725;4300416;2020;10;10;5;3;5;7;0;1;1;0;0;0;0;0;791512,5492;5826316,126;13,29623987;52,50885689
144508;11;10;10040830;10400837;2020;10;17;2;3;5;3;1;1;1;0;0;0;0;0;810607,3876;5825514,421;13,57596189;52,49113689
144509;11;6;6020305;6200316;2020;10;14;4;3;5;2;0;0;1;0;1;0;0;0;796056,2872;5817531,047;13,35520048;52,42765873
144510;11;5;5010311;5100313;2020;10;15;6;3;2;6;0;0;1;0;0;0;0;1;785419,251;5830447,447;13,21025136;52,54912014
144511;11;3;3071536;3701554;2020;10;10;5;3;1;5;0;1;1;0;0;0;0;0;799057,3303;5829842,291;13,4102503;52,53638026
144512;11;4;4030416;4300413;2020;10;8;2;3;6;7;0;1;0;1;0;0;0;1;791019,8198;5827153,104;13,28973224;52,51662346
144513;11;2;2010103;2100105;2020;10;21;3;3;5;3;2;1;1;0;0;0;0;0;799559,584;5825858,439;13,41404601;52,50039535
144514;11;4;4020314;4200311;2020;10;14;6;3;2;6;0;0;1;0;0;0;0;1;790115,8716;5825349,896;13,27487642;52,50093908
144515;11;6;6010206;6100206;2020;10;9;5;3;1;6;0;0;1;0;0;0;0;0;794745,6231;5819883,617;13,3380544;52,44945605
144516;11;7;7030303;7300619;2020;10;18;2;3;5;2;1;0;1;0;0;0;0;1;794592,1238;5821848,529;13,33753609;52,46715322
144517;11;6;6030609;6300633;2020;10;15;5;2;0;7;0;1;1;0;0;0;0;1;792269,0135;5818679,095;13,30066207;52,43998726
144518;11;7;7040403;7400823;2020;10;8;5;3;1;5;0;1;1;0;0;0;0;0;797292,6788;5821261,966;13,37665079;52,46043248
144519;11;5;5020625;5200629;2020;10;7;5;3;5;2;0;1;1;0;0;0;0;1;784350,1636;5828098,776;13,19251709;52,528621
144520;11;8;8020619;8200622;2020;10;23;5;3;1;5;2;0;1;0;1;0;0;0;801656,9306;5821522,308;13,44092714;52,4603745
144521;11;1;1033102;1300733;2020;10;22;5;3;2;6;2;0;1;0;0;0;0;0;797169,922;5831918,545;13,38436288;52,55602381
144522;11;2;2010102;2100102;2020;10;11;2;3;5;2;0;1;0;0;0;0;1;0;798333,2558;5825618,414;13,39581881;52,49891565
144523;11;3;3061228;3601245;2020;10;18;4;2;5;2;2;1;1;0;0;0;0;0;800193,9661;5830930,274;13,42794121;52,54550727
144524;11;1;1033201;1300834;2020;10;9;2;3;2;6;0;0;0;0;0;0;1;1;798039,4897;5830076,969;13,39549859;52,5390414
144525;11;1;1011101;1100101;2020;10;17;6;3;0;2;1;1;0;0;1;0;0;1;795229,5879;5826625,582;13,3511246;52,50963207
144526;11;8;8010214;8100209;2020;10;20;5;3;5;3;2;0;0;0;1;0;1;0;801192,68;5822115,133;13,43464976;52,46594424
144527;11;6;6040805;6400839;2020;10;15;5;3;6;7;0;1;0;1;0;0;0;0;788593,9249;5819384,405;13,24735567;52,4482626
144528;11;2;2050801;2500832;2020;10;9;2;3;2;6;0;0;1;0;0;0;0;0;803205,7485;5826819,95;13,46847179;52,50699962
144529;11;5;5040934;5400942;2020;10;19;6;2;2;6;2;0;1;0;0;0;0;1;783890,5877;5823465,604;13,18180909;52,48731859
144530;11;1;1033201;1300834;2020;10;19;5;3;0;1;2;1;0;0;0;0;0;0;798432,1319;5830182,313;13,40136536;52,53977079
144531;11;4;4030623;4300622;2020;10;15;3;3;3;6;0;0;1;0;0;0;0;0;793312,0544;5826678,083;13,32299774;52,51113713
144532;11;3;3030406;3300412;2020;10;16;6;3;5;3;0;0;1;0;0;0;0;1;802868,9449;5838271,619;13,47397452;52,60982511
144533;11;9;9010302;9100306;2020;10;20;5;3;3;6;2;1;1;0;0;0;0;0;804496,8767;5819984,605;13,48119598;52,44501754
144534;11;6;6030504;6300528;2020;10;19;5;2;5;2;2;1;0;0;0;0;0;0;789041,577;5816692,179;13,25159635;52,42388892
144535;11;2;2020203;2200209;2020;10;10;5;2;6;4;0;1;1;1;0;0;0;0;797736,303;5824295,647;13,3858689;52,48738458
144536;11;1;1011302;1100309;2020;10;11;4;3;5;2;0;1;1;0;0;0;0;0;797995,716;5828901,88;13,39380154;52,52853222
144537;11;11;11030824;11300826;2020;10;19;5;3;4;6;2;0;1;0;0;0;1;0;803939,6599;5826972,401;13,47939107;52,50795763
144538;11;2;2030302;2300316;2020;10;17;5;3;2;6;0;0;1;0;0;0;0;0;801262,6676;5826188,968;13,43935855;52,50242042
144539;11;4;4020314;4200311;2020;10;11;2;2;0;6;0;0;1;0;1;0;0;0;789803,3863;5825148,196;13,2701103;52,49929684
144540;11;9;9052001;9502043;2020;10;6;4;3;2;6;2;0;1;0;0;0;0;1;809219,6168;5823016,806;13,55327095;52,46954159
144541;11;1;1022101;1200517;2020;10;9;2;3;5;3;0;0;1;0;1;0;0;1;792639,7237;5828688,895;13,31488818;52,52952449
144542;11;12;12103115;12100103;2020;10;9;6;3;5;3;0;1;1;0;0;0;0;1;796316,0948;5833941,572;13,37361261;52,57462325
144543;11;3;3050919;3500932;2020;10;16;5;3;5;3;0;1;1;0;0;0;0;0;801505,3033;5832597,51;13,44873459;52,55972662
144544;11;4;4030620;4300619;2020;10;13;5;3;0;6;0;1;1;0;0;0;0;0;792275,1366;5827416,95;13,30841111;52,51831747
144545;11;11;11051331;11501340;2020;10;15;5;3;5;3;0;1;1;0;0;0;0;0;807536,0329;5824817,287;13,53022489;52,48662803
144546;11;9;9010301;9100304;2020;10;16;5;3;5;2;0;1;1;0;0;0;0;0;804890,1287;5822151,523;13,48894252;52,46421978
144547;11;12;12302110;12601235;2020;10;11;2;3;5;3;0;1;1;0;0;0;0;0;795460,6946;5836375,635;13,36319717;52,59690724
144548;11;2;2010103;2100105;2020;10;11;4;3;2;7;0;1;1;0;0;0;0;0;799717,9978;5825787,297;13,4163087;52,49967069
144549;11;7;7020202;7200308;2020;10;16;5;3;5;5;0;1;1;0;0;0;0;0;794861,4124;5823589,641;13,34302798;52,48261598
144550;11;4;4051655;4501153;2020;10;15;5;3;1;5;0;1;1;0;0;0;0;0;794438,6933;5823271,89;13,3365405;52,47999561
144551;11;7;7030303;7300619;2020;10;9;2;3;0;7;0;0;1;0;0;1;0;1;795383,1108;5821187,678;13,3485612;52,46080205
144552;11;11;11040926;11400931;2020;10;15;5;3;6;3;0;0;1;1;0;0;0;0;806364,1816;5826858,488;13,51489821;52,50558066
144553;11;10;10010102;10100102;2020;10;15;5;3;5;3;0;1;1;0;0;0;0;0;809588,0402;5834275,143;13,56915459;52,57022599
144554;11;1;1011301;1100308;2020;10;9;2;3;5;2;0;1;1;0;0;0;0;1;797042,9862;5829329,126;13,38018045;52,53288195
144555;11;6;6010101;6100101;2020;10;22;4;3;6;4;2;0;1;1;0;0;0;0;793345,5802;5820329,866;13,31790427;52,45420959
144556;11;1;1044102;1400940;2020;10;15;5;3;6;4;0;0;1;1;0;0;0;0;795420,8176;5832292,645;13,35897149;52,56032889
144557;11;3;3061228;3601245;2020;10;8;5;3;2;6;0;0;1;0;1;0;0;0;800153,7847;5830856,3;13,4272836;52,54486636
144558;11;12;12224230;12400619;2020;10;9;2;3;5;3;0;0;1;0;0;0;0;1;787134,919;5836440,241;13,24067438;52,60194672
144559;11;4;4020311;4200310;2020;10;13;3;3;2;2;0;0;1;0;1;0;0;0;789835,8799;5826352,801;13,27163631;52,51007911
144560;11;5;5020625;5200629;2020;10;19;6;3;5;3;2;0;1;0;0;0;0;1;784730,906;5828597,857;13,19854196;52,53289702
144561;11;7;7050501;7501029;2020;10;7;5;2;6;4;1;1;0;1;0;0;0;0;797666,706;5819356,926;13,38044173;52,44315216
144562;11;6;6030503;6300527;2020;10;20;5;3;5;3;2;1;1;0;0;0;0;0;790615,874;5818419,129;13,27618428;52,43853763
144563;11;6;6010102;6100103;2020;10;15;5;3;6;2;0;0;1;1;0;0;0;0;793768,9082;5821140,56;13,32482954;52,46124981
144564;11;6;6030609;6300633;2020;10;0;5;2;5;3;2;0;1;0;0;0;1;0;793262,2662;5819094,13;13,31559681;52,44317623
144565;11;10;10010207;10100210;2020;10;9;2;3;5;3;0;0;1;0;1;0;0;1;808100,938;5831358,172;13,5445744;52,5449284
144566;11;2;2040701;2400521;2020;10;13;4;3;5;2;0;1;1;0;0;0;0;0;800718,1069;5827874,071;13,43288256;52,51782483
144567;11;3;3061227;3601244;2020;10;13;5;3;5;2;0;1;1;0;0;0;0;0;799997,1453;5831717,08;13,42575826;52,55266805
144568;11;1;1033202;1300835;2020;10;8;2;2;0;1;0;0;0;0;1;0;0;1;797848,1562;5829833,294;13,3924674;52,53696179
144569;11;4;4041239;4400830;2020;10;14;3;3;5;2;0;1;1;0;0;0;0;0;791672,1269;5823328,848;13,29596889;52,48199094
144570;11;2;2020204;2200210;2020;10;12;6;3;2;6;0;0;1;0;0;0;0;1;797953,4106;5825272,689;13,38993054;52,49602416
144571;11;3;3061441;3601453;2020;10;13;5;3;5;2;0;1;0;0;1;0;0;0;802377,5485;5828844,226;13,45814609;52,52560274
144572;11;8;8020727;8200832;2020;10;8;2;3;5;3;0;0;1;0;0;0;0;1;801762,473;5816736,79;13,43815534;52,41742231